fpr,tpr,threshold
0.0,0.0,inf
0.0,0.0003862495171881035,0.8262695226196431
0.0,0.000772499034376207,0.8144410924569534
0.0,0.0011587485515643105,0.8093280436326018
0.0,0.001544998068752414,0.8072302494523867
0.0,0.0019312475859405175,0.8054477708826371
0.0,0.002317497103128621,0.8052122021147837
0.0,0.0027037466203167246,0.8007366348725253
0.0,0.003089996137504828,0.7987789109759852
0.0,0.0034762456546929316,0.7982019111707351
0.00020712510356255177,0.0034762456546929316,0.7969343091611908
0.00020712510356255177,0.003862495171881035,0.7954840982334928
0.00020712510356255177,0.004248744689069139,0.7915437415173331
0.00020712510356255177,0.004634994206257242,0.7890643244227034
0.00020712510356255177,0.005021243723445346,0.7880033809154791
0.00041425020712510354,0.005021243723445346,0.7867661408472036
0.00041425020712510354,0.005407493240633449,0.7855536142124729
0.00041425020712510354,0.005793742757821553,0.7816858432635583
0.00041425020712510354,0.006179992275009656,0.781558854502995
0.00041425020712510354,0.00656624179219776,0.7799691180487036
0.00041425020712510354,0.006952491309385863,0.779836433936943
0.00041425020712510354,0.007338740826573967,0.7792826786500555
0.00041425020712510354,0.00772499034376207,0.7751367067853664
0.00041425020712510354,0.008111239860950173,0.7748106743112765
0.00041425020712510354,0.008497489378138278,0.7723717567841982
0.00041425020712510354,0.008883738895326381,0.7707632663918135
0.00041425020712510354,0.009269988412514484,0.7699489292264781
0.0006213753106876554,0.009269988412514484,0.769736018468931
0.0008285004142502071,0.009269988412514484,0.7691255602969512
0.001035625517812759,0.009269988412514484,0.7683488466438759
0.001035625517812759,0.009656237929702587,0.7674252116303726
0.0012427506213753107,0.009656237929702587,0.7670389436083669
0.0012427506213753107,0.010042487446890692,0.7660208145747118
0.0012427506213753107,0.010428736964078795,0.7624666339854477
0.0014498757249378626,0.010428736964078795,0.7613941557435692
0.0014498757249378626,0.010814986481266898,0.7610999098149368
0.0014498757249378626,0.011201235998455001,0.7604504866926654
0.0014498757249378626,0.011587485515643106,0.7593516717314326
0.0016570008285004142,0.011587485515643106,0.7589225095131719
0.0016570008285004142,0.01197373503283121,0.7577955330070104
0.0016570008285004142,0.012359984550019312,0.7576037071864813
0.0016570008285004142,0.012746234067207415,0.7556355105841865
0.0016570008285004142,0.01313248358439552,0.7548201041060826
0.001864125932062966,0.01313248358439552,0.7547047209657763
0.001864125932062966,0.013518733101583623,0.7536364947567341
0.001864125932062966,0.013904982618771726,0.7535186518688691
0.001864125932062966,0.01429123213595983,0.7522718433102269
0.002071251035625518,0.01429123213595983,0.751855501710598
0.0022783761391880694,0.01429123213595983,0.7517468771663522
0.0022783761391880694,0.014677481653147934,0.7516532187939662
0.0022783761391880694,0.015063731170336037,0.7513079050998996
0.0024855012427506215,0.015063731170336037,0.750954607377297
0.0024855012427506215,0.01544998068752414,0.750865866209293
0.0024855012427506215,0.015836230204712243,0.7507159074164497
0.0024855012427506215,0.016222479721900347,0.748890071717746
0.002692626346313173,0.016222479721900347,0.7485966754625183
0.002692626346313173,0.01660872923908845,0.7480786535170385
0.002692626346313173,0.016994978756276556,0.7479683387052439
0.002692626346313173,0.01738122827346466,0.7477755557117416
0.002692626346313173,0.017767477790652762,0.7472200975246895
0.002692626346313173,0.018153727307840865,0.7460474340159973
0.002899751449875725,0.018153727307840865,0.7457139969234238
0.002899751449875725,0.01853997682502897,0.7454286386093822
0.002899751449875725,0.01892622634221707,0.7453560829038832
0.002899751449875725,0.019312475859405175,0.7450142815733746
0.002899751449875725,0.019698725376593278,0.7432773356864388
0.002899751449875725,0.020084974893781384,0.7421288027956802
0.002899751449875725,0.020471224410969487,0.741481039158301
0.002899751449875725,0.02085747392815759,0.7412216482263274
0.002899751449875725,0.021243723445345693,0.7411234224358116
0.0031068765534382767,0.021243723445345693,0.7409074185216359
0.0031068765534382767,0.021629972962533797,0.7405570823662143
0.0031068765534382767,0.0220162224797219,0.7400638629841912
0.0033140016570008283,0.0220162224797219,0.7390884964101867
0.0035211267605633804,0.0220162224797219,0.7388529476015215
0.0035211267605633804,0.022402471996910003,0.7385306292419501
0.003728251864125932,0.022402471996910003,0.7385087631397645
0.003728251864125932,0.022788721514098106,0.7382733625403842
0.003728251864125932,0.023174971031286212,0.7382292576260593
0.003728251864125932,0.023561220548474315,0.7375838313655564
0.003935376967688484,0.023561220548474315,0.7369093149819115
0.003935376967688484,0.02394747006566242,0.7367117009513704
0.003935376967688484,0.02433371958285052,0.7361532809338194
0.003935376967688484,0.024719969100038625,0.7350021681772149
0.003935376967688484,0.025106218617226728,0.7344331738063665
0.003935376967688484,0.02549246813441483,0.7344154432758374
0.004142502071251036,0.02549246813441483,0.733640101465743
0.004142502071251036,0.025878717651602934,0.7334138778829395
0.004349627174813587,0.025878717651602934,0.7328290361452732
0.004349627174813587,0.02626496716879104,0.7326576663034172
0.004349627174813587,0.026651216685979143,0.732404349066022
0.004349627174813587,0.027037466203167246,0.7323825912714136
0.004349627174813587,0.02742371572035535,0.7319415628325558
0.004349627174813587,0.027809965237543453,0.7312197714086879
0.004349627174813587,0.028196214754731556,0.7304644599369665
0.004349627174813587,0.02858246427191966,0.7295910800598766
0.004349627174813587,0.028968713789107765,0.7291033686888705
0.004349627174813587,0.02935496330629587,0.7284492335440356
0.004349627174813587,0.02974121282348397,0.72740698986991
0.004556752278376139,0.02974121282348397,0.7264499707129575
0.004556752278376139,0.030127462340672075,0.7262792505325789
0.004556752278376139,0.030513711857860178,0.7257075329773542
0.004556752278376139,0.03089996137504828,0.7255019615162831
0.004556752278376139,0.031286210892236384,0.7240736240444239
0.004556752278376139,0.03167246040942449,0.7238843448613526
0.004556752278376139,0.03205870992661259,0.7236783084304195
0.004556752278376139,0.03244495944380069,0.7234559722039801
0.004556752278376139,0.032831208960988796,0.7229003604288887
0.004556752278376139,0.0332174584781769,0.7225101565605092
0.004556752278376139,0.03360370799536501,0.7222065267254988
0.004556752278376139,0.03398995751255311,0.7222041962845719
0.004556752278376139,0.034376207029741215,0.72212477816377
0.004556752278376139,0.03476245654692932,0.7221181467587845
0.004556752278376139,0.03514870606411742,0.72189574382841
0.004556752278376139,0.035534955581305525,0.7218136789300106
0.004556752278376139,0.03592120509849363,0.7214528432363697
0.004763877381938691,0.03592120509849363,0.7214185598997557
0.004763877381938691,0.03630745461568173,0.7201895938119652
0.004763877381938691,0.036693704132869834,0.7198040582346633
0.004763877381938691,0.03707995365005794,0.718421796331167
0.004763877381938691,0.03746620316724604,0.7183721683505708
0.004763877381938691,0.03785245268443414,0.718267503587918
0.004763877381938691,0.038238702201622246,0.7170166203227655
0.004763877381938691,0.03862495171881035,0.7166084275745476
0.004763877381938691,0.03901120123599845,0.7163156579202169
0.004763877381938691,0.039397450753186555,0.7155559396496014
0.004971002485501243,0.039397450753186555,0.7155430418024974
0.004971002485501243,0.039783700270374665,0.715487795094546
0.004971002485501243,0.04016994978756277,0.7153255624695943
0.004971002485501243,0.04055619930475087,0.7147668980593852
0.0051781275890637945,0.04055619930475087,0.7143149603084814
0.005385252692626346,0.04055619930475087,0.7141851119094816
0.005385252692626346,0.040942448821938975,0.7141279643142872
0.005385252692626346,0.04132869833912708,0.7133999053616519
0.005385252692626346,0.04171494785631518,0.7133063023739258
0.005592377796188898,0.04171494785631518,0.7131488851895329
0.00579950289975145,0.04171494785631518,0.7126932550227802
0.006006628003314002,0.04171494785631518,0.7122641175433118
0.006006628003314002,0.042101197373503284,0.71161374970089
0.006006628003314002,0.04248744689069139,0.7113756350602077
0.006006628003314002,0.04287369640787949,0.7108537947892934
0.006006628003314002,0.04325994592506759,0.7108247214416616
0.006006628003314002,0.043646195442255696,0.71056696431922
0.006213753106876553,0.043646195442255696,0.7105468719020366
0.006420878210439105,0.043646195442255696,0.7104485844215606
0.006420878210439105,0.0440324449594438,0.7098007252338988
0.006420878210439105,0.0444186944766319,0.7093269932967332
0.006420878210439105,0.044804943993820005,0.7084830374284545
0.006420878210439105,0.04519119351100811,0.7084111243716255
0.006628003314001657,0.04519119351100811,0.7076232749424513
0.006835128417564209,0.04519119351100811,0.7074008815814807
0.006835128417564209,0.04557744302819621,0.7073289624017177
0.006835128417564209,0.04596369254538432,0.7069981233845094
0.007042253521126761,0.04596369254538432,0.7069701061386887
0.007042253521126761,0.046349942062572425,0.7065476496572184
0.007042253521126761,0.04673619157976053,0.7060566134984355
0.007042253521126761,0.04712244109694863,0.7052592044594498
0.007042253521126761,0.047508690614136734,0.7052059350146721
0.007042253521126761,0.04789494013132484,0.704318001036932
0.007042253521126761,0.04828118964851294,0.7042039055563016
0.007249378624689312,0.04828118964851294,0.704041368788722
0.007249378624689312,0.04866743916570104,0.7032195808116958
0.007249378624689312,0.049053688682889146,0.7031877591493042
0.007456503728251864,0.049053688682889146,0.7030369201929136
0.007456503728251864,0.04943993820007725,0.7027972450897867
0.007456503728251864,0.04982618771726535,0.702517319345942
0.007456503728251864,0.050212437234453455,0.7024034878994381
0.007456503728251864,0.05059868675164156,0.7023580125417704
0.0076636288318144155,0.05059868675164156,0.7018952332582633
0.007870753935376968,0.05059868675164156,0.7017156906523734
0.007870753935376968,0.05098493626882966,0.6997587200774218
0.007870753935376968,0.051371185786017765,0.6995878025291404
0.007870753935376968,0.05175743530320587,0.6995631622161562
0.007870753935376968,0.05214368482039398,0.6995598079226348
0.007870753935376968,0.05252993433758208,0.6990617713663955
0.00807787903893952,0.05252993433758208,0.6989877912692011
0.00807787903893952,0.052916183854770184,0.6981418135675971
0.00807787903893952,0.05330243337195829,0.6972481193652118
0.00807787903893952,0.05368868288914639,0.6970646277117196
0.00807787903893952,0.05407493240633449,0.6970484539155947
0.00807787903893952,0.054461181923522596,0.696432661831519
0.00807787903893952,0.0548474314407107,0.6954873488940346
0.008285004142502071,0.0548474314407107,0.6943522273636622
0.008285004142502071,0.0552336809578988,0.6931159857947788
0.008285004142502071,0.055619930475086905,0.6930967176351133
0.008285004142502071,0.05600617999227501,0.6930881707877521
0.008492129246064623,0.05600617999227501,0.6930153972389299
0.008492129246064623,0.05639242950946311,0.6924146644073214
0.008492129246064623,0.056778679026651215,0.6922183330778703
0.008492129246064623,0.05716492854383932,0.6921536480255551
0.008492129246064623,0.05755117806102742,0.6914563598441467
0.008492129246064623,0.05793742757821553,0.6912907442483379
0.008492129246064623,0.058323677095403634,0.6910503054730208
0.008492129246064623,0.05870992661259174,0.69097710655855
0.008492129246064623,0.05909617612977984,0.690267560067453
0.008492129246064623,0.05948242564696794,0.6893572716778072
0.008492129246064623,0.059868675164156046,0.6888994918733207
0.008699254349627174,0.059868675164156046,0.6888934992465845
0.008699254349627174,0.06025492468134415,0.6886944668075374
0.008699254349627174,0.06064117419853225,0.6876598996364582
0.008699254349627174,0.061027423715720355,0.6874938667863086
0.008906379453189726,0.061027423715720355,0.6867668218239552
0.008906379453189726,0.06141367323290846,0.6866881822370251
0.008906379453189726,0.06179992275009656,0.6863795826820719
0.009113504556752278,0.06179992275009656,0.6861123656547516
0.009113504556752278,0.062186172267284665,0.6856475468044866
0.009113504556752278,0.06257242178447277,0.6852539427214835
0.009113504556752278,0.06295867130166087,0.6845545280984017
0.009113504556752278,0.06334492081884897,0.6842895942904141
0.009320629660314831,0.06334492081884897,0.6831170566611956
0.009527754763877383,0.06334492081884897,0.683073668024256
0.009734879867439934,0.06334492081884897,0.6828698658386348
0.009942004971002486,0.06334492081884897,0.6825082871926577
0.009942004971002486,0.06373117033603708,0.6821631399648618
0.009942004971002486,0.06411741985322518,0.6815644882669442
0.009942004971002486,0.06450366937041328,0.681531899410134
0.009942004971002486,0.06488991888760139,0.6815033780967512
0.010149130074565037,0.06488991888760139,0.6814992020476451
0.010149130074565037,0.06527616840478949,0.6814288366925871
0.010149130074565037,0.06566241792197759,0.6813392096863248
0.010356255178127589,0.06566241792197759,0.6811360362618041
0.010356255178127589,0.0660486674391657,0.6809958302032713
0.010356255178127589,0.0664349169563538,0.6803464534972263
0.010356255178127589,0.0668211664735419,0.679685207736096
0.010356255178127589,0.06720741599073002,0.6796779243721243
0.01056338028169014,0.06720741599073002,0.6795612604983339
0.01056338028169014,0.06759366550791812,0.6784462041530536
0.01056338028169014,0.06797991502510622,0.6780371841115252
0.010770505385252692,0.06797991502510622,0.6770147883446157
0.010977630488815244,0.06797991502510622,0.6759020179027335
0.010977630488815244,0.06836616454229433,0.675883830662556
0.010977630488815244,0.06875241405948243,0.6756989594856492
0.010977630488815244,0.06913866357667053,0.6755325970696914
0.011184755592377795,0.06913866357667053,0.6755050075729644
0.011184755592377795,0.06952491309385864,0.6753414154618541
0.011391880695940349,0.06952491309385864,0.6752131330629829
0.011391880695940349,0.06991116261104674,0.6748543470840722
0.0115990057995029,0.06991116261104674,0.674602263113584
0.011806130903065452,0.06991116261104674,0.6739615253726587
0.011806130903065452,0.07029741212823484,0.6732442844678828
0.011806130903065452,0.07068366164542295,0.6732296787122476
0.011806130903065452,0.07106991116261105,0.6731190252834923
0.012013256006628004,0.07106991116261105,0.6724101928337483
0.012013256006628004,0.07145616067979915,0.6720646516653074
0.012220381110190555,0.07145616067979915,0.671969015801292
0.012220381110190555,0.07184241019698726,0.6719393458236023
0.012427506213753107,0.07184241019698726,0.6719346369802247
0.012427506213753107,0.07222865971417536,0.6717865635839161
0.012427506213753107,0.07261490923136346,0.6704798967020246
0.012427506213753107,0.07300115874855156,0.670338970662957
0.012634631317315658,0.07300115874855156,0.6703270315666737
0.01284175642087821,0.07300115874855156,0.6699460021434254
0.013048881524440762,0.07300115874855156,0.6692422314538577
0.013256006628003313,0.07300115874855156,0.6691209690511485
0.013256006628003313,0.07338740826573967,0.6688638802139145
0.013463131731565867,0.07338740826573967,0.6684833789680801
0.013670256835128418,0.07338740826573967,0.6683651661673647
0.013670256835128418,0.07377365778292777,0.6682046971705353
0.013670256835128418,0.07415990730011587,0.6679357429610611
0.013670256835128418,0.07454615681730398,0.6678189001962461
0.013670256835128418,0.07493240633449208,0.6675689319212831
0.013670256835128418,0.07531865585168018,0.6674035702901869
0.013670256835128418,0.07570490536886829,0.6673107864142938
0.013670256835128418,0.07609115488605639,0.6671283679665548
0.01387738193869097,0.07609115488605639,0.6658384108193504
0.014084507042253521,0.07609115488605639,0.6656938053789819
0.014291632145816073,0.07609115488605639,0.6655763248403448
0.014291632145816073,0.07647740440324449,0.6653476722970184
0.014291632145816073,0.0768636539204326,0.6652355704158902
0.014291632145816073,0.0772499034376207,0.6650504770024169
0.014291632145816073,0.0776361529548088,0.6645841812363898
0.014291632145816073,0.0780224024719969,0.6642440965586908
0.014291632145816073,0.07840865198918501,0.6640358720896676
0.014291632145816073,0.07879490150637311,0.6631905896404505
0.014498757249378625,0.07879490150637311,0.663144248822627
0.014498757249378625,0.07918115102356121,0.6627398460234859
0.014705882352941176,0.07918115102356121,0.6617939688503865
0.014913007456503728,0.07918115102356121,0.6616434202408801
0.014913007456503728,0.07956740054074933,0.6613139732334059
0.014913007456503728,0.07995365005793743,0.6611836412795608
0.014913007456503728,0.08033989957512554,0.6608954087429424
0.01512013256006628,0.08033989957512554,0.6599516072584721
0.01512013256006628,0.08072614909231364,0.6597021778611882
0.015327257663628831,0.08072614909231364,0.6595597164463001
0.015327257663628831,0.08111239860950174,0.6594674952859644
0.015327257663628831,0.08149864812668985,0.6590566556590373
0.015327257663628831,0.08188489764387795,0.6581441207427087
0.015327257663628831,0.08227114716106605,0.6580479903648087
0.015534382767191384,0.08227114716106605,0.6575593297104733
0.015741507870753936,0.08227114716106605,0.6573854722568359
0.015741507870753936,0.08265739667825416,0.657284495194444
0.015741507870753936,0.08304364619544226,0.6572658648419976
0.015741507870753936,0.08342989571263036,0.6571994339550122
0.015741507870753936,0.08381614522981846,0.6571984689099053
0.015741507870753936,0.08420239474700657,0.657172649228542
0.015948632974316486,0.08420239474700657,0.6569204898353116
0.01615575807787904,0.08420239474700657,0.6562685348139619
0.01615575807787904,0.08458864426419467,0.65609937276934
0.01636288318144159,0.08458864426419467,0.6556493370589981
0.01636288318144159,0.08497489378138277,0.6554560177089961
0.01636288318144159,0.08536114329857088,0.6552963318016736
0.01636288318144159,0.08574739281575898,0.6551381319794414
0.01636288318144159,0.08613364233294708,0.6550840840998741
0.01636288318144159,0.08651989185013519,0.6548423343603211
0.016570008285004142,0.08651989185013519,0.653973804788097
0.016570008285004142,0.08690614136732329,0.6538707102779053
0.016570008285004142,0.08729239088451139,0.6538412529036202
0.016777133388566696,0.08729239088451139,0.6537545726440922
0.016777133388566696,0.0876786404016995,0.6533296179642806
0.016777133388566696,0.0880648899188876,0.6531215758229166
0.016777133388566696,0.0884511394360757,0.6530173355321387
0.016777133388566696,0.0888373889532638,0.6529977327179336
0.016777133388566696,0.08922363847045191,0.6528314436984849
0.016777133388566696,0.08960988798764001,0.6526650993107213
0.016777133388566696,0.08999613750482811,0.6525886673227124
0.016777133388566696,0.09038238702201622,0.6525604831447569
0.016777133388566696,0.09076863653920432,0.6515138942250829
0.016984258492129246,0.09076863653920432,0.6514867368585827
0.016984258492129246,0.09115488605639242,0.6505175268539379
0.0171913835956918,0.09115488605639242,0.6504827156213154
0.0171913835956918,0.09154113557358054,0.6504519366670563
0.0171913835956918,0.09192738509076864,0.6504416220836625
0.0171913835956918,0.09231363460795675,0.6501011891171262
0.0171913835956918,0.09269988412514485,0.6498451470651886
0.01739850869925435,0.09269988412514485,0.6498437624413493
0.01739850869925435,0.09308613364233295,0.6497768846692398
0.017605633802816902,0.09308613364233295,0.6494681879338661
0.017605633802816902,0.09347238315952106,0.6492488750005817
0.017812758906379452,0.09347238315952106,0.6491180418781642
0.018019884009942005,0.09347238315952106,0.6490919679662098
0.018019884009942005,0.09385863267670916,0.6489786493493042
0.018227009113504555,0.09385863267670916,0.6480387753370317
0.018227009113504555,0.09424488219389726,0.6479330293094802
0.018227009113504555,0.09463113171108536,0.6470860013660906
0.01843413421706711,0.09463113171108536,0.6470796406737315
0.01843413421706711,0.09501738122827347,0.6469020849354121
0.018641259320629662,0.09501738122827347,0.64683051718806
0.018641259320629662,0.09540363074546157,0.6465836196156265
0.018848384424192212,0.09540363074546157,0.646425254013376
0.018848384424192212,0.09578988026264967,0.6460299921750509
0.018848384424192212,0.09617612977983778,0.6459979859510077
0.018848384424192212,0.09656237929702588,0.6459451131372783
0.018848384424192212,0.09694862881421398,0.6457959243232594
0.019055509527754765,0.09694862881421398,0.6455412974189648
0.019262634631317315,0.09694862881421398,0.6450741931030025
0.019262634631317315,0.09733487833140209,0.6448824659312062
0.01946975973487987,0.09733487833140209,0.6448489765734257
0.01946975973487987,0.09772112784859019,0.6448084956779302
0.01946975973487987,0.09810737736577829,0.6446922797272101
0.01946975973487987,0.0984936268829664,0.6445182770459605
0.01967688483844242,0.0984936268829664,0.6444873425924009
0.01967688483844242,0.0988798764001545,0.6441670446341483
0.01988400994200497,0.0988798764001545,0.6441125415377857
0.02009113504556752,0.0988798764001545,0.6440167580351212
0.02009113504556752,0.0992661259173426,0.6437808152928757
0.020298260149130075,0.0992661259173426,0.6437751389655367
0.020298260149130075,0.0996523754345307,0.6434012660096217
0.020505385252692625,0.0996523754345307,0.6428500916928556
0.020505385252692625,0.10003862495171881,0.6428432946149539
0.020505385252692625,0.10042487446890691,0.6423154529756298
0.020505385252692625,0.10081112398609501,0.6418203912593112
0.020712510356255178,0.10081112398609501,0.6417663607656041
0.020712510356255178,0.10119737350328312,0.6417211418674854
0.020712510356255178,0.10158362302047122,0.641686144053362
0.020712510356255178,0.10196987253765932,0.6416168597521674
0.020712510356255178,0.10235612205484743,0.6405539024495392
0.020712510356255178,0.10274237157203553,0.6404826656360946
0.02091963545981773,0.10274237157203553,0.6403944051049772
0.02091963545981773,0.10312862108922363,0.6401949220715288
0.02091963545981773,0.10351487060641174,0.6401759458744926
0.02091963545981773,0.10390112012359985,0.640160539801455
0.02091963545981773,0.10428736964078796,0.639967107466562
0.02091963545981773,0.10467361915797606,0.6398736869757544
0.02091963545981773,0.10505986867516416,0.6395385413252754
0.02091963545981773,0.10544611819235226,0.6390280718183268
0.02112676056338028,0.10544611819235226,0.6387551905154424
0.02112676056338028,0.10583236770954037,0.6383686148037389
0.021333885666942835,0.10583236770954037,0.6371263671060042
0.021541010770505385,0.10583236770954037,0.6370397547204685
0.021541010770505385,0.10621861722672847,0.6360413852391649
0.021541010770505385,0.10660486674391657,0.635931294946546
0.021541010770505385,0.10699111626110468,0.635800435743637
0.021541010770505385,0.10737736577829278,0.6356990676969612
0.021541010770505385,0.10776361529548088,0.6356678032631022
0.021541010770505385,0.10814986481266899,0.6351616412799179
0.021541010770505385,0.10853611432985709,0.6351377708655996
0.021748135874067938,0.10853611432985709,0.63511711560421
0.021955260977630488,0.10853611432985709,0.634790608932609
0.021955260977630488,0.10892236384704519,0.6347483449690935
0.02216238608119304,0.10892236384704519,0.6345794699308929
0.02236951118475559,0.10892236384704519,0.6341019215229006
0.02236951118475559,0.1093086133642333,0.6340988601391226
0.02236951118475559,0.1096948628814214,0.6340399118341965
0.02236951118475559,0.1100811123986095,0.634033590201174
0.022576636288318144,0.1100811123986095,0.6339390359970692
0.022576636288318144,0.1104673619157976,0.6339254608153008
0.022576636288318144,0.11085361143298571,0.6338407944618243
0.022783761391880698,0.11085361143298571,0.6331089004872553
0.022990886495443248,0.11085361143298571,0.6330701737139731
0.0231980115990058,0.11085361143298571,0.6329484869514489
0.02340513670256835,0.11085361143298571,0.6324985015292379
0.02340513670256835,0.11123986095017381,0.6324157874820112
0.02340513670256835,0.11162611046736191,0.6320510208901706
0.02340513670256835,0.11201235998455002,0.6319674621931138
0.023612261806130904,0.11201235998455002,0.6319585597103485
0.023819386909693454,0.11201235998455002,0.63161808478975
0.023819386909693454,0.11239860950173812,0.6307869169831128
0.023819386909693454,0.11278485901892622,0.6306707563753166
0.024026512013256007,0.11278485901892622,0.6290486326683964
0.024026512013256007,0.11317110853611433,0.629043387921278
0.024026512013256007,0.11355735805330243,0.6288151064026174
0.024233637116818557,0.11355735805330243,0.6286865794310463
0.02444076222038111,0.11355735805330243,0.6286724984608256
0.02464788732394366,0.11355735805330243,0.62853046472107
0.024855012427506214,0.11355735805330243,0.6283669390203541
0.025062137531068767,0.11355735805330243,0.6283294509917491
0.025269262634631317,0.11355735805330243,0.6280005223194094
0.025269262634631317,0.11394360757049053,0.6279055676731075
0.025269262634631317,0.11432985708767864,0.6278162253348962
0.025269262634631317,0.11471610660486674,0.6275935571052392
0.025269262634631317,0.11510235612205484,0.6275546594057105
0.025269262634631317,0.11548860563924294,0.6273228561126816
0.025269262634631317,0.11587485515643106,0.627275619256846
0.025269262634631317,0.11626110467361916,0.6269067340483642
0.02547638773819387,0.11626110467361916,0.6267238756739105
0.02547638773819387,0.11664735419080727,0.626645180185083
0.02568351284175642,0.11664735419080727,0.6264501248163591
0.02568351284175642,0.11703360370799537,0.6260399598172126
0.02568351284175642,0.11741985322518347,0.6260336120316916
0.02568351284175642,0.11780610274237158,0.6257408657891157
0.025890637945318973,0.11780610274237158,0.6257004545951027
0.025890637945318973,0.11819235225955968,0.6256578783551815
0.025890637945318973,0.11857860177674778,0.625372812595042
0.025890637945318973,0.11896485129393589,0.6250376954170299
0.026097763048881523,0.11896485129393589,0.6249775812364137
0.026097763048881523,0.11935110081112399,0.6243367544241861
0.026097763048881523,0.11973735032831209,0.6241903175619559
0.026097763048881523,0.1201235998455002,0.6239148485360092
0.026304888152444077,0.1201235998455002,0.6237262824827725
0.026512013256006627,0.1201235998455002,0.6231550645313622
0.026512013256006627,0.1205098493626883,0.6229689022770004
0.026512013256006627,0.1208960988798764,0.6229242088139743
0.026512013256006627,0.1212823483970645,0.6228768673131099
0.026512013256006627,0.12166859791425261,0.6226456673923122
0.026512013256006627,0.12205484743144071,0.6224958289704545
0.026512013256006627,0.12244109694862881,0.6220689050674038
0.02671913835956918,0.12244109694862881,0.6219831700421311
0.02671913835956918,0.12282734646581692,0.6216621050246404
0.02671913835956918,0.12321359598300502,0.6215527098325426
0.026926263463131733,0.12321359598300502,0.6209938246236512
0.027133388566694283,0.12321359598300502,0.6209514164789933
0.027133388566694283,0.12359984550019312,0.6207583630576758
0.027133388566694283,0.12398609501738123,0.6207356824042145
0.027133388566694283,0.12437234453456933,0.6206335153470669
0.027133388566694283,0.12475859405175743,0.6206153785207563
0.027133388566694283,0.12514484356894554,0.6197820737930698
0.027133388566694283,0.12553109308613364,0.6197800561577357
0.027133388566694283,0.12591734260332174,0.619746520418498
0.027340513670256836,0.12591734260332174,0.6188613416358328
0.027340513670256836,0.12630359212050984,0.6188403243396969
0.027340513670256836,0.12668984163769795,0.6186980445785364
0.027547638773819386,0.12668984163769795,0.6183801172179209
0.027547638773819386,0.12707609115488605,0.6183723324273609
0.027547638773819386,0.12746234067207415,0.6181359958017053
0.027547638773819386,0.12784859018926226,0.6179446721914728
0.027547638773819386,0.12823483970645036,0.6179226357232885
0.02775476387738194,0.12823483970645036,0.6174212818952624
0.02775476387738194,0.12862108922363846,0.617232489481764
0.02775476387738194,0.12900733874082657,0.6169322150200132
0.02775476387738194,0.12939358825801467,0.6167693156386495
0.02775476387738194,0.12977983777520277,0.616718349445722
0.02775476387738194,0.13016608729239088,0.6164830777403735
0.02775476387738194,0.13055233680957898,0.6164619163569186
0.02796188898094449,0.13055233680957898,0.6164318614445176
0.028169014084507043,0.13055233680957898,0.6163682054316734
0.028376139188069593,0.13055233680957898,0.6151778180523881
0.028583264291632146,0.13055233680957898,0.6151041272222569
0.028790389395194696,0.13055233680957898,0.6145621258410737
0.028790389395194696,0.13093858632676708,0.6139640675608983
0.028790389395194696,0.13132483584395518,0.6137233977328217
0.02899751449875725,0.13132483584395518,0.613490695437232
0.02899751449875725,0.1317110853611433,0.6134081591650064
0.02899751449875725,0.1320973348783314,0.6128199815490742
0.029204639602319803,0.1320973348783314,0.6126643653316942
0.029204639602319803,0.1324835843955195,0.61257356559911
0.029204639602319803,0.1328698339127076,0.6123051172475568
0.029204639602319803,0.1332560834298957,0.6122357459327862
0.029204639602319803,0.1336423329470838,0.6119963352225898
0.029204639602319803,0.1340285824642719,0.6114742380401511
0.029204639602319803,0.13441483198146004,0.6112877319907337
0.029204639602319803,0.13480108149864814,0.6102680080036222
0.029204639602319803,0.13518733101583624,0.6102257479930704
0.029204639602319803,0.13557358053302435,0.6101820869460933
0.029411764705882353,0.13557358053302435,0.6100415939755071
0.029411764705882353,0.13595983005021245,0.6096100728540141
0.029411764705882353,0.13634607956740055,0.6092830629514092
0.029411764705882353,0.13673232908458866,0.609257396940278
0.029411764705882353,0.13711857860177676,0.609102749373276
0.029411764705882353,0.13750482811896486,0.609068844947387
0.029618889809444906,0.13750482811896486,0.6090090524655429
0.029618889809444906,0.13789107763615296,0.6088708515533892
0.029618889809444906,0.13827732715334107,0.6086747793495795
0.029618889809444906,0.13866357667052917,0.6086340252484768
0.029618889809444906,0.13904982618771727,0.6084427740431756
0.029826014913007456,0.13904982618771727,0.6083175852490104
0.029826014913007456,0.13943607570490538,0.6081394122131618
0.029826014913007456,0.13982232522209348,0.6076155750610704
0.029826014913007456,0.14020857473928158,0.6074949163801793
0.029826014913007456,0.14059482425646969,0.6070600857817567
0.03003314001657001,0.14059482425646969,0.6070064160858525
0.03003314001657001,0.1409810737736578,0.6069867341545517
0.03003314001657001,0.1413673232908459,0.6069694140411706
0.03024026512013256,0.1413673232908459,0.6069513615925514
0.030447390223695112,0.1413673232908459,0.6068040003040155
0.030654515327257662,0.1413673232908459,0.6065677090389962
0.030654515327257662,0.141753572808034,0.6061251683478336
0.030861640430820216,0.141753572808034,0.6059615047244764
0.030861640430820216,0.1421398223252221,0.6057855267900055
0.030861640430820216,0.1425260718424102,0.6057288142581474
0.030861640430820216,0.1429123213595983,0.6055339769889044
0.030861640430820216,0.1432985708767864,0.6053903398062344
0.030861640430820216,0.1436848203939745,0.6050660633621912
0.030861640430820216,0.1440710699111626,0.6050404740667713
0.030861640430820216,0.14445731942835072,0.6049555660158353
0.03106876553438277,0.14445731942835072,0.6047456662436702
0.03127589063794532,0.14445731942835072,0.6042150208724103
0.03148301574150787,0.14445731942835072,0.6039553756696191
0.03148301574150787,0.14484356894553882,0.6039380770976408
0.03148301574150787,0.14522981846272692,0.6037115303546376
0.03148301574150787,0.14561606797991503,0.6032593995107494
0.03169014084507042,0.14561606797991503,0.6032417493175722
0.03169014084507042,0.14600231749710313,0.6030624042278002
0.03189726594863297,0.14600231749710313,0.6030608735147324
0.03189726594863297,0.14638856701429123,0.6028164085804889
0.03210439105219553,0.14638856701429123,0.6027996446494901
0.03210439105219553,0.14677481653147934,0.6027476117321565
0.03231151615575808,0.14677481653147934,0.6023799646488791
0.03231151615575808,0.14716106604866744,0.602237252113223
0.03231151615575808,0.14754731556585554,0.6021972326399689
0.03231151615575808,0.14793356508304364,0.6020184472795057
0.03231151615575808,0.14831981460023175,0.601475375429277
0.03231151615575808,0.14870606411741985,0.601371093312295
0.03231151615575808,0.14909231363460795,0.6009247552135232
0.03231151615575808,0.14947856315179606,0.6008744454495075
0.03231151615575808,0.14986481266898416,0.6003015464116832
0.03231151615575808,0.15025106218617226,0.6002734945096488
0.03251864125932063,0.15025106218617226,0.5999115017330114
0.03251864125932063,0.15063731170336037,0.5997753539051747
0.03251864125932063,0.15102356122054847,0.5994341316477347
0.03251864125932063,0.15140981073773657,0.5990615833393488
0.03251864125932063,0.15179606025492468,0.5989310387670814
0.03251864125932063,0.15218230977211278,0.598628842487625
0.03272576636288318,0.15218230977211278,0.5984240236087555
0.03272576636288318,0.15256855928930088,0.5982155631252037
0.03272576636288318,0.15295480880648898,0.598027914913184
0.032932891466445735,0.15295480880648898,0.597894994504375
0.032932891466445735,0.1533410583236771,0.5977716283447536
0.032932891466445735,0.1537273078408652,0.5977560800441254
0.032932891466445735,0.1541135573580533,0.597716781292075
0.032932891466445735,0.1544998068752414,0.5975432516452728
0.032932891466445735,0.1548860563924295,0.5974525716456264
0.032932891466445735,0.1552723059096176,0.5972232282523545
0.032932891466445735,0.1556585554268057,0.5970806849882713
0.033140016570008285,0.1556585554268057,0.5969039682226267
0.033140016570008285,0.1560448049439938,0.5964898961758105
0.033140016570008285,0.1564310544611819,0.5964013839454823
0.033140016570008285,0.15681730397837002,0.5960151903777304
0.033140016570008285,0.15720355349555812,0.5957818982325807
0.033140016570008285,0.15758980301274622,0.5957164009265135
0.033347141673570835,0.15758980301274622,0.5957068289990921
0.03355426677713339,0.15758980301274622,0.5956172137177884
0.03355426677713339,0.15797605252993432,0.5956062388502009
0.03355426677713339,0.15836230204712243,0.5955875576298907
0.03355426677713339,0.15874855156431056,0.5955843780330503
0.03355426677713339,0.15913480108149866,0.5954397771385032
0.03355426677713339,0.15952105059868676,0.5948811735590964
0.03355426677713339,0.15990730011587487,0.5948656699711802
0.03376139188069594,0.15990730011587487,0.5948619523459775
0.03376139188069594,0.16029354963306297,0.5947269920307094
0.03396851698425849,0.16029354963306297,0.5944829550860846
0.03417564208782104,0.16029354963306297,0.5940437096582719
0.03417564208782104,0.16067979915025107,0.5936775306376738
0.03417564208782104,0.16106604866743918,0.5934439718071072
0.03417564208782104,0.16145229818462728,0.5930536261410096
0.0343827671913836,0.16145229818462728,0.5929075327883856
0.0343827671913836,0.16183854770181538,0.5928173674659915
0.0343827671913836,0.16222479721900349,0.5917291488465518
0.03458989229494615,0.16222479721900349,0.5917028453946972
0.0347970173985087,0.16222479721900349,0.5916220129030529
0.03500414250207125,0.16222479721900349,0.5915812107863333
0.035211267605633804,0.16222479721900349,0.591581055376865
0.035211267605633804,0.1626110467361916,0.5914122428121387
0.035418392709196354,0.1626110467361916,0.5913850936223434
0.035625517812758904,0.1626110467361916,0.5912797950252627
0.035625517812758904,0.1629972962533797,0.5910278981412843
0.03583264291632146,0.1629972962533797,0.5908297688723424
0.03583264291632146,0.1633835457705678,0.5906091375228378
0.03583264291632146,0.1637697952877559,0.5905487340792228
0.03583264291632146,0.164156044804944,0.5904048427710927
0.03583264291632146,0.1645422943221321,0.5902880072370728
0.03583264291632146,0.1649285438393202,0.5900663951743089
0.03583264291632146,0.1653147933565083,0.5899146049673625
0.03583264291632146,0.1657010428736964,0.5898129192499033
0.03603976801988401,0.1657010428736964,0.589752158005449
0.03603976801988401,0.16608729239088452,0.5895774633740841
0.03624689312344656,0.16608729239088452,0.5891099618642212
0.03645401822700911,0.16608729239088452,0.5890935789950063
0.03645401822700911,0.16647354190807262,0.5884586591722203
0.03666114333057167,0.16647354190807262,0.5881923362661472
0.03686826843413422,0.16647354190807262,0.5881238358560372
0.03707539353769677,0.16647354190807262,0.5879836084805997
0.03707539353769677,0.16685979142526072,0.5872629115515821
0.037282518641259324,0.16685979142526072,0.5870993802918378
0.037489643744821874,0.16685979142526072,0.5867227140868294
0.037489643744821874,0.16724604094244883,0.586682561898361
0.037489643744821874,0.16763229045963693,0.5866801238844521
0.037696768848384424,0.16763229045963693,0.5864106631370087
0.037696768848384424,0.16801853997682503,0.5864072180782861
0.037696768848384424,0.16840478949401314,0.586304295828552
0.037696768848384424,0.16879103901120124,0.5861802954278809
0.037903893951946974,0.16879103901120124,0.5860324516903652
0.037903893951946974,0.16917728852838934,0.585967489629781
0.03811101905550953,0.16917728852838934,0.5856581197242186
0.03831814415907208,0.16917728852838934,0.5852043388189717
0.03831814415907208,0.16956353804557744,0.5851510590017656
0.03831814415907208,0.16994978756276555,0.5849602380796752
0.03852526926263463,0.16994978756276555,0.5847797176500573
0.03852526926263463,0.17033603707995365,0.5846761292376281
0.03873239436619718,0.17033603707995365,0.5846167094634628
0.03893951946975974,0.17033603707995365,0.5844001602557591
0.03914664457332229,0.17033603707995365,0.5843196905290934
0.03935376967688484,0.17033603707995365,0.5839903187095754
0.03935376967688484,0.17072228659714175,0.5839016940608489
0.03935376967688484,0.17110853611432986,0.5838772896458561
0.03935376967688484,0.17149478563151796,0.583580837741313
0.03935376967688484,0.17188103514870606,0.5835693431269496
0.03935376967688484,0.17226728466589417,0.5835658017749243
0.03935376967688484,0.17265353418308227,0.5834977822496388
0.03935376967688484,0.17303978370027037,0.5832955764171868
0.03956089478044739,0.17303978370027037,0.583089658263918
0.03956089478044739,0.17342603321745848,0.5825595885982978
0.03956089478044739,0.17381228273464658,0.5825587050810616
0.03956089478044739,0.17419853225183468,0.5825584489042301
0.03976801988400994,0.17419853225183468,0.5824345092579735
0.03976801988400994,0.17458478176902278,0.5822686323651071
0.03997514498757249,0.17458478176902278,0.5820043979094086
0.03997514498757249,0.1749710312862109,0.5817916948834836
0.03997514498757249,0.175357280803399,0.5817091473635674
0.04018227009113504,0.175357280803399,0.5816532185247043
0.0403893951946976,0.175357280803399,0.5815272409828646
0.0403893951946976,0.1757435303205871,0.5813936242740706
0.0403893951946976,0.1761297798377752,0.5811288059811935
0.0403893951946976,0.1765160293549633,0.5811018563772915
0.04059652029826015,0.1765160293549633,0.5810608549135948
0.04059652029826015,0.1769022788721514,0.5808903026738572
0.04059652029826015,0.1772885283893395,0.5806759318257364
0.0408036454018227,0.1772885283893395,0.5805171059727716
0.0408036454018227,0.1776747779065276,0.5803304862758967
0.0408036454018227,0.1780610274237157,0.5800850476389129
0.04101077050538525,0.1780610274237157,0.5795807892010103
0.041217895608947806,0.1780610274237157,0.5795691827401932
0.041425020712510356,0.1780610274237157,0.5795581939782767
0.041632145816072906,0.1780610274237157,0.5793229198418499
0.041632145816072906,0.17844727694090382,0.5789205311551852
0.04183927091963546,0.17844727694090382,0.5788362932083547
0.04204639602319801,0.17844727694090382,0.5787406861248057
0.04225352112676056,0.17844727694090382,0.5787128760841705
0.04225352112676056,0.17883352645809192,0.578603970914896
0.04225352112676056,0.17921977597528002,0.5784948965772385
0.04225352112676056,0.17960602549246812,0.5783957139136394
0.04225352112676056,0.17999227500965623,0.5782655037128765
0.04246064623032311,0.17999227500965623,0.5782425559228047
0.04246064623032311,0.18037852452684433,0.578111453402856
0.04246064623032311,0.18076477404403243,0.5780927762964497
0.04246064623032311,0.18115102356122054,0.5779143892866129
0.04246064623032311,0.18153727307840864,0.5778728843453457
0.04266777133388567,0.18153727307840864,0.5778614359933045
0.04266777133388567,0.18192352259559674,0.577757355553492
0.04266777133388567,0.18230977211278485,0.577703898799707
0.04287489643744822,0.18230977211278485,0.5774986284578868
0.04287489643744822,0.18269602162997295,0.5772982177406637
0.04308202154101077,0.18269602162997295,0.5771244838815155
0.04308202154101077,0.18308227114716108,0.577111796114948
0.04308202154101077,0.18346852066434918,0.5769131488490024
0.04308202154101077,0.18385477018153729,0.5768937152812811
0.04308202154101077,0.1842410196987254,0.5767650947070294
0.04308202154101077,0.1846272692159135,0.5766290820097627
0.04308202154101077,0.1850135187331016,0.5766117341948064
0.04308202154101077,0.1853997682502897,0.5765763326842077
0.04308202154101077,0.1857860177674778,0.5765238780856853
0.04308202154101077,0.1861722672846659,0.5764318092736297
0.04328914664457332,0.1861722672846659,0.5763713624068201
0.043496271748135876,0.1861722672846659,0.5763459420030351
0.043496271748135876,0.186558516801854,0.5761298327479295
0.043496271748135876,0.1869447663190421,0.5757804784250496
0.043703396851698426,0.1869447663190421,0.5756330527819203
0.043703396851698426,0.1873310158362302,0.5755508415489646
0.043703396851698426,0.18771726535341832,0.5753622861550528
0.043703396851698426,0.18810351487060642,0.5753278864902098
0.043910521955260975,0.18810351487060642,0.5753278395331736
0.043910521955260975,0.18848976438779452,0.5753165525018445
0.043910521955260975,0.18887601390498263,0.5751326432806275
0.043910521955260975,0.18926226342217073,0.5751112613811966
0.043910521955260975,0.18964851293935883,0.5749470255364427
0.043910521955260975,0.19003476245654694,0.5747353358632588
0.043910521955260975,0.19042101197373504,0.5746659089944178
0.04411764705882353,0.19042101197373504,0.5744152560136614
0.04411764705882353,0.19080726149092314,0.5743719857224374
0.04411764705882353,0.19119351100811124,0.5743458422761712
0.04411764705882353,0.19157976052529935,0.5742962020867304
0.04432477216238608,0.19157976052529935,0.5742840866577705
0.04453189726594863,0.19157976052529935,0.5742822068356866
0.04453189726594863,0.19196601004248745,0.5742508095184605
0.04453189726594863,0.19235225955967555,0.5742065630082562
0.04453189726594863,0.19273850907686366,0.5740838746033486
0.04453189726594863,0.19312475859405176,0.5738643928609265
0.04453189726594863,0.19351100811123986,0.5738258777348944
0.04473902236951118,0.19351100811123986,0.5738145272824186
0.04473902236951118,0.19389725762842797,0.5735143321232997
0.04473902236951118,0.19428350714561607,0.573340487903868
0.04473902236951118,0.19466975666280417,0.573111712555822
0.04473902236951118,0.19505600617999228,0.5728297092942555
0.04473902236951118,0.19544225569718038,0.5726343768039069
0.04473902236951118,0.19582850521436848,0.5724049570351657
0.04473902236951118,0.19621475473155658,0.5723615404528604
0.04473902236951118,0.1966010042487447,0.5721482133451917
0.04494614747307374,0.1966010042487447,0.5721476183541394
0.04494614747307374,0.1969872537659328,0.5721314337740024
0.04494614747307374,0.1973735032831209,0.5721090689419981
0.04494614747307374,0.197759752800309,0.5721017044504286
0.04494614747307374,0.1981460023174971,0.5719914915267985
0.04515327257663629,0.1981460023174971,0.5719193835311702
0.04536039768019884,0.1981460023174971,0.5718278471575566
0.04536039768019884,0.1985322518346852,0.571651414374829
0.04536039768019884,0.1989185013518733,0.5716393584831742
0.04536039768019884,0.1993047508690614,0.5715387898531766
0.04536039768019884,0.1996910003862495,0.5715174615889089
0.04536039768019884,0.20007724990343762,0.571468040022945
0.04536039768019884,0.20046349942062572,0.5714005555819134
0.045567522783761395,0.20046349942062572,0.5713693421931133
0.045774647887323945,0.20046349942062572,0.570956182387457
0.045774647887323945,0.20084974893781382,0.5708843232234061
0.045774647887323945,0.20123599845500192,0.5708493545972978
0.045981772990886495,0.20123599845500192,0.5706016747245899
0.045981772990886495,0.20162224797219003,0.5705495104042746
0.045981772990886495,0.20200849748937813,0.5705333180306339
0.046188898094449045,0.20200849748937813,0.5704853311668627
0.0463960231980116,0.20200849748937813,0.5704671053576903
0.0463960231980116,0.20239474700656623,0.5704017013910447
0.04660314830157415,0.20239474700656623,0.5703424032743417
0.04660314830157415,0.20278099652375434,0.5702417704937698
0.0468102734051367,0.20278099652375434,0.5700190687129024
0.04701739850869925,0.20278099652375434,0.5699624564764042
0.04701739850869925,0.20316724604094244,0.5698024587986249
0.04701739850869925,0.20355349555813054,0.5697719467720116
0.04722452361226181,0.20355349555813054,0.5697673294853047
0.04743164871582436,0.20355349555813054,0.5697405320194494
0.04743164871582436,0.20393974507531865,0.5697391562691907
0.04763877381938691,0.20393974507531865,0.5696783882822234
0.047845898922949465,0.20393974507531865,0.569489896730572
0.047845898922949465,0.20432599459250675,0.5693072071803723
0.048053024026512015,0.20432599459250675,0.5690226415847062
0.048053024026512015,0.20471224410969485,0.5689611429703364
0.048053024026512015,0.20509849362688296,0.5688284230657407
0.048260149130074564,0.20509849362688296,0.5687368672203906
0.048260149130074564,0.20548474314407106,0.5687041898531342
0.048260149130074564,0.20587099266125916,0.5686189981266678
0.048260149130074564,0.20625724217844726,0.5685904675939845
0.048260149130074564,0.20664349169563537,0.5684455328221635
0.048467274233637114,0.20664349169563537,0.5681916213866762
0.048467274233637114,0.20702974121282347,0.5680430991550816
0.04867439933719967,0.20702974121282347,0.5679480481066552
0.04867439933719967,0.2074159907300116,0.5678393871142222
0.04867439933719967,0.2078022402471997,0.5677840697447879
0.04888152444076222,0.2078022402471997,0.5676345204222998
0.04888152444076222,0.2081884897643878,0.5673121373953693
0.04888152444076222,0.2085747392815759,0.5671671884493087
0.04908864954432477,0.2085747392815759,0.5671448418669689
0.04908864954432477,0.208960988798764,0.5670648491106385
0.04929577464788732,0.208960988798764,0.566664208970706
0.04929577464788732,0.20934723831595212,0.5666538808438751
0.04929577464788732,0.20973348783314022,0.5665713694605602
0.04929577464788732,0.21011973735032832,0.5665131464099119
0.04929577464788732,0.21050598686751643,0.5664050260359282
0.04929577464788732,0.21089223638470453,0.5661831852011764
0.04929577464788732,0.21127848590189263,0.5659965598934873
0.04950289975144988,0.21127848590189263,0.5659181118799939
0.04950289975144988,0.21166473541908074,0.5658713657095826
0.04950289975144988,0.21205098493626884,0.5658412392839683
0.04971002485501243,0.21205098493626884,0.5655289269832691
0.04991714995857498,0.21205098493626884,0.565504653710797
0.050124275062137534,0.21205098493626884,0.5653939978565355
0.050331400165700084,0.21205098493626884,0.5653741082521166
0.050331400165700084,0.21243723445345694,0.5652041258064534
0.050538525269262634,0.21243723445345694,0.5650167425458437
0.050745650372825184,0.21243723445345694,0.5649267608561144
0.05095277547638774,0.21243723445345694,0.5648661334454673
0.05115990057995029,0.21243723445345694,0.5648437821799919
0.05136702568351284,0.21243723445345694,0.5648408580006087
0.05136702568351284,0.21282348397064504,0.5648140744152845
0.05157415078707539,0.21282348397064504,0.5647957189172267
0.05157415078707539,0.21320973348783315,0.5647661696930453
0.05178127589063795,0.21320973348783315,0.5646148677793768
0.0519884009942005,0.21320973348783315,0.5642716086618864
0.05219552609776305,0.21320973348783315,0.5642664221760079
0.05219552609776305,0.21359598300502125,0.5641838191159931
0.052402651201325604,0.21359598300502125,0.5640445318344794
0.052402651201325604,0.21398223252220935,0.5640253427574461
0.052402651201325604,0.21436848203939746,0.5639463995955794
0.05260977630488815,0.21436848203939746,0.5639310477864802
0.0528169014084507,0.21436848203939746,0.5639011901649622
0.0528169014084507,0.21475473155658556,0.5637361324304618
0.05302402651201325,0.21475473155658556,0.5633006183814618
0.05302402651201325,0.21514098107377366,0.5630955962464822
0.05302402651201325,0.21552723059096177,0.562920411414224
0.05302402651201325,0.21591348010814987,0.5627643702886116
0.05302402651201325,0.21629972962533797,0.5627376959348616
0.05302402651201325,0.21668597914252608,0.5624326932784114
0.05323115161557581,0.21668597914252608,0.5622939808343227
0.05323115161557581,0.21707222865971418,0.5622054595755248
0.05323115161557581,0.21745847817690228,0.5621614716746247
0.05343827671913836,0.21745847817690228,0.5619498737862565
0.05343827671913836,0.21784472769409038,0.5618946477068167
0.05343827671913836,0.2182309772112785,0.561756367981978
0.05343827671913836,0.2186172267284666,0.5617221975377599
0.05364540182270091,0.2186172267284666,0.5616775190924707
0.053852526926263466,0.2186172267284666,0.5616133888832939
0.054059652029826016,0.2186172267284666,0.5615721954959083
0.054059652029826016,0.2190034762456547,0.5613087845848275
0.054059652029826016,0.2193897257628428,0.5612387287477228
0.054059652029826016,0.2197759752800309,0.5612234437893863
0.054059652029826016,0.220162224797219,0.561113841268507
0.054059652029826016,0.2205484743144071,0.5610851285736678
0.054059652029826016,0.2209347238315952,0.5610534811559056
0.054059652029826016,0.2213209733487833,0.5609629398715656
0.054059652029826016,0.22170722286597142,0.5609007389033351
0.054059652029826016,0.22209347238315952,0.5607964098111075
0.054059652029826016,0.22247972190034762,0.5607266441240513
0.054266777133388566,0.22247972190034762,0.5607251635034164
0.054266777133388566,0.22286597141753572,0.5605302834322774
0.054473902236951116,0.22286597141753572,0.5604841322301107
0.05468102734051367,0.22286597141753572,0.5603671220937732
0.05468102734051367,0.22325222093472383,0.560344230035302
0.05488815244407622,0.22325222093472383,0.5602895264676687
0.05488815244407622,0.22363847045191193,0.5600779524143252
0.05488815244407622,0.22402471996910003,0.5599816264323131
0.05488815244407622,0.22441096948628814,0.559903842751549
0.05509527754763877,0.22441096948628814,0.5596781198899347
0.05509527754763877,0.22479721900347624,0.5595096436266869
0.05530240265120132,0.22479721900347624,0.5594786831621705
0.05530240265120132,0.22518346852066434,0.5594275687111906
0.05530240265120132,0.22556971803785245,0.5592135301557377
0.05550952775476388,0.22556971803785245,0.5586168007811303
0.05550952775476388,0.22595596755504055,0.5585767615625283
0.05550952775476388,0.22634221707222865,0.5582976559737556
0.05571665285832643,0.22634221707222865,0.5582558171753865
0.05571665285832643,0.22672846658941676,0.5582137805529157
0.05571665285832643,0.22711471610660486,0.5582130641317711
0.05592377796188898,0.22711471610660486,0.5581477314582417
0.056130903065451536,0.22711471610660486,0.5576378286601792
0.056338028169014086,0.22711471610660486,0.55750251850717
0.056338028169014086,0.22750096562379296,0.557479435928434
0.056338028169014086,0.22788721514098106,0.5574483035822217
0.056545153272576636,0.22788721514098106,0.5574037889581952
0.056752278376139186,0.22788721514098106,0.5573876054422907
0.056752278376139186,0.22827346465816917,0.5573667711890363
0.05695940347970174,0.22827346465816917,0.5573393805654724
0.05716652858326429,0.22827346465816917,0.5571696568726884
0.05716652858326429,0.22865971417535727,0.5571572545917617
0.05716652858326429,0.22904596369254537,0.5571294283112971
0.05716652858326429,0.22943221320973348,0.5570620439865003
0.05737365368682684,0.22943221320973348,0.5570096087756005
0.05758077879038939,0.22943221320973348,0.5569500358706662
0.05778790389395195,0.22943221320973348,0.5569367702187488
0.0579950289975145,0.22943221320973348,0.5569026049274083
0.0579950289975145,0.22981846272692158,0.5568551787253967
0.05820215410107705,0.22981846272692158,0.5568551344989235
0.05820215410107705,0.23020471224410968,0.5567721126699372
0.05820215410107705,0.23059096176129779,0.5567042793991023
0.05820215410107705,0.2309772112784859,0.5566547394515999
0.058409279204639605,0.2309772112784859,0.5564955445974574
0.058616404308202155,0.2309772112784859,0.5563683384559479
0.058823529411764705,0.2309772112784859,0.5562235415347604
0.059030654515327255,0.2309772112784859,0.5561605987350445
0.05923777961888981,0.2309772112784859,0.5560640645171694
0.05944490472245236,0.2309772112784859,0.556010549561326
0.05965202982601491,0.2309772112784859,0.5559877640394519
0.05985915492957746,0.2309772112784859,0.5558298497339793
0.06006628003314002,0.2309772112784859,0.555803170068141
0.06006628003314002,0.231363460795674,0.5557128773723942
0.06027340513670257,0.231363460795674,0.5556373514087072
0.06027340513670257,0.23174971031286212,0.5555942653247261
0.06048053024026512,0.23174971031286212,0.555576232657313
0.060687655343827675,0.23174971031286212,0.5555116073685262
0.060894780447390225,0.23174971031286212,0.5553714892559285
0.061101905550952774,0.23174971031286212,0.5552896291435555
0.061101905550952774,0.23213595983005023,0.555036893630878
0.061101905550952774,0.23252220934723833,0.5549120851421324
0.061101905550952774,0.23290845886442643,0.554882475085489
0.061101905550952774,0.23329470838161454,0.5547971620566243
0.061101905550952774,0.23368095789880264,0.5546855289993003
0.061309030654515324,0.23368095789880264,0.5545829442932587
0.06151615575807788,0.23368095789880264,0.5545712217949532
0.06172328086164043,0.23368095789880264,0.5544644719091079
0.06172328086164043,0.23406720741599074,0.5541215197221943
0.06172328086164043,0.23445345693317884,0.5541102651609935
0.06172328086164043,0.23483970645036695,0.5538992659021007
0.06172328086164043,0.23522595596755505,0.5534939879124182
0.06193040596520298,0.23522595596755505,0.5534682944775465
0.06213753106876554,0.23522595596755505,0.5534524908617037
0.06234465617232809,0.23522595596755505,0.5534445243616436
0.06234465617232809,0.23561220548474315,0.5534026782697522
0.06255178127589064,0.23561220548474315,0.553295513256898
0.0627589063794532,0.23561220548474315,0.5532780216022571
0.06296603148301574,0.23561220548474315,0.5532527613526097
0.0631731565865783,0.23561220548474315,0.5532009500951068
0.06338028169014084,0.23561220548474315,0.5531599849717921
0.06338028169014084,0.23599845500193126,0.5530657430034456
0.0635874067937034,0.23599845500193126,0.55294216796438
0.0635874067937034,0.23638470451911936,0.552786789750188
0.0635874067937034,0.23677095403630746,0.5527297039481067
0.0635874067937034,0.23715720355349557,0.5526197970870143
0.0635874067937034,0.23754345307068367,0.5525746637923603
0.06379453189726594,0.23754345307068367,0.5525230280097406
0.0640016570008285,0.23754345307068367,0.5524320451238448
0.06420878210439106,0.23754345307068367,0.552352291676049
0.06420878210439106,0.23792970258787177,0.5521344887914346
0.06420878210439106,0.23831595210505988,0.5520312785794168
0.06420878210439106,0.23870220162224798,0.5519671551280209
0.06420878210439106,0.23908845113943608,0.5519254757923786
0.06441590720795361,0.23908845113943608,0.5518666710713408
0.06462303231151616,0.23908845113943608,0.5516802153450633
0.06462303231151616,0.23947470065662418,0.5515844764859589
0.0648301574150787,0.23947470065662418,0.5515501407434295
0.0648301574150787,0.2398609501738123,0.551525369839246
0.0648301574150787,0.2402471996910004,0.5515036709842573
0.06503728251864126,0.2402471996910004,0.5514775991679753
0.0652444076222038,0.2402471996910004,0.5514390569302561
0.06545153272576636,0.2402471996910004,0.5513496141991416
0.06565865782932892,0.2402471996910004,0.5513130845185263
0.06586578293289147,0.2402471996910004,0.5512395177207225
0.06586578293289147,0.2406334492081885,0.5512199386012882
0.06586578293289147,0.2410196987253766,0.5511931971762306
0.06607290803645402,0.2410196987253766,0.5511424785208194
0.06607290803645402,0.2414059482425647,0.551110528394443
0.06607290803645402,0.2417921977597528,0.5510263564265251
0.06628003314001657,0.2417921977597528,0.551002983355005
0.06628003314001657,0.2421784472769409,0.5509006507239204
0.06628003314001657,0.242564696794129,0.5508359412059468
0.06628003314001657,0.2429509463113171,0.5507426913229161
0.06648715824357912,0.2429509463113171,0.5505549358146676
0.06669428334714167,0.2429509463113171,0.5505345096072284
0.06690140845070422,0.2429509463113171,0.5502667852212653
0.06710853355426678,0.2429509463113171,0.5501979945579882
0.06731565865782933,0.2429509463113171,0.5501127202837752
0.06731565865782933,0.24333719582850522,0.5500446383960085
0.06752278376139188,0.24333719582850522,0.5498532462648291
0.06752278376139188,0.24372344534569332,0.5497381694825411
0.06752278376139188,0.24410969486288142,0.5497375476943854
0.06752278376139188,0.24449594438006952,0.5497053879287123
0.06752278376139188,0.24488219389725763,0.5496275397520196
0.06772990886495443,0.24488219389725763,0.5495600830054336
0.06793703396851698,0.24488219389725763,0.5495312146998571
0.06814415907207953,0.24488219389725763,0.5495035388451904
0.06814415907207953,0.24526844341444573,0.5493844454715353
0.06814415907207953,0.24565469293163383,0.549233788113845
0.06814415907207953,0.24604094244882194,0.5491044172121261
0.06814415907207953,0.24642719196601004,0.5490797517473872
0.06835128417564208,0.24642719196601004,0.5490492450052435
0.06835128417564208,0.24681344148319814,0.5489320929280369
0.06835128417564208,0.24719969100038625,0.54889374001349
0.06835128417564208,0.24758594051757435,0.5488569408265789
0.06855840927920465,0.24758594051757435,0.5486571262309506
0.0687655343827672,0.24758594051757435,0.5484643744444927
0.0687655343827672,0.24797219003476245,0.5484364294197601
0.06897265948632975,0.24797219003476245,0.5482418999052298
0.0691797845898923,0.24797219003476245,0.5481382508638045
0.0691797845898923,0.24835843955195055,0.5480047987597837
0.06938690969345485,0.24835843955195055,0.5478789674780294
0.0695940347970174,0.24835843955195055,0.5477921226530885
0.06980115990057995,0.24835843955195055,0.5477196287651676
0.0700082850041425,0.24835843955195055,0.547677444623577
0.0700082850041425,0.24874468906913866,0.5476005682715853
0.0700082850041425,0.24913093858632676,0.5474712786340762
0.07021541010770506,0.24913093858632676,0.5474258869998568
0.07021541010770506,0.24951718810351486,0.5474003250690678
0.07042253521126761,0.24951718810351486,0.5473440599957019
0.07042253521126761,0.24990343762070297,0.5473303371244712
0.07062966031483016,0.24990343762070297,0.5472476526412781
0.07062966031483016,0.25028968713789107,0.5472191631157612
0.07062966031483016,0.2506759366550792,0.547203047653054
0.07062966031483016,0.2510621861722673,0.5470957113228652
0.07062966031483016,0.2514484356894554,0.5469807720169512
0.07062966031483016,0.2518346852066435,0.5469056390823581
0.07083678541839271,0.2518346852066435,0.5468886178673854
0.07083678541839271,0.2522209347238316,0.546873765866902
0.07104391052195526,0.2522209347238316,0.5465628250010063
0.07125103562551781,0.2522209347238316,0.546463238315754
0.07125103562551781,0.2526071842410197,0.5462138440476773
0.07125103562551781,0.2529934337582078,0.5461758875940059
0.07125103562551781,0.2533796832753959,0.5460824405138399
0.07125103562551781,0.253765932792584,0.5457994945855379
0.07145816072908036,0.253765932792584,0.5457336966522542
0.07145816072908036,0.2541521823097721,0.5456422382598578
0.07145816072908036,0.25453843182696023,0.5456048884089143
0.07145816072908036,0.2549246813441483,0.5455926980852464
0.07145816072908036,0.25531093086133644,0.5455818318271786
0.07145816072908036,0.2556971803785245,0.5455561616006395
0.07166528583264292,0.2556971803785245,0.5455102423153537
0.07166528583264292,0.25608342989571264,0.5453955326314011
0.07166528583264292,0.2564696794129007,0.545171768472395
0.07187241093620547,0.2564696794129007,0.5450800032972192
0.07187241093620547,0.25685592893008885,0.5450104143026953
0.07207953603976802,0.25685592893008885,0.5449631335117111
0.07228666114333057,0.25685592893008885,0.5449279872339967
0.07228666114333057,0.2572421784472769,0.5447936436416834
0.07228666114333057,0.25762842796446506,0.5447100253160565
0.07249378624689312,0.25762842796446506,0.5446439402496123
0.07249378624689312,0.25801467748165313,0.5444511657926355
0.07249378624689312,0.25840092699884126,0.5444465216362048
0.07249378624689312,0.25878717651602934,0.544309989613398
0.07270091135045567,0.25878717651602934,0.544115811673053
0.07270091135045567,0.25917342603321747,0.5440863773569624
0.07290803645401822,0.25917342603321747,0.5439373436239877
0.07290803645401822,0.25955967555040554,0.543898275155557
0.07311516155758079,0.25955967555040554,0.5437909596094638
0.07332228666114333,0.25955967555040554,0.5437533850746284
0.07352941176470588,0.25955967555040554,0.5435272435235112
0.07352941176470588,0.2599459250675937,0.5435236744761135
0.07352941176470588,0.26033217458478175,0.5435126399913444
0.07352941176470588,0.2607184241019699,0.5434368937183107
0.07352941176470588,0.26110467361915796,0.543400694549789
0.07352941176470588,0.2614909231363461,0.543393248371585
0.07373653686826843,0.2614909231363461,0.5433539253488698
0.07373653686826843,0.26187717265353416,0.5433434088062579
0.07373653686826843,0.2622634221707223,0.5433434025876832
0.07394366197183098,0.2622634221707223,0.5431008255617418
0.07394366197183098,0.26264967168791037,0.5430155378267721
0.07415078707539353,0.26264967168791037,0.5429028728314006
0.07435791217895608,0.26264967168791037,0.5425186178281285
0.07456503728251865,0.26264967168791037,0.5422459357063476
0.07456503728251865,0.2630359212050985,0.5420355732997187
0.0747721623860812,0.2630359212050985,0.5418335432907738
0.0747721623860812,0.2634221707222866,0.541784477919605
0.0747721623860812,0.2638084202394747,0.5415752968725439
0.07497928748964375,0.2638084202394747,0.5413807152753923
0.07497928748964375,0.2641946697566628,0.5413312546484746
0.07497928748964375,0.2645809192738509,0.5412838573950354
0.0751864125932063,0.2645809192738509,0.5412585299216925
0.07539353769676885,0.2645809192738509,0.541009861861999
0.0756006628003314,0.2645809192738509,0.5410035233821905
0.07580778790389395,0.2645809192738509,0.5409195475311108
0.0760149130074565,0.2645809192738509,0.5408493774417871
0.07622203811101906,0.2645809192738509,0.5408414350471211
0.07622203811101906,0.264967168791039,0.5407873180602788
0.07622203811101906,0.2653534183082271,0.5407796462013483
0.07642916321458161,0.2653534183082271,0.5406392068799007
0.07642916321458161,0.2657396678254152,0.5406328598622189
0.07642916321458161,0.2661259173426033,0.5405668449897664
0.07642916321458161,0.2665121668597914,0.5404981074928221
0.07663628831814416,0.2665121668597914,0.54041974940653
0.07684341342170671,0.2665121668597914,0.5403227179575126
0.07705053852526926,0.2665121668597914,0.5402753225090254
0.07705053852526926,0.26689841637697953,0.5401776753501487
0.07705053852526926,0.2672846658941676,0.5401773752950035
0.07725766362883181,0.2672846658941676,0.540170794682953
0.07725766362883181,0.26767091541135574,0.5401696592743609
0.07725766362883181,0.2680571649285438,0.5400914322666894
0.07725766362883181,0.26844341444573194,0.5400870862148915
0.07725766362883181,0.2688296639629201,0.5399323617289384
0.07725766362883181,0.26921591348010815,0.5399136398288058
0.07746478873239436,0.26921591348010815,0.5398357214646001
0.07767191383595692,0.26921591348010815,0.5396998848276239
0.07767191383595692,0.2696021629972963,0.5396949244092004
0.07787903893951947,0.2696021629972963,0.53965470006905
0.07787903893951947,0.26998841251448435,0.5396100723065635
0.07787903893951947,0.2703746620316725,0.5394781887069793
0.07808616404308202,0.2703746620316725,0.5394025780847487
0.07829328914664457,0.2703746620316725,0.5393152480685959
0.07829328914664457,0.27076091154886056,0.5391634118275702
0.07850041425020712,0.27076091154886056,0.5389840094498773
0.07870753935376967,0.27076091154886056,0.5388397293166718
0.07891466445733222,0.27076091154886056,0.5385031318581872
0.07912178956089479,0.27076091154886056,0.5384142497860038
0.07912178956089479,0.2711471610660487,0.5383254309433909
0.07912178956089479,0.27153341058323677,0.538288077385244
0.07912178956089479,0.2719196601004249,0.5382156139526622
0.07932891466445734,0.2719196601004249,0.5381821568697039
0.07953603976801989,0.2719196601004249,0.538128686379075
0.07953603976801989,0.272305909617613,0.5381107246179511
0.07953603976801989,0.2726921591348011,0.5380391164859655
0.07953603976801989,0.2730784086519892,0.5379655333661819
0.07974316487158244,0.2730784086519892,0.5379302867257141
0.07995028997514499,0.2730784086519892,0.5377417752664089
0.07995028997514499,0.2734646581691773,0.5377349939737219
0.08015741507870754,0.2734646581691773,0.5376104473415472
0.08015741507870754,0.2738509076863654,0.5375400865212677
0.08036454018227009,0.2738509076863654,0.5375301155406541
0.08036454018227009,0.2742371572035535,0.5375186322563996
0.08036454018227009,0.2746234067207416,0.5374568887265053
0.08036454018227009,0.2750096562379297,0.5374345168442485
0.08057166528583264,0.2750096562379297,0.5374285713053252
0.0807787903893952,0.2750096562379297,0.537403400749483
0.0807787903893952,0.2753959057551178,0.537356578390219
0.0807787903893952,0.27578215527230593,0.53725135116132
0.0807787903893952,0.276168404789494,0.5370539077335714
0.08098591549295775,0.276168404789494,0.5369462623081768
0.08098591549295775,0.27655465430668214,0.536818610952206
0.0811930405965203,0.27655465430668214,0.5367434955066169
0.0811930405965203,0.2769409038238702,0.5366299801270213
0.0811930405965203,0.27732715334105834,0.5365669329372068
0.08140016570008285,0.27732715334105834,0.5365384794032473
0.0816072908036454,0.27732715334105834,0.5364706397680902
0.0816072908036454,0.2777134028582464,0.5364502527340077
0.0816072908036454,0.27809965237543455,0.5364350529758107
0.0816072908036454,0.2784859018926226,0.5364290658058901
0.0816072908036454,0.27887215140981075,0.5364158009942185
0.08181441590720795,0.27887215140981075,0.5363753288438479
0.08181441590720795,0.27925840092699883,0.5363250880114746
0.0820215410107705,0.27925840092699883,0.5362378213709023
0.08222866611433306,0.27925840092699883,0.5362182599488551
0.08243579121789561,0.27925840092699883,0.5361737325883769
0.08243579121789561,0.27964465044418696,0.5361546855215704
0.08243579121789561,0.28003089996137503,0.5360664271519204
0.08264291632145816,0.28003089996137503,0.5357996535401107
0.08264291632145816,0.28041714947856317,0.5356285823927461
0.08285004142502071,0.28041714947856317,0.5355943080292488
0.08305716652858326,0.28041714947856317,0.5355624787083856
0.08305716652858326,0.28080339899575124,0.5353944533119916
0.08305716652858326,0.28118964851293937,0.5352730790722321
0.08326429163214581,0.28118964851293937,0.5352288405114839
0.08326429163214581,0.28157589803012745,0.5350300144516508
0.08347141673570836,0.28157589803012745,0.5349892352721726
0.08347141673570836,0.2819621475473156,0.5348770151957888
0.08367854183927093,0.2819621475473156,0.5347923029047644
0.08367854183927093,0.28234839706450365,0.53473604326818
0.08367854183927093,0.2827346465816918,0.5346857917276779
0.08367854183927093,0.28312089609887986,0.5346709973526123
0.08367854183927093,0.283507145616068,0.5346296807677997
0.08367854183927093,0.28389339513325607,0.534611465340794
0.08388566694283348,0.28389339513325607,0.5345062407760638
0.08388566694283348,0.2842796446504442,0.5344910156890227
0.08409279204639603,0.2842796446504442,0.5344278115572811
0.08409279204639603,0.28466589416763227,0.5344049409574669
0.08429991714995858,0.28466589416763227,0.5343811903810318
0.08450704225352113,0.28466589416763227,0.5343220566366427
0.08471416735708368,0.28466589416763227,0.5343024384392512
0.08492129246064622,0.28466589416763227,0.5342013991126643
0.08492129246064622,0.2850521436848204,0.5341727328919079
0.08512841756420879,0.2850521436848204,0.5341424732886144
0.08512841756420879,0.2854383932020085,0.5337370160275178
0.08533554266777134,0.2854383932020085,0.533650877812659
0.08554266777133389,0.2854383932020085,0.5334667972499053
0.08574979287489644,0.2854383932020085,0.5334044616660694
0.08595691797845899,0.2854383932020085,0.5334027988071798
0.08595691797845899,0.2858246427191966,0.5333925174081019
0.08616404308202154,0.2858246427191966,0.5333526091407254
0.08616404308202154,0.2862108922363847,0.5332685253582872
0.08616404308202154,0.2865971417535728,0.5330736474867543
0.08637116818558409,0.2865971417535728,0.5329381503657831
0.08657829328914664,0.2865971417535728,0.5327816858139153
0.0867854183927092,0.2865971417535728,0.53267191550579
0.08699254349627175,0.2865971417535728,0.5324598256274398
0.08699254349627175,0.2869833912707609,0.532384672609419
0.0871996685998343,0.2869833912707609,0.5321571840494997
0.0871996685998343,0.287369640787949,0.5321247643705442
0.08740679370339685,0.287369640787949,0.5320778048236979
0.08740679370339685,0.2877558903051371,0.532054480270115
0.0876139188069594,0.2877558903051371,0.5318767425927613
0.0876139188069594,0.2881421398223252,0.5318389331984663
0.0876139188069594,0.2885283893395133,0.5316825850833955
0.0876139188069594,0.28891463885670143,0.5316122157650327
0.0876139188069594,0.2893008883738895,0.5315736265486355
0.08782104391052195,0.2893008883738895,0.5314223899758282
0.0880281690140845,0.2893008883738895,0.5313512956576804
0.0880281690140845,0.28968713789107764,0.5312445326110786
0.0880281690140845,0.2900733874082657,0.5312415269515534
0.08823529411764706,0.2900733874082657,0.5311248230611124
0.08823529411764706,0.29045963692545385,0.5310054774096744
0.08844241922120961,0.29045963692545385,0.5309811463694897
0.08864954432477216,0.29045963692545385,0.530958764377393
0.08885666942833471,0.29045963692545385,0.5308623045256204
0.08906379453189726,0.29045963692545385,0.5308466146908288
0.08927091963545981,0.29045963692545385,0.5308074756691664
0.08927091963545981,0.2908458864426419,0.5307852571112186
0.08947804473902236,0.2908458864426419,0.5305716935968439
0.08968516984258493,0.2908458864426419,0.5305125670928348
0.08989229494614748,0.2908458864426419,0.5305049546301709
0.08989229494614748,0.29123213595983005,0.5304904717862422
0.09009942004971003,0.29123213595983005,0.5303017798404528
0.09009942004971003,0.2916183854770181,0.530295826199106
0.09009942004971003,0.29200463499420626,0.5298469237960233
0.09009942004971003,0.29239088451139433,0.5297370630401975
0.09030654515327258,0.29239088451139433,0.5296846442917703
0.09051367025683513,0.29239088451139433,0.5295953100098174
0.09072079536039768,0.29239088451139433,0.5295644324210549
0.09072079536039768,0.29277713402858246,0.5295614831955889
0.09072079536039768,0.2931633835457706,0.5295514786619578
0.09072079536039768,0.29354963306295867,0.5295148897210341
0.09072079536039768,0.2939358825801468,0.5294849998164783
0.09092792046396023,0.2939358825801468,0.5294290373335334
0.09092792046396023,0.2943221320973349,0.5293584039232143
0.09113504556752279,0.2943221320973349,0.5292797567636899
0.09134217067108534,0.2943221320973349,0.5290299670949227
0.09154929577464789,0.2943221320973349,0.5290068632139964
0.09154929577464789,0.294708381614523,0.528998999530132
0.09154929577464789,0.2950946311317111,0.5288749907804062
0.09175642087821044,0.2950946311317111,0.5286828755637938
0.09175642087821044,0.2954808806488992,0.5285232928434725
0.09196354598177299,0.2954808806488992,0.5284244073860214
0.09196354598177299,0.2958671301660873,0.5283728135800955
0.09196354598177299,0.2962533796832754,0.5282690764974916
0.09196354598177299,0.2966396292004635,0.5281804915812907
0.09217067108533554,0.2966396292004635,0.5280916599269585
0.09237779618889809,0.2966396292004635,0.5280913025420914
0.09237779618889809,0.2970258787176516,0.5280501978383333
0.09237779618889809,0.2974121282348397,0.5279752414151695
0.09237779618889809,0.29779837775202783,0.5278527046619336
0.09258492129246064,0.29779837775202783,0.5276947919062484
0.0927920463960232,0.29779837775202783,0.5276903867365921
0.09299917149958575,0.29779837775202783,0.5276826182389268
0.09299917149958575,0.2981846272692159,0.5275229280008905
0.0932062966031483,0.2981846272692159,0.5275071679489529
0.09341342170671085,0.2981846272692159,0.5273043777808565
0.09341342170671085,0.29857087678640404,0.5271966259124542
0.09341342170671085,0.2989571263035921,0.5271563342669648
0.09341342170671085,0.29934337582078024,0.5271436320074887
0.0936205468102734,0.29934337582078024,0.5270185836697745
0.0936205468102734,0.2997296253379683,0.5269245827052437
0.09382767191383595,0.2997296253379683,0.5268759158393076
0.09382767191383595,0.30011587485515645,0.5266582068015976
0.0940347970173985,0.30011587485515645,0.5266461108876599
0.0940347970173985,0.3005021243723445,0.5263683997679813
0.09424192212096107,0.3005021243723445,0.5262158453418238
0.09444904722452362,0.3005021243723445,0.5261966576632274
0.09444904722452362,0.30088837388953266,0.5261884133029319
0.09444904722452362,0.30127462340672073,0.5260087155063807
0.09444904722452362,0.30166087292390886,0.5258733468850693
0.09444904722452362,0.30204712244109694,0.5256454802519562
0.09444904722452362,0.30243337195828507,0.5256435487231242
0.09465617232808617,0.30243337195828507,0.5255159153412872
0.09486329743164872,0.30243337195828507,0.5252933877256261
0.09486329743164872,0.30281962147547314,0.525287244195967
0.09486329743164872,0.3032058709926613,0.5250909821263849
0.09507042253521127,0.3032058709926613,0.5249602398492929
0.09507042253521127,0.30359212050984935,0.5249171159109808
0.09527754763877382,0.30359212050984935,0.5247825431839507
0.09527754763877382,0.3039783700270375,0.524698743373128
0.09548467274233637,0.3039783700270375,0.5246126170925969
0.09548467274233637,0.30436461954422556,0.5245983780077906
0.09569179784589893,0.30436461954422556,0.5245930606914474
0.09569179784589893,0.3047508690614137,0.5244111623314269
0.09569179784589893,0.30513711857860176,0.5242960371664066
0.09589892294946148,0.30513711857860176,0.5242151411855068
0.09610604805302403,0.30513711857860176,0.5241522245651095
0.09610604805302403,0.3055233680957899,0.5241000398722455
0.09631317315658658,0.3055233680957899,0.5240778326576285
0.09652029826014913,0.3055233680957899,0.5240263650786202
0.09652029826014913,0.30590961761297797,0.5240179691786137
0.09652029826014913,0.3062958671301661,0.5239291880447834
0.09672742336371168,0.3062958671301661,0.5239074176615659
0.09672742336371168,0.3066821166473542,0.5238128043037354
0.09693454846727423,0.3066821166473542,0.5236961112546098
0.09714167357083679,0.3066821166473542,0.5236842125809943
0.09734879867439934,0.3066821166473542,0.5235993567650683
0.09755592377796189,0.3066821166473542,0.5235807355306662
0.09755592377796189,0.3070683661645423,0.5235496075889099
0.09755592377796189,0.3074546156817304,0.5235128244025087
0.09776304888152444,0.3074546156817304,0.5234912838963041
0.09797017398508699,0.3074546156817304,0.5234344120124912
0.09797017398508699,0.3078408651989185,0.5233786738286513
0.09817729908864954,0.3078408651989185,0.5233599454656962
0.09817729908864954,0.3082271147161066,0.5233489346588822
0.09817729908864954,0.3086133642332947,0.5233211752297586
0.09838442419221209,0.3086133642332947,0.5232824233833787
0.09838442419221209,0.3089996137504828,0.523220913509803
0.09859154929577464,0.3089996137504828,0.5231773076002146
0.09859154929577464,0.3093858632676709,0.5231526683480321
0.09859154929577464,0.309772112784859,0.5230496933273039
0.09859154929577464,0.31015836230204713,0.5230192605991447
0.0987986743993372,0.31015836230204713,0.5229855671374506
0.0987986743993372,0.3105446118192352,0.5229659748822658
0.09900579950289976,0.3105446118192352,0.522961200630869
0.09900579950289976,0.31093086133642334,0.5229544633396526
0.0992129246064623,0.31093086133642334,0.5229294906346951
0.09942004971002485,0.31093086133642334,0.5229146772086883
0.09942004971002485,0.3113171108536114,0.5228515048642478
0.0996271748135874,0.3113171108536114,0.5227738959257989
0.0996271748135874,0.31170336037079954,0.5227041017866296
0.0996271748135874,0.3120896098879876,0.5226796559996565
0.0996271748135874,0.31247585940517575,0.5226351521395685
0.0996271748135874,0.3128621089223638,0.5224869433200631
0.09983429991714995,0.3128621089223638,0.5224427241900226
0.1000414250207125,0.3128621089223638,0.5222732158998395
0.1000414250207125,0.31324835843955195,0.5222189001143567
0.10024855012427507,0.31324835843955195,0.5222067572851398
0.10045567522783762,0.31324835843955195,0.5221959102235433
0.10066280033140017,0.31324835843955195,0.522185249201987
0.10066280033140017,0.31363460795674003,0.5220918544630508
0.10066280033140017,0.31402085747392816,0.5219975682871741
0.10066280033140017,0.31440710699111624,0.5219428678896271
0.10086992543496272,0.31440710699111624,0.5219134200938402
0.10107705053852527,0.31440710699111624,0.5218674019739863
0.10128417564208782,0.31440710699111624,0.521867284228087
0.10149130074565037,0.31440710699111624,0.5217656195647761
0.10169842584921293,0.31440710699111624,0.5216969511011538
0.10169842584921293,0.31479335650830437,0.5216577364118246
0.10190555095277548,0.31479335650830437,0.5216565367004522
0.10211267605633803,0.31479335650830437,0.5215095904393043
0.10211267605633803,0.31517960602549244,0.5214660037539334
0.10211267605633803,0.3155658555426806,0.521404212573397
0.10211267605633803,0.31595210505986865,0.5213361534005858
0.10211267605633803,0.3163383545770568,0.5212783409464908
0.10211267605633803,0.31672460409424485,0.5212042605932932
0.10231980115990058,0.31672460409424485,0.5211577996835157
0.10252692626346313,0.31672460409424485,0.5211545511104566
0.10273405136702568,0.31672460409424485,0.5210559313160257
0.10273405136702568,0.317110853611433,0.5209489312752446
0.10294117647058823,0.317110853611433,0.5208204937120902
0.10294117647058823,0.3174971031286211,0.5206664346104654
0.10314830157415078,0.3174971031286211,0.520626688713128
0.10314830157415078,0.3178833526458092,0.5205752569286558
0.10314830157415078,0.3182696021629973,0.5205643854030552
0.10314830157415078,0.3186558516801854,0.5204463039618241
0.10335542667771334,0.3186558516801854,0.5202941741505337
0.10335542667771334,0.31904210119737353,0.5202872858394487
0.1035625517812759,0.31904210119737353,0.5201145866730325
0.10376967688483844,0.31904210119737353,0.5200679460128527
0.10376967688483844,0.3194283507145616,0.5200608398074802
0.10376967688483844,0.31981460023174973,0.5200489724409791
0.103976801988401,0.31981460023174973,0.5198911509680262
0.103976801988401,0.3202008497489378,0.5198742094510481
0.103976801988401,0.32058709926612594,0.5196735013747166
0.103976801988401,0.320973348783314,0.5196420850578062
0.10418392709196354,0.320973348783314,0.5195938011641198
0.10418392709196354,0.32135959830050215,0.519551689240809
0.1043910521955261,0.32135959830050215,0.5195339957610766
0.10459817729908864,0.32135959830050215,0.5192982059440735
0.10459817729908864,0.3217458478176902,0.519220032165188
0.10480530240265121,0.3217458478176902,0.5192155777395369
0.10480530240265121,0.32213209733487835,0.5191896935034199
0.10501242750621376,0.32213209733487835,0.5191386997473686
0.10501242750621376,0.32251834685206643,0.5190913080616564
0.1052195526097763,0.32251834685206643,0.5190891566383916
0.1052195526097763,0.32290459636925456,0.5190677787661168
0.10542667771333886,0.32290459636925456,0.5190297335191407
0.10542667771333886,0.32329084588644263,0.5190276707131644
0.10542667771333886,0.32367709540363077,0.5189470332229896
0.10542667771333886,0.32406334492081884,0.5189429469038447
0.10542667771333886,0.32444959443800697,0.5188782254949905
0.1056338028169014,0.32444959443800697,0.51862320393585
0.10584092792046396,0.32444959443800697,0.5183611752729539
0.1060480530240265,0.32444959443800697,0.5183394305137757
0.10625517812758907,0.32444959443800697,0.5182601485318394
0.10625517812758907,0.32483584395519505,0.5181120157566155
0.10625517812758907,0.3252220934723832,0.5180178219283945
0.10625517812758907,0.32560834298957125,0.5179486072776494
0.10646230323115162,0.32560834298957125,0.5179350367076245
0.10646230323115162,0.3259945925067594,0.5179210921140354
0.10666942833471417,0.3259945925067594,0.5178770928115812
0.10666942833471417,0.32638084202394746,0.5177566718863271
0.10666942833471417,0.3267670915411356,0.5176911731841403
0.10687655343827672,0.3267670915411356,0.5175406409367692
0.10687655343827672,0.32715334105832367,0.517458251441071
0.10708367854183927,0.32715334105832367,0.5173463824990411
0.10708367854183927,0.3275395905755118,0.517277669757345
0.10708367854183927,0.32792584009269987,0.517241330674143
0.10708367854183927,0.328312089609888,0.5172405043425188
0.10729080364540182,0.328312089609888,0.5172069931220747
0.10749792874896437,0.328312089609888,0.5171025893435641
0.10770505385252693,0.328312089609888,0.517099935357086
0.10791217895608948,0.328312089609888,0.5169740822753593
0.10791217895608948,0.3286983391270761,0.5169719810211042
0.10791217895608948,0.3290845886442642,0.5169472621409167
0.10811930405965203,0.3290845886442642,0.5168838780551339
0.10811930405965203,0.3294708381614523,0.5167608768298863
0.10811930405965203,0.3298570876786404,0.5167204161858286
0.10832642916321458,0.3298570876786404,0.5167060824211692
0.10832642916321458,0.3302433371958285,0.5166884227133168
0.10853355426677713,0.3302433371958285,0.5166308770450553
0.10853355426677713,0.3306295867130166,0.516613287934386
0.10853355426677713,0.3310158362302047,0.5165575962703768
0.10874067937033968,0.3310158362302047,0.5165424793257766
0.10894780447390223,0.3310158362302047,0.5165225564945412
0.10915492957746478,0.3310158362302047,0.5164224648172892
0.10936205468102735,0.3310158362302047,0.5163973636911019
0.10936205468102735,0.3314020857473928,0.5163692581323868
0.10936205468102735,0.3317883352645809,0.5162782430195253
0.10936205468102735,0.33217458478176903,0.5161180399126157
0.10936205468102735,0.3325608342989571,0.5160021905461858
0.10936205468102735,0.33294708381614524,0.5159829625396062
0.1095691797845899,0.33294708381614524,0.5158899896143243
0.1095691797845899,0.3333333333333333,0.5158697969248949
0.1095691797845899,0.33371958285052145,0.5158663481187157
0.10977630488815245,0.33371958285052145,0.5158517836967115
0.10977630488815245,0.3341058323677095,0.5158014117928207
0.109983429991715,0.3341058323677095,0.515781473161334
0.109983429991715,0.33449208188489765,0.5157732675689951
0.109983429991715,0.3348783314020857,0.5156563829091902
0.11019055509527755,0.3348783314020857,0.5156130329021624
0.11019055509527755,0.33526458091927386,0.5156071681955348
0.11019055509527755,0.33565083043646193,0.515580733034359
0.1103976801988401,0.33565083043646193,0.5154372078275835
0.11060480530240265,0.33565083043646193,0.5154190442568378
0.11081193040596521,0.33565083043646193,0.5153815944451233
0.11101905550952776,0.33565083043646193,0.5153597988803094
0.11101905550952776,0.33603707995365006,0.5152994690049699
0.11122618061309031,0.33603707995365006,0.5152757677637932
0.11143330571665286,0.33603707995365006,0.5152286239772232
0.11143330571665286,0.33642332947083814,0.5151899390904022
0.11164043082021541,0.33642332947083814,0.5151823167520138
0.11164043082021541,0.33680957898802627,0.515113553563056
0.11164043082021541,0.33719582850521435,0.5150228221332496
0.11164043082021541,0.3375820780224025,0.51501063066168
0.11184755592377796,0.3375820780224025,0.5150102771133875
0.11184755592377796,0.33796832753959055,0.514900564236092
0.11184755592377796,0.3383545770567787,0.5148972122119304
0.11184755592377796,0.33874082657396676,0.5148904524980301
0.11205468102734051,0.33874082657396676,0.5148750381192639
0.11205468102734051,0.3391270760911549,0.5148573896001623
0.11226180613090307,0.3391270760911549,0.5148284228591004
0.11246893123446562,0.3391270760911549,0.514699846845049
0.11267605633802817,0.3391270760911549,0.5146905826678619
0.11288318144159072,0.3391270760911549,0.5146851091282942
0.11309030654515327,0.3391270760911549,0.5145173629428695
0.11309030654515327,0.33951332560834296,0.5144166814646628
0.11329743164871582,0.33951332560834296,0.5142383874363388
0.11329743164871582,0.3398995751255311,0.5141694446286857
0.11329743164871582,0.34028582464271917,0.5140303389626962
0.11329743164871582,0.3406720741599073,0.5139148517562352
0.11329743164871582,0.3410583236770954,0.5138375221739628
0.11329743164871582,0.3414445731942835,0.5136475064403139
0.11350455675227837,0.3414445731942835,0.5136443665128911
0.11371168185584093,0.3414445731942835,0.5133750395346752
0.11391880695940348,0.3414445731942835,0.5132815079835116
0.11391880695940348,0.34183082271147164,0.5132604046786862
0.11391880695940348,0.3422170722286597,0.5130541972029755
0.11391880695940348,0.34260332174584784,0.5130258428012097
0.11412593206296603,0.34260332174584784,0.512686872981541
0.11433305716652858,0.34260332174584784,0.5125963741779024
0.11454018227009113,0.34260332174584784,0.5125758109922932
0.11454018227009113,0.3429895712630359,0.5125111342959071
0.11454018227009113,0.34337582078022405,0.5124762826424106
0.11454018227009113,0.3437620702974121,0.5124473079381716
0.11474730737365368,0.3437620702974121,0.5124374757817414
0.11495443247721623,0.3437620702974121,0.5124089233312773
0.11516155758077878,0.3437620702974121,0.51230701234045
0.11536868268434135,0.3437620702974121,0.5121682885357713
0.1155758077879039,0.3437620702974121,0.5121395359900721
0.11578293289146645,0.3437620702974121,0.5121054952748303
0.115990057995029,0.3437620702974121,0.5119406165171646
0.115990057995029,0.34414831981460026,0.5119241319035919
0.115990057995029,0.34453456933178833,0.5118805578497762
0.115990057995029,0.34492081884897646,0.5118585982701322
0.115990057995029,0.34530706836616454,0.5117953006656303
0.115990057995029,0.34569331788335267,0.5117330350864373
0.11619718309859155,0.34569331788335267,0.511626334855491
0.1164043082021541,0.34569331788335267,0.5115894141086577
0.11661143330571665,0.34569331788335267,0.5114424596047761
0.11661143330571665,0.34607956740054074,0.5113199835119826
0.11681855840927921,0.34607956740054074,0.5112474390626064
0.11702568351284176,0.34607956740054074,0.5110698348284253
0.11723280861640431,0.34607956740054074,0.5110656981804761
0.11743993371996686,0.34607956740054074,0.5109665497173312
0.11764705882352941,0.34607956740054074,0.5109625039080108
0.11785418392709196,0.34607956740054074,0.5109473578128304
0.11806130903065451,0.34607956740054074,0.5109204911268816
0.11826843413421707,0.34607956740054074,0.5108885496880987
0.11826843413421707,0.3464658169177289,0.5107660013441071
0.11826843413421707,0.34685206643491695,0.5107117270080693
0.11847555923777962,0.34685206643491695,0.510632582535701
0.11847555923777962,0.3472383159521051,0.5105797407121649
0.11868268434134217,0.3472383159521051,0.5105202784430525
0.11888980944490472,0.3472383159521051,0.5104486995652019
0.11888980944490472,0.34762456546929316,0.5103861252752067
0.11909693454846727,0.34762456546929316,0.51035132351522
0.11909693454846727,0.3480108149864813,0.5103416944719907
0.11909693454846727,0.34839706450366936,0.5103357508674777
0.11909693454846727,0.3487833140208575,0.5103251702154116
0.11909693454846727,0.34916956353804557,0.5102931059159925
0.11909693454846727,0.3495558130552337,0.5101761962734203
0.11930405965202982,0.3495558130552337,0.5101592414683102
0.11930405965202982,0.3499420625724218,0.5101529624763737
0.11930405965202982,0.3503283120896099,0.510150216328651
0.11951118475559237,0.3503283120896099,0.509924763607375
0.11951118475559237,0.350714561606798,0.5098719247282845
0.11971830985915492,0.350714561606798,0.5097929764219626
0.11971830985915492,0.3511008111239861,0.5097013678796899
0.11992543496271749,0.3511008111239861,0.5095857067115179
0.11992543496271749,0.3514870606411742,0.5095646162040817
0.12013256006628004,0.3514870606411742,0.5094469432246927
0.12013256006628004,0.3518733101583623,0.5093604997495352
0.12013256006628004,0.3522595596755504,0.5093543101966647
0.12033968516984259,0.3522595596755504,0.5093395133934964
0.12033968516984259,0.3526458091927385,0.5092698461176439
0.12054681027340514,0.3526458091927385,0.5090136182917752
0.12054681027340514,0.3530320587099266,0.509002324870152
0.12075393537696769,0.3530320587099266,0.5089314134977706
0.12096106048053024,0.3530320587099266,0.5089275659342704
0.12096106048053024,0.35341830822711473,0.5089213536887842
0.12116818558409279,0.35341830822711473,0.5089164362539912
0.12137531068765535,0.35341830822711473,0.5088952844957352
0.1215824357912179,0.35341830822711473,0.508838062609858
0.12178956089478045,0.35341830822711473,0.5087674688015393
0.12178956089478045,0.3538045577443028,0.5086962278365271
0.12178956089478045,0.35419080726149094,0.5084885149280826
0.12178956089478045,0.354577056778679,0.5083700510440669
0.121996685998343,0.354577056778679,0.5082383758879517
0.121996685998343,0.35496330629586714,0.50823302517592
0.12220381110190555,0.35496330629586714,0.5082016694426675
0.12220381110190555,0.3553495558130552,0.5081439478194467
0.12220381110190555,0.35573580533024335,0.5081333491040284
0.12220381110190555,0.3561220548474314,0.5081085776299878
0.1224109362054681,0.3561220548474314,0.5078544176136008
0.12261806130903065,0.3561220548474314,0.5078391199954874
0.12261806130903065,0.35650830436461955,0.5078181826080114
0.12261806130903065,0.35689455388180763,0.5077862165468132
0.12282518641259321,0.35689455388180763,0.5077500638888984
0.12303231151615576,0.35689455388180763,0.5077182572391388
0.12303231151615576,0.35728080339899576,0.5076094143869979
0.12323943661971831,0.35728080339899576,0.5076018007435745
0.12323943661971831,0.35766705291618384,0.5073932347683117
0.12323943661971831,0.35805330243337197,0.5073577471044218
0.12323943661971831,0.35843955195056004,0.5073365549337492
0.12344656172328086,0.35843955195056004,0.5072165350828084
0.12344656172328086,0.3588258014677482,0.507118476283485
0.12365368682684341,0.3588258014677482,0.5068887319736388
0.12365368682684341,0.35921205098493625,0.5068427096570647
0.12386081193040596,0.35921205098493625,0.5066987131815377
0.12406793703396851,0.35921205098493625,0.5066644408325437
0.12427506213753108,0.35921205098493625,0.5066525547410102
0.12427506213753108,0.3595983005021244,0.5064398168886282
0.12448218724109363,0.3595983005021244,0.5064170317519733
0.12448218724109363,0.35998455001931245,0.5063266453597316
0.12468931234465618,0.35998455001931245,0.506230163753133
0.12489643744821873,0.35998455001931245,0.5060582065582606
0.1251035625517813,0.35998455001931245,0.5060340458747058
0.12531068765534384,0.35998455001931245,0.505973061716931
0.1255178127589064,0.35998455001931245,0.5055468773414185
0.12572493786246894,0.35998455001931245,0.5054558740114787
0.1259320629660315,0.35998455001931245,0.5053418435613974
0.12613918806959404,0.35998455001931245,0.5052941245806188
0.1263463131731566,0.35998455001931245,0.5052870163897376
0.1263463131731566,0.3603707995365006,0.5052817420364332
0.1263463131731566,0.36075704905368866,0.5050216837080053
0.1263463131731566,0.3611432985708768,0.5049909565352091
0.1263463131731566,0.36152954808806487,0.5047978105849067
0.12655343827671914,0.36152954808806487,0.5047716106927675
0.1267605633802817,0.36152954808806487,0.5047483385035788
0.1267605633802817,0.361915797605253,0.5047422645564519
0.12696768848384424,0.361915797605253,0.5047025280206336
0.1271748135874068,0.361915797605253,0.5046884177121844
0.1271748135874068,0.3623020471224411,0.5045837144820398
0.1271748135874068,0.3626882966396292,0.5043994390948259
0.1271748135874068,0.3630745461568173,0.5043710114539646
0.1271748135874068,0.3634607956740054,0.5043554840879185
0.1271748135874068,0.3638470451911935,0.5042796561036049
0.1271748135874068,0.3642332947083816,0.5042249915558643
0.1271748135874068,0.3646195442255697,0.5041988611721584
0.1271748135874068,0.3650057937427578,0.5041940642676338
0.12738193869096934,0.3650057937427578,0.5040252010611674
0.1275890637945319,0.3650057937427578,0.503976210992683
0.1275890637945319,0.3653920432599459,0.5039271732886669
0.12779618889809444,0.3653920432599459,0.5038823880399032
0.128003314001657,0.3653920432599459,0.5038187246502807
0.128003314001657,0.36577829277713403,0.5036462826031015
0.128003314001657,0.36616454229432216,0.5033870011669531
0.128003314001657,0.36655079181151023,0.5033169192725795
0.128003314001657,0.36693704132869837,0.5032986426549566
0.128003314001657,0.36732329084588644,0.503268856810556
0.12821043910521956,0.36732329084588644,0.5032520138696056
0.12821043910521956,0.36770954036307457,0.5032456107260874
0.12841756420878211,0.36770954036307457,0.5031173729558563
0.12862468931234466,0.36770954036307457,0.5031046724086325
0.12883181441590721,0.36770954036307457,0.5030704635639394
0.12883181441590721,0.36809578988026265,0.5030198181439336
0.12883181441590721,0.3684820393974508,0.5030101081588124
0.12903893951946976,0.3684820393974508,0.5030092454216488
0.12924606462303231,0.3684820393974508,0.5029885075038706
0.12945318972659486,0.3684820393974508,0.5029757230234209
0.1296603148301574,0.3684820393974508,0.5029069319657818
0.1296603148301574,0.36886828891463885,0.5028831984548513
0.12986743993371996,0.36886828891463885,0.5028025996644753
0.1300745650372825,0.36886828891463885,0.5026961949148918
0.1300745650372825,0.369254538431827,0.5026752727282985
0.13028169014084506,0.369254538431827,0.502620350636778
0.1304888152444076,0.369254538431827,0.5025995370603918
0.1304888152444076,0.36964078794901506,0.5025887877419355
0.1304888152444076,0.3700270374662032,0.502503068292013
0.13069594034797016,0.3700270374662032,0.5024812658528277
0.13069594034797016,0.37041328698339127,0.5024779530129676
0.13069594034797016,0.3707995365005794,0.5024597612110859
0.13069594034797016,0.37118578601776747,0.5024508885797705
0.1309030654515327,0.37118578601776747,0.5023981122758784
0.1309030654515327,0.3715720355349556,0.5023781412548686
0.1309030654515327,0.3719582850521437,0.5023773221457459
0.1309030654515327,0.3723445345693318,0.5022658402594539
0.1309030654515327,0.3727307840865199,0.5022257342879537
0.1311101905550953,0.3727307840865199,0.5021431776507198
0.13131731565865784,0.3727307840865199,0.5021404793441913
0.1315244407622204,0.3727307840865199,0.5020941797586865
0.1315244407622204,0.373117033603708,0.5020928598637039
0.13173156586578294,0.373117033603708,0.5020786215326013
0.1319386909693455,0.373117033603708,0.5019331191202433
0.13214581607290804,0.373117033603708,0.501924538400023
0.1323529411764706,0.373117033603708,0.5018437917008102
0.13256006628003314,0.373117033603708,0.5017000287046575
0.1327671913835957,0.373117033603708,0.5016889644688298
0.13297431648715824,0.373117033603708,0.501551702225924
0.13297431648715824,0.3735032831208961,0.5013577704579575
0.13297431648715824,0.3738895326380842,0.5010913488719299
0.1331814415907208,0.3738895326380842,0.5010885388921693
0.13338856669428334,0.3738895326380842,0.5010849665253567
0.13338856669428334,0.3742757821552723,0.5008941720382128
0.13338856669428334,0.3746620316724604,0.5007337793417503
0.13338856669428334,0.3750482811896485,0.5006045288039803
0.13338856669428334,0.37543453070683663,0.5005941920052301
0.13338856669428334,0.3758207802240247,0.5005342976315952
0.1335956917978459,0.3758207802240247,0.5004669461358379
0.1335956917978459,0.37620702974121284,0.5004473288180992
0.13380281690140844,0.37620702974121284,0.500309420409636
0.13380281690140844,0.3765932792584009,0.5002862211273281
0.13380281690140844,0.37697952877558905,0.500280588855733
0.134009942004971,0.37697952877558905,0.5002567673121457
0.134009942004971,0.3773657782927771,0.5002304830455404
0.134009942004971,0.37775202780996525,0.5000869155898662
0.134009942004971,0.3781382773271533,0.5000648965794116
0.134009942004971,0.37852452684434146,0.5000321295224275
0.13421706710853357,0.37852452684434146,0.4999768241982138
0.13442419221209612,0.37852452684434146,0.4997680030481046
0.13463131731565867,0.37852452684434146,0.4997241127991422
0.13463131731565867,0.37891077636152953,0.4996128393910742
0.13463131731565867,0.37929702587871766,0.4994988692700612
0.13463131731565867,0.37968327539590574,0.499475265921341
0.13463131731565867,0.38006952491309387,0.4994649137200609
0.13483844241922122,0.38006952491309387,0.4994259609141602
0.13483844241922122,0.38045577443028195,0.4994256947995039
0.13483844241922122,0.3808420239474701,0.4993784728147389
0.13483844241922122,0.38122827346465815,0.4993325888802202
0.13504556752278377,0.38122827346465815,0.4992816844256497
0.13504556752278377,0.3816145229818463,0.4991662756241117
0.13525269262634632,0.3816145229818463,0.4991611936528641
0.13525269262634632,0.38200077249903436,0.4990392828168131
0.13545981772990887,0.38200077249903436,0.4989395593344805
0.13545981772990887,0.3823870220162225,0.498911182921961
0.13545981772990887,0.38277327153341056,0.4987962797933342
0.13566694283347142,0.38277327153341056,0.4986737718508174
0.13566694283347142,0.3831595210505987,0.4986688992996843
0.13587406793703397,0.3831595210505987,0.4986558403202859
0.13608119304059652,0.3831595210505987,0.4986414415063133
0.13628831814415907,0.3831595210505987,0.4985345733649942
0.13649544324772162,0.3831595210505987,0.4984311355467973
0.13649544324772162,0.38354577056778677,0.4983837294726301
0.13649544324772162,0.3839320200849749,0.4983811279272415
0.13670256835128416,0.3839320200849749,0.498289521305434
0.13690969345484671,0.3839320200849749,0.4982851675895473
0.13690969345484671,0.384318269602163,0.4982673792205022
0.13690969345484671,0.3847045191193511,0.4980183522119939
0.1371168185584093,0.3847045191193511,0.4980041702735379
0.13732394366197184,0.3847045191193511,0.4979649775580232
0.13732394366197184,0.3850907686365392,0.4978796933465886
0.13732394366197184,0.3854770181537273,0.4978783469187741
0.13732394366197184,0.3858632676709154,0.4978605650550472
0.1375310687655344,0.3858632676709154,0.4976039493234939
0.13773819386909694,0.3858632676709154,0.4975089090772585
0.1379453189726595,0.3858632676709154,0.4973699625917581
0.1379453189726595,0.3862495171881035,0.4972901715302196
0.13815244407622204,0.3862495171881035,0.4972424656313839
0.1383595691797846,0.3862495171881035,0.4972366423662052
0.13856669428334714,0.3862495171881035,0.4971491816108907
0.1387738193869097,0.3862495171881035,0.4971463994864872
0.13898094449047224,0.3862495171881035,0.4970813764343399
0.1391880695940348,0.3862495171881035,0.4970226108376654
0.1391880695940348,0.3866357667052916,0.496967593661437
0.13939519469759734,0.3866357667052916,0.4969385680932619
0.13939519469759734,0.3870220162224797,0.4968465224374445
0.13939519469759734,0.3874082657396678,0.4968105373591077
0.13939519469759734,0.38779451525685593,0.4967631852403579
0.1396023198011599,0.38779451525685593,0.496723328413389
0.1396023198011599,0.388180764774044,0.4966890888732587
0.1396023198011599,0.38856701429123214,0.4966701165960536
0.1396023198011599,0.3889532638084202,0.4966379100680997
0.13980944490472244,0.3889532638084202,0.496612635119434
0.13980944490472244,0.38933951332560834,0.4965908440306871
0.13980944490472244,0.3897257628427964,0.4965034123008729
0.140016570008285,0.3897257628427964,0.4963880078395697
0.14022369511184757,0.3897257628427964,0.4962320249117096
0.14043082021541012,0.3897257628427964,0.4961113332891068
0.14063794531897267,0.3897257628427964,0.4959852213771486
0.14084507042253522,0.3897257628427964,0.4958608856605845
0.14084507042253522,0.39011201235998455,0.4958578036936147
0.14084507042253522,0.3904982618771727,0.495843152251489
0.14084507042253522,0.39088451139436076,0.4958359294194261
0.14084507042253522,0.3912707609115489,0.4958299995246051
0.14084507042253522,0.39165701042873696,0.4956422357715326
0.14084507042253522,0.3920432599459251,0.4956063427654066
0.14105219552609777,0.3920432599459251,0.495549621234214
0.14125932062966032,0.3920432599459251,0.49551963069385
0.14146644573322287,0.3920432599459251,0.4954658485605611
0.14167357083678542,0.3920432599459251,0.495302001073732
0.14167357083678542,0.39242950946311317,0.4952749994175411
0.14167357083678542,0.3928157589803013,0.495235237967174
0.14188069594034797,0.3928157589803013,0.4951207129824022
0.14188069594034797,0.3932020084974894,0.494973952381073
0.14208782104391052,0.3932020084974894,0.4949670033401203
0.14208782104391052,0.3935882580146775,0.4948345242890639
0.14208782104391052,0.3939745075318656,0.4947997832923228
0.14208782104391052,0.3943607570490537,0.494753744932296
0.14208782104391052,0.3947470065662418,0.4947215576794017
0.14208782104391052,0.3951332560834299,0.4946951419631474
0.14229494614747307,0.3951332560834299,0.494370142492566
0.14250207125103562,0.3951332560834299,0.4940427501664015
0.14250207125103562,0.395519505600618,0.4940366517653587
0.14270919635459817,0.395519505600618,0.493986136146635
0.14291632145816072,0.395519505600618,0.4939535413303529
0.1431234465617233,0.395519505600618,0.4938647321148128
0.1431234465617233,0.3959057551178061,0.4934671820603707
0.1431234465617233,0.3962920046349942,0.4934224044952886
0.1431234465617233,0.39667825415218233,0.4934147126942056
0.14333057166528584,0.39667825415218233,0.4933469320778927
0.14333057166528584,0.3970645036693704,0.4933281990388055
0.14333057166528584,0.39745075318655854,0.4932755510250405
0.14333057166528584,0.3978370027037466,0.4932433060504812
0.1435376967688484,0.3978370027037466,0.4932019201800308
0.1435376967688484,0.39822325222093474,0.4930649772732542
0.1435376967688484,0.3986095017381228,0.4930340831220969
0.1435376967688484,0.39899575125531095,0.4930320127483801
0.1435376967688484,0.399382000772499,0.4929639174357659
0.14374482187241094,0.399382000772499,0.4929313723227229
0.14374482187241094,0.39976825028968715,0.4928250661544912
0.14374482187241094,0.40015449980687523,0.4928241483032402
0.14374482187241094,0.40054074932406336,0.4928063836916273
0.1439519469759735,0.40054074932406336,0.492797910349544
0.1439519469759735,0.40092699884125144,0.4927740127049616
0.1439519469759735,0.40131324835843957,0.4927667475525202
0.14415907207953604,0.40131324835843957,0.4926394723174628
0.14415907207953604,0.40169949787562764,0.4923620736360641
0.1443661971830986,0.40169949787562764,0.4923251785907728
0.1443661971830986,0.4020857473928158,0.4922021969443881
0.1443661971830986,0.40247199691000385,0.4920634723596733
0.1443661971830986,0.402858246427192,0.4918196169290095
0.14457332228666114,0.402858246427192,0.49181436452039
0.1447804473902237,0.402858246427192,0.4917986383135948
0.14498757249378624,0.402858246427192,0.4917848183462227
0.14498757249378624,0.40324449594438005,0.4916950072416782
0.14498757249378624,0.4036307454615682,0.4915808246283116
0.1451946975973488,0.4036307454615682,0.491470967699716
0.14540182270091134,0.4036307454615682,0.4914650915214202
0.1456089478044739,0.4036307454615682,0.4913655702729452
0.14581607290803644,0.4036307454615682,0.4912214059498037
0.146023198011599,0.4036307454615682,0.4912212510046058
0.146023198011599,0.40401699497875626,0.4912051251474821
0.14623032311516157,0.40401699497875626,0.4911338035271407
0.14623032311516157,0.4044032444959444,0.4911034660388185
0.14623032311516157,0.40478949401313247,0.4910859519280824
0.14623032311516157,0.4051757435303206,0.4909802563946863
0.14623032311516157,0.4055619930475087,0.4909643790296233
0.14623032311516157,0.4059482425646968,0.4909025832100882
0.14643744821872412,0.4059482425646968,0.4908728997608361
0.14643744821872412,0.4063344920818849,0.4908352644945812
0.14643744821872412,0.406720741599073,0.4907991091102303
0.14643744821872412,0.4071069911162611,0.4907423372284068
0.14643744821872412,0.4074932406334492,0.490736510337137
0.14664457332228667,0.4074932406334492,0.4906271474286496
0.14664457332228667,0.4078794901506373,0.4905428862738787
0.14664457332228667,0.4082657396678254,0.4905404601744439
0.14685169842584922,0.4082657396678254,0.4905027720756578
0.14705882352941177,0.4082657396678254,0.4903907432737368
0.14726594863297432,0.4082657396678254,0.4903616234010249
0.14747307373653687,0.4082657396678254,0.4903378203805035
0.14768019884009942,0.4082657396678254,0.4901888478631204
0.14788732394366197,0.4082657396678254,0.4901626881880925
0.14809444904722452,0.4082657396678254,0.4901623995418065
0.14830157415078707,0.4082657396678254,0.4901340430133047
0.14830157415078707,0.4086519891850135,0.4900927935266457
0.14830157415078707,0.40903823870220163,0.4900901346773754
0.14830157415078707,0.4094244882193897,0.4899408525791657
0.14830157415078707,0.40981073773657783,0.4899026113948518
0.14830157415078707,0.4101969872537659,0.4898480959952118
0.14850869925434962,0.4101969872537659,0.4897982685652831
0.14850869925434962,0.41058323677095404,0.4897955206894418
0.14871582435791217,0.41058323677095404,0.4897588863558582
0.14871582435791217,0.4109694862881421,0.4897149692827251
0.14871582435791217,0.41135573580533025,0.4896614191113569
0.14892294946147472,0.41135573580533025,0.4896272698863703
0.14892294946147472,0.4117419853225183,0.4895277767765045
0.1491300745650373,0.4117419853225183,0.4895172932512271
0.1491300745650373,0.41212823483970645,0.4893918551051002
0.14933719966859985,0.41212823483970645,0.4893011784828746
0.1495443247721624,0.41212823483970645,0.4892677787217291
0.1495443247721624,0.41251448435689453,0.4892209726936832
0.14975144987572495,0.41251448435689453,0.489084246235015
0.14975144987572495,0.41290073387408266,0.4890478492175072
0.1499585749792875,0.41290073387408266,0.4889601743081336
0.15016570008285005,0.41290073387408266,0.4889332231014142
0.15016570008285005,0.41328698339127073,0.4889159577023732
0.1503728251864126,0.41328698339127073,0.4889049752452904
0.1503728251864126,0.41367323290845887,0.4888781699906089
0.1503728251864126,0.41405948242564694,0.4888426828382895
0.15057995028997515,0.41405948242564694,0.4887234173422152
0.15057995028997515,0.41444573194283507,0.4887104372096466
0.1507870753935377,0.41444573194283507,0.4885919163041424
0.15099420049710024,0.41444573194283507,0.4885831590978809
0.1512013256006628,0.41444573194283507,0.4885443269841041
0.1512013256006628,0.4148319814600232,0.4885194348450808
0.15140845070422534,0.4148319814600232,0.4884718463006429
0.1516155758077879,0.4148319814600232,0.4884171531344535
0.1516155758077879,0.4152182309772113,0.4881729252172266
0.15182270091135044,0.4152182309772113,0.4881150088397792
0.152029826014913,0.4152182309772113,0.4880267163741876
0.15223695111847557,0.4152182309772113,0.48802301238432
0.15223695111847557,0.4156044804943994,0.4880171388558498
0.15244407622203812,0.4156044804943994,0.4879616630800565
0.15265120132560067,0.4156044804943994,0.4878582900792266
0.15285832642916322,0.4156044804943994,0.4878121381732098
0.15285832642916322,0.4159907300115875,0.4877756707330044
0.15285832642916322,0.4163769795287756,0.4877754547534987
0.15306545153272577,0.4163769795287756,0.4876960001995237
0.15306545153272577,0.4167632290459637,0.4876744535818266
0.15327257663628832,0.4167632290459637,0.4876214328125747
0.15347970173985087,0.4167632290459637,0.4874464919185076
0.15368682684341342,0.4167632290459637,0.4873474382179129
0.15389395194697597,0.4167632290459637,0.4872533141962742
0.15410107705053852,0.4167632290459637,0.4871776213353877
0.15410107705053852,0.4171494785631518,0.4870786911305291
0.15410107705053852,0.4175357280803399,0.4870772041451958
0.15430820215410107,0.4175357280803399,0.4870561364804873
0.15451532725766362,0.4175357280803399,0.4870544793149294
0.15451532725766362,0.417921977597528,0.4869551441976436
0.15451532725766362,0.4183082271147161,0.4869315973974583
0.15472245236122617,0.4183082271147161,0.4869286681131737
0.15472245236122617,0.41869447663190423,0.4869116605426947
0.15492957746478872,0.41869447663190423,0.4868806740392014
0.15492957746478872,0.4190807261490923,0.4868770496686462
0.1551367025683513,0.4190807261490923,0.486864514510114
0.1551367025683513,0.41946697566628044,0.4868205308761113
0.1551367025683513,0.4198532251834685,0.4867941424581492
0.15534382767191385,0.4198532251834685,0.4867569890790454
0.1555509527754764,0.4198532251834685,0.4867394495402912
0.15575807787903895,0.4198532251834685,0.486706419711661
0.1559652029826015,0.4198532251834685,0.4866411015927273
0.15617232808616405,0.4198532251834685,0.4865230613534251
0.1563794531897266,0.4198532251834685,0.4865055321640651
0.15658657829328915,0.4198532251834685,0.4863957996815397
0.1567937033968517,0.4198532251834685,0.4862651886096467
0.15700082850041425,0.4198532251834685,0.4862212460786778
0.1572079536039768,0.4198532251834685,0.486197236918897
0.15741507870753935,0.4198532251834685,0.4861808519167923
0.1576222038111019,0.4198532251834685,0.4860808338296381
0.15782932891466445,0.4198532251834685,0.485836745017191
0.15782932891466445,0.42023947470065665,0.4856857525684069
0.158036454018227,0.42023947470065665,0.4856526930731801
0.15824357912178957,0.42023947470065665,0.4856305506850478
0.15824357912178957,0.4206257242178447,0.4856128163691854
0.15845070422535212,0.4206257242178447,0.4854552334312543
0.15865782932891467,0.4206257242178447,0.4854348555884237
0.15886495443247722,0.4206257242178447,0.4854186577992151
0.15886495443247722,0.42101197373503285,0.485391691289775
0.15907207953603977,0.42101197373503285,0.4853800076083718
0.15927920463960232,0.42101197373503285,0.4853490742164487
0.15927920463960232,0.4213982232522209,0.4852984182462125
0.15927920463960232,0.42178447276940906,0.485265704715899
0.15927920463960232,0.42217072228659713,0.4852334834117895
0.15948632974316487,0.42217072228659713,0.4850873167744294
0.15948632974316487,0.42255697180378526,0.484963826019732
0.15948632974316487,0.42294322132097334,0.4848433709534154
0.15948632974316487,0.42332947083816147,0.4848246294582889
0.15969345484672742,0.42332947083816147,0.484789261210269
0.15990057995028997,0.42332947083816147,0.484760621742089
0.16010770505385252,0.42332947083816147,0.484707109169277
0.16031483015741507,0.42332947083816147,0.4846373077898955
0.16031483015741507,0.42371572035534955,0.4846310931343732
0.16031483015741507,0.4241019698725377,0.4845769693277031
0.16052195526097762,0.4241019698725377,0.4845520423598771
0.16052195526097762,0.42448821938972575,0.484509398411603
0.16072908036454017,0.42448821938972575,0.4842457797954144
0.16072908036454017,0.4248744689069139,0.484206475668353
0.16072908036454017,0.42526071842410196,0.4841390976062252
0.16072908036454017,0.4256469679412901,0.4839447302908076
0.16093620546810272,0.4256469679412901,0.4839372132167372
0.16093620546810272,0.42603321745847816,0.4837695819384676
0.16114333057166527,0.42603321745847816,0.4837523435066444
0.16135045567522785,0.42603321745847816,0.4837518338624528
0.16135045567522785,0.4264194669756663,0.4836258644610243
0.1615575807787904,0.4264194669756663,0.4835963970580041
0.16176470588235295,0.4264194669756663,0.4835042921636091
0.1619718309859155,0.4264194669756663,0.4832809635157294
0.16217895608947805,0.4264194669756663,0.4831895766733207
0.16217895608947805,0.42680571649285437,0.4831867223116993
0.16217895608947805,0.4271919660100425,0.4831240057229363
0.1623860811930406,0.4271919660100425,0.4830929788288817
0.1623860811930406,0.4275782155272306,0.4830695192312377
0.1623860811930406,0.4279644650444187,0.4828859854301616
0.1623860811930406,0.4283507145616068,0.4828842087734623
0.1623860811930406,0.4287369640787949,0.4826384356427473
0.16259320629660315,0.4287369640787949,0.4826203623329883
0.1628003314001657,0.4287369640787949,0.4825254866557558
0.1628003314001657,0.429123213595983,0.4824434528355732
0.1628003314001657,0.4295094631131711,0.4824400361565713
0.1628003314001657,0.4298957126303592,0.4823274686419511
0.16300745650372825,0.4298957126303592,0.4822324340353445
0.16300745650372825,0.4302819621475473,0.4821924261166478
0.1632145816072908,0.4302819621475473,0.4821629651092143
0.1632145816072908,0.4306682116647354,0.4821000249709116
0.16342170671085335,0.4306682116647354,0.4820493968063978
0.16342170671085335,0.43105446118192353,0.4818752167708569
0.16342170671085335,0.4314407106991116,0.4818095477919533
0.1636288318144159,0.4314407106991116,0.4817935191637015
0.16383595691797845,0.4314407106991116,0.481750921697281
0.16383595691797845,0.43182696021629974,0.4816488557614784
0.164043082021541,0.43182696021629974,0.4815854067909006
0.164043082021541,0.4322132097334878,0.4815156719050399
0.16425020712510358,0.4322132097334878,0.4814872380726931
0.16445733222866613,0.4322132097334878,0.4814526967541452
0.16445733222866613,0.43259945925067594,0.4813999592111046
0.16445733222866613,0.432985708767864,0.4813807315073576
0.16445733222866613,0.43337195828505215,0.4813539069866541
0.16445733222866613,0.4337582078022402,0.4813256528359
0.16466445733222868,0.4337582078022402,0.4812167372664885
0.16487158243579123,0.4337582078022402,0.4811827861096622
0.16487158243579123,0.43414445731942836,0.4810235650041222
0.16487158243579123,0.43453070683661643,0.4810064273692449
0.16487158243579123,0.43491695635380456,0.4810052269404524
0.16487158243579123,0.43530320587099264,0.4809992573816757
0.16487158243579123,0.43568945538818077,0.4809848234452814
0.16507870753935378,0.43568945538818077,0.4809360138203444
0.16507870753935378,0.43607570490536884,0.4809281015000944
0.16507870753935378,0.436461954422557,0.4808663237249725
0.16507870753935378,0.43684820393974505,0.480739164213892
0.16507870753935378,0.4372344534569332,0.4805025297584951
0.16528583264291632,0.4372344534569332,0.4804089996297684
0.16549295774647887,0.4372344534569332,0.4803568199198834
0.16570008285004142,0.4372344534569332,0.4803206349536626
0.16570008285004142,0.43762070297412126,0.4803150108958193
0.16590720795360397,0.43762070297412126,0.4802751349109759
0.16590720795360397,0.4380069524913094,0.4802703194162526
0.16590720795360397,0.43839320200849746,0.4802217907915626
0.16611433305716652,0.43839320200849746,0.4801839933859439
0.16611433305716652,0.4387794515256856,0.4800715452244105
0.16632145816072907,0.4387794515256856,0.4800656660999928
0.16652858326429162,0.4387794515256856,0.4800525746972252
0.16673570836785417,0.4387794515256856,0.4796744248081321
0.16694283347141672,0.4387794515256856,0.4796561366122934
0.16694283347141672,0.4391657010428737,0.4795650262783829
0.16694283347141672,0.4395519505600618,0.4795431399109772
0.16694283347141672,0.43993820007724993,0.4795076514143266
0.16714995857497927,0.43993820007724993,0.4795020520167628
0.16735708367854185,0.43993820007724993,0.4794814156513585
0.1675642087821044,0.43993820007724993,0.4794444021343305
0.16777133388566695,0.43993820007724993,0.4794227838213429
0.16777133388566695,0.440324449594438,0.4792234979685228
0.16777133388566695,0.44071069911162614,0.4789863142186335
0.16777133388566695,0.4410969486288142,0.4788730557284133
0.1679784589892295,0.4410969486288142,0.4787441269487847
0.1679784589892295,0.44148319814600234,0.4787132298346064
0.16818558409279205,0.44148319814600234,0.4787069729788838
0.1683927091963546,0.44148319814600234,0.47865581618378
0.16859983429991715,0.44148319814600234,0.4785409513432722
0.1688069594034797,0.44148319814600234,0.4785298866499427
0.16901408450704225,0.44148319814600234,0.4785226126963799
0.1692212096106048,0.44148319814600234,0.4783882915977447
0.16942833471416735,0.44148319814600234,0.4783804006662447
0.1696354598177299,0.44148319814600234,0.4783425025512614
0.1696354598177299,0.4418694476631904,0.4783381588444033
0.16984258492129245,0.4418694476631904,0.4783212695825609
0.16984258492129245,0.44225569718037855,0.4782061916888518
0.16984258492129245,0.4426419466975666,0.4781238809521459
0.16984258492129245,0.44302819621475475,0.4780291405643457
0.170049710024855,0.44302819621475475,0.4780281585845809
0.170049710024855,0.44341444573194283,0.4779882702874979
0.170049710024855,0.44380069524913096,0.4779170814607091
0.17025683512841758,0.44380069524913096,0.4778385449639954
0.17046396023198013,0.44380069524913096,0.4778369275547438
0.17046396023198013,0.44418694476631904,0.4778318037538819
0.17067108533554268,0.44418694476631904,0.4777804716352472
0.17087821043910523,0.44418694476631904,0.4777266731421472
0.17087821043910523,0.44457319428350717,0.4776512483267551
0.17108533554266778,0.44457319428350717,0.477616188323316
0.17129246064623033,0.44457319428350717,0.4775413906244461
0.17149958574979288,0.44457319428350717,0.4775241872366417
0.17149958574979288,0.44495944380069524,0.4774320684527562
0.17170671085335543,0.44495944380069524,0.4774173701841969
0.17191383595691798,0.44495944380069524,0.4773835124554681
0.17212096106048053,0.44495944380069524,0.4773513394826202
0.17212096106048053,0.4453456933178834,0.4773027761134047
0.17212096106048053,0.44573194283507145,0.4772277106228607
0.17232808616404308,0.44573194283507145,0.4771246340587934
0.17232808616404308,0.4461181923522596,0.4770370414767975
0.17232808616404308,0.44650444186944765,0.4769832724394419
0.17253521126760563,0.44650444186944765,0.4769127515196524
0.17253521126760563,0.4468906913866358,0.4768602126536495
0.17274233637116818,0.4468906913866358,0.4766936840041788
0.17294946147473073,0.4468906913866358,0.4766774650826229
0.17315658657829328,0.4468906913866358,0.4766542603599777
0.17336371168185585,0.4468906913866358,0.4763099545465223
0.1735708367854184,0.4468906913866358,0.4763009043741447
0.17377796188898095,0.4468906913866358,0.476202114900943
0.1739850869925435,0.4468906913866358,0.4761170644835461
0.17419221209610605,0.4468906913866358,0.4760956265902338
0.1743993371996686,0.4468906913866358,0.4759182965547769
0.1743993371996686,0.44727694090382386,0.4759091998512464
0.1743993371996686,0.447663190421012,0.4758627591080477
0.17460646230323115,0.447663190421012,0.4758549966529154
0.1748135874067937,0.447663190421012,0.4758271516904527
0.17502071251035625,0.447663190421012,0.4758173380136782
0.17502071251035625,0.44804943993820007,0.4758093953324739
0.17502071251035625,0.4484356894553882,0.4757861143008725
0.17502071251035625,0.4488219389725763,0.4757246803384545
0.1752278376139188,0.4488219389725763,0.4754456344852151
0.17543496271748135,0.4488219389725763,0.4754446577562822
0.1756420878210439,0.4488219389725763,0.475314240037874
0.17584921292460645,0.4488219389725763,0.4753087743693555
0.17584921292460645,0.4492081884897644,0.4752602485380762
0.17584921292460645,0.4495944380069525,0.4752260520520842
0.17584921292460645,0.4499806875241406,0.4752139940213197
0.176056338028169,0.4499806875241406,0.4752121928623932
0.17626346313173158,0.4499806875241406,0.4751964578678912
0.17626346313173158,0.4503669370413287,0.4751927538365499
0.17647058823529413,0.4503669370413287,0.4751520835357289
0.17667771333885668,0.4503669370413287,0.4749345135146625
0.17688483844241923,0.4503669370413287,0.4748630205152347
0.17688483844241923,0.4507531865585168,0.4748437465512132
0.17688483844241923,0.4511394360757049,0.4747936874281073
0.17709196354598178,0.4511394360757049,0.4747586508927654
0.17729908864954433,0.4511394360757049,0.4747034313524705
0.17750621375310688,0.4511394360757049,0.4744402449030851
0.17771333885666943,0.4511394360757049,0.4743885229218344
0.17792046396023198,0.4511394360757049,0.474387697627893
0.17812758906379453,0.4511394360757049,0.4743055110393553
0.17812758906379453,0.451525685592893,0.4742961489391601
0.17812758906379453,0.4519119351100811,0.4742410939803591
0.17812758906379453,0.45229818462726923,0.4742244121900553
0.17812758906379453,0.4526844341444573,0.4741518646688017
0.17833471416735708,0.4526844341444573,0.4741471540694194
0.17833471416735708,0.45307068366164543,0.4740039545746792
0.17854183927091963,0.45307068366164543,0.4739918013420854
0.17854183927091963,0.4534569331788335,0.4739903416081306
0.17874896437448218,0.4534569331788335,0.4739759739253635
0.17874896437448218,0.45384318269602164,0.4739705266862501
0.17895608947804473,0.45384318269602164,0.4739428613610087
0.17895608947804473,0.4542294322132097,0.4739164988989308
0.17895608947804473,0.45461568173039785,0.4738959561331398
0.17895608947804473,0.4550019312475859,0.4738235203489743
0.17895608947804473,0.45538818076477405,0.4738168101837652
0.17916321458160728,0.45538818076477405,0.473809413217424
0.17937033968516986,0.45538818076477405,0.4737796408015665
0.17937033968516986,0.45577443028196213,0.4737746122712705
0.1795774647887324,0.45577443028196213,0.4735404856047499
0.1795774647887324,0.45616067979915026,0.4735295489481617
0.1795774647887324,0.45654692931633833,0.4735084256026848
0.17978458989229495,0.45654692931633833,0.4734705582570976
0.1799917149958575,0.45654692931633833,0.4734661087486613
0.1799917149958575,0.45693317883352647,0.4734516640821426
0.18019884009942005,0.45693317883352647,0.4734018549133796
0.1804059652029826,0.45693317883352647,0.4732692625721341
0.1804059652029826,0.45731942835071454,0.4732448166980994
0.18061309030654515,0.45731942835071454,0.4731566559504334
0.18061309030654515,0.45770567786790267,0.4731420573751492
0.1808202154101077,0.45770567786790267,0.4731048798745921
0.18102734051367025,0.45770567786790267,0.4730821921845415
0.1812344656172328,0.45770567786790267,0.4730620487955305
0.18144159072079535,0.45770567786790267,0.4730286632741997
0.18144159072079535,0.45809192738509075,0.4730116619922352
0.1816487158243579,0.45809192738509075,0.4730070510884727
0.1816487158243579,0.4584781769022789,0.4729438190688541
0.1816487158243579,0.45886442641946695,0.4729159079318232
0.18185584092792045,0.45886442641946695,0.4729129629745094
0.18185584092792045,0.4592506759366551,0.4728319761735221
0.18185584092792045,0.45963692545384316,0.4726866790369882
0.18185584092792045,0.4600231749710313,0.4725853578461237
0.182062966031483,0.4600231749710313,0.4723943413191984
0.18227009113504558,0.4600231749710313,0.4722127789372456
0.18247721623860813,0.4600231749710313,0.4721915301927034
0.18247721623860813,0.46040942448821937,0.4721544033428585
0.18247721623860813,0.4607956740054075,0.4721521960457616
0.18268434134217068,0.4607956740054075,0.4721397683604834
0.18268434134217068,0.46118192352259557,0.4721368046135952
0.18268434134217068,0.4615681730397837,0.4721192991906824
0.18268434134217068,0.4619544225569718,0.4720753594622824
0.18289146644573323,0.4619544225569718,0.4720315164317998
0.18309859154929578,0.4619544225569718,0.4718609766895698
0.18330571665285833,0.4619544225569718,0.4718424564144599
0.18330571665285833,0.4623406720741599,0.4718215216275255
0.18330571665285833,0.462726921591348,0.4718134794386197
0.18351284175642088,0.462726921591348,0.4717523953084662
0.18371996685998343,0.462726921591348,0.4717496246620075
0.18392709196354598,0.462726921591348,0.4716740872194989
0.18392709196354598,0.4631131711085361,0.4716084245883414
0.18392709196354598,0.46349942062572425,0.4715097104081423
0.18413421706710853,0.46349942062572425,0.4715075471760517
0.18434134217067108,0.46349942062572425,0.4714451079080163
0.18454846727423363,0.46349942062572425,0.4713560482185815
0.18475559237779618,0.46349942062572425,0.4713491672493224
0.18475559237779618,0.4638856701429123,0.4713402086680913
0.18475559237779618,0.46427191966010045,0.4711953646453818
0.18496271748135873,0.46427191966010045,0.4711766721893591
0.18496271748135873,0.4646581691772885,0.4711515374457154
0.18496271748135873,0.46504441869447666,0.471148266731545
0.18496271748135873,0.46543066821166473,0.4711148300151461
0.18516984258492128,0.46543066821166473,0.4710235773980618
0.18537696768848386,0.46543066821166473,0.4706116875408388
0.1855840927920464,0.46543066821166473,0.4705895450718397
0.1855840927920464,0.46581691772885286,0.4705022392696074
0.1855840927920464,0.46620316724604094,0.4704903158327589
0.18579121789560896,0.46620316724604094,0.47041205518273
0.1859983429991715,0.46620316724604094,0.4704023981529561
0.18620546810273406,0.46620316724604094,0.4703934423279215
0.1864125932062966,0.46620316724604094,0.4703690022003615
0.1864125932062966,0.46658941676322907,0.4703402767044911
0.1864125932062966,0.46697566628041715,0.4702706640305856
0.1864125932062966,0.4673619157976053,0.4701620876901073
0.1864125932062966,0.46774816531479335,0.4701253506165336
0.1864125932062966,0.4681344148319815,0.4700941056071501
0.1864125932062966,0.46852066434916956,0.4700876753208521
0.1864125932062966,0.4689069138663577,0.4700503729190846
0.18661971830985916,0.4689069138663577,0.4699195850879795
0.1868268434134217,0.4689069138663577,0.4698712661374791
0.18703396851698426,0.4689069138663577,0.4698512206249055
0.18703396851698426,0.46929316338354576,0.4697184610598957
0.1872410936205468,0.46929316338354576,0.4697085010167817
0.18744821872410936,0.46929316338354576,0.4696689807012533
0.1876553438276719,0.46929316338354576,0.4696528794394109
0.1876553438276719,0.4696794129007339,0.4695719506586798
0.1876553438276719,0.47006566241792197,0.4695441764912635
0.1876553438276719,0.4704519119351101,0.4694171532136924
0.18786246893123446,0.4704519119351101,0.4694165546785035
0.188069594034797,0.4704519119351101,0.4693559032087681
0.18827671913835958,0.4704519119351101,0.4693445115078655
0.18827671913835958,0.4708381614522982,0.46934164538033
0.18827671913835958,0.4712244109694863,0.4692845523239645
0.18848384424192213,0.4712244109694863,0.4691338522704206
0.18848384424192213,0.4716106604866744,0.46912901714433
0.18869096934548468,0.4716106604866744,0.4691093839669759
0.18889809444904723,0.4716106604866744,0.4690936006096929
0.18910521955260978,0.4716106604866744,0.4690895504224583
0.18931234465617233,0.4716106604866744,0.4690578504709729
0.18931234465617233,0.4719969100038625,0.4690443751014019
0.18931234465617233,0.4723831595210506,0.4689019466171397
0.18931234465617233,0.4727694090382387,0.4689012663072178
0.18931234465617233,0.4731556585554268,0.468836291686614
0.18951946975973488,0.4731556585554268,0.468749254990522
0.18972659486329743,0.4731556585554268,0.4687125101225107
0.18972659486329743,0.4735419080726149,0.4686557218395779
0.18993371996685998,0.4735419080726149,0.4686497383983863
0.19014084507042253,0.4735419080726149,0.4686338578385076
0.19034797017398508,0.4735419080726149,0.4685676293455378
0.19055509527754763,0.4735419080726149,0.4684835018988136
0.19055509527754763,0.473928157589803,0.4684318176258518
0.19055509527754763,0.47431440710699113,0.468386100792913
0.19055509527754763,0.4747006566241792,0.4683730872953112
0.19076222038111018,0.4747006566241792,0.4681680677003532
0.19096934548467273,0.4747006566241792,0.4681108802692632
0.19096934548467273,0.47508690614136734,0.4681087029508144
0.19096934548467273,0.4754731556585554,0.4680634282236876
0.19096934548467273,0.47585940517574354,0.4680192617593027
0.19117647058823528,0.47585940517574354,0.4679297117102022
0.19138359569179786,0.47585940517574354,0.4679262186469564
0.1915907207953604,0.47585940517574354,0.4678094446563166
0.19179784589892296,0.47585940517574354,0.4678072416787314
0.19179784589892296,0.4762456546929316,0.4676259243949879
0.19179784589892296,0.47663190421011975,0.4673719088210427
0.19179784589892296,0.4770181537273078,0.4673402287166373
0.19179784589892296,0.47740440324449596,0.4673010058618124
0.19179784589892296,0.47779065276168403,0.4672704172842534
0.1920049710024855,0.47779065276168403,0.4672474942931596
0.1920049710024855,0.47817690227887216,0.4672437937702648
0.19221209610604806,0.47817690227887216,0.467225036844884
0.19221209610604806,0.47856315179606024,0.4672079812547316
0.19221209610604806,0.47894940131324837,0.4671976212005613
0.1924192212096106,0.47894940131324837,0.4671771677909392
0.1924192212096106,0.47933565083043644,0.4671276942975785
0.19262634631317316,0.47933565083043644,0.4670996642140033
0.1928334714167357,0.47933565083043644,0.4670938743277909
0.19304059652029826,0.47933565083043644,0.4670309537786609
0.19304059652029826,0.4797219003476246,0.4669840772096024
0.1932477216238608,0.4797219003476246,0.4668742057396166
0.1932477216238608,0.48010814986481265,0.4667262430717517
0.19345484672742336,0.48010814986481265,0.4666798673482698
0.19345484672742336,0.4804943993820008,0.4666740680081522
0.19345484672742336,0.48088064889918886,0.4665993184559128
0.19345484672742336,0.481266898416377,0.4664994893053984
0.19345484672742336,0.48165314793356506,0.4664417612111414
0.19345484672742336,0.4820393974507532,0.4662830587367114
0.1936619718309859,0.4820393974507532,0.4662388784633641
0.19386909693454846,0.4820393974507532,0.4662111841627441
0.19386909693454846,0.48242564696794127,0.4661805920383564
0.19386909693454846,0.4828118964851294,0.4661395722713388
0.19386909693454846,0.4831981460023175,0.4661359363069773
0.194076222038111,0.4831981460023175,0.466103549228234
0.19428334714167358,0.4831981460023175,0.4660962842038539
0.19449047224523613,0.4831981460023175,0.4660888118659839
0.19449047224523613,0.4835843955195056,0.4660785222349073
0.19449047224523613,0.4839706450366937,0.4660049077716265
0.19469759734879868,0.4839706450366937,0.4659769696941495
0.19490472245236123,0.4839706450366937,0.4659025693633614
0.19490472245236123,0.4843568945538818,0.4658773966100409
0.19511184755592378,0.4843568945538818,0.4658766253182638
0.19531897265948633,0.4843568945538818,0.4658720131473217
0.19552609776304888,0.4843568945538818,0.4658535459166372
0.19573322286661143,0.4843568945538818,0.4658417945818838
0.19573322286661143,0.4847431440710699,0.4657289656730198
0.19594034797017398,0.4847431440710699,0.465696263934207
0.19594034797017398,0.485129393588258,0.4656635088898362
0.19614747307373653,0.485129393588258,0.4656199902152932
0.19635459817729908,0.485129393588258,0.4656186515387444
0.19635459817729908,0.4855156431054461,0.4656099335468981
0.19635459817729908,0.4859018926226342,0.4655576187638679
0.19635459817729908,0.4862881421398223,0.4655346164703549
0.19656172328086163,0.4862881421398223,0.4655311093208893
0.19656172328086163,0.48667439165701043,0.4654392006387317
0.19656172328086163,0.4870606411741985,0.4654087037040197
0.19676884838442418,0.4870606411741985,0.4653769967547205
0.19697597348798673,0.4870606411741985,0.4653141396455773
0.19697597348798673,0.48744689069138664,0.4653017865871131
0.19718309859154928,0.48744689069138664,0.4652930121167682
0.19739022369511186,0.48744689069138664,0.4651860623028993
0.1975973487986744,0.48744689069138664,0.4651841194449059
0.19780447390223696,0.48744689069138664,0.4649204167620351
0.1980115990057995,0.48744689069138664,0.4648303780203891
0.19821872410936206,0.48744689069138664,0.4647984253772234
0.19821872410936206,0.48783314020857477,0.4646824493690739
0.1984258492129246,0.48783314020857477,0.4646079378215982
0.1984258492129246,0.48821938972576284,0.4645977277704657
0.19863297431648716,0.48821938972576284,0.4645432945046849
0.1988400994200497,0.48821938972576284,0.4643973088745929
0.19904722452361226,0.48821938972576284,0.4642330561292029
0.19904722452361226,0.488605639242951,0.4641936515521717
0.19904722452361226,0.48899188876013905,0.4640964345552459
0.19904722452361226,0.4893781382773272,0.4639574353877672
0.19904722452361226,0.48976438779451525,0.4638718744688714
0.19904722452361226,0.4901506373117034,0.463838703611285
0.19904722452361226,0.49053688682889146,0.4637892373089472
0.1992543496271748,0.49053688682889146,0.4636694018467887
0.1992543496271748,0.4909231363460796,0.4635819060941029
0.19946147473073736,0.4909231363460796,0.4634112145243486
0.1996685998342999,0.4909231363460796,0.4634094301119076
0.19987572493786246,0.4909231363460796,0.4633525221790833
0.19987572493786246,0.49130938586326767,0.4632203739264591
0.19987572493786246,0.4916956353804558,0.4631932583940346
0.200082850041425,0.4916956353804558,0.4631072096706062
0.20028997514498756,0.4916956353804558,0.463090514665646
0.20049710024855014,0.4916956353804558,0.4630521029964322
0.20049710024855014,0.4920818848976439,0.4630143032557672
0.20049710024855014,0.492468134414832,0.462976160270401
0.2007042253521127,0.492468134414832,0.4629737890885175
0.2007042253521127,0.4928543839320201,0.4629672333766195
0.2007042253521127,0.4932406334492082,0.4628985778014077
0.2007042253521127,0.4936268829663963,0.4628935137141794
0.20091135045567524,0.4936268829663963,0.4627934649413586
0.20111847555923779,0.4936268829663963,0.4625936125689507
0.20132560066280034,0.4936268829663963,0.4625863344394638
0.20132560066280034,0.4940131324835844,0.462577731120833
0.20153272576636289,0.4940131324835844,0.4625375264060697
0.20153272576636289,0.4943993820007725,0.4623886756095558
0.20173985086992544,0.4943993820007725,0.4623333596084877
0.20194697597348799,0.4943993820007725,0.4622432891096532
0.20215410107705054,0.4943993820007725,0.462189489159298
0.20215410107705054,0.4947856315179606,0.4621091095549413
0.20215410107705054,0.4951718810351487,0.4620742088715829
0.20215410107705054,0.49555813055233683,0.4619867118681277
0.20236122618061309,0.49555813055233683,0.4619369694806769
0.20256835128417564,0.49555813055233683,0.461904895398137
0.20256835128417564,0.4959443800695249,0.4618393118579976
0.20256835128417564,0.49633062958671303,0.461824626049478
0.20256835128417564,0.4967168791039011,0.4615125362851788
0.20256835128417564,0.49710312862108924,0.4615060639578709
0.20277547638773818,0.49710312862108924,0.4613000221200134
0.20298260149130073,0.49710312862108924,0.4612883639635203
0.20318972659486328,0.49710312862108924,0.4612660892373615
0.20339685169842586,0.49710312862108924,0.4612597449062062
0.2036039768019884,0.49710312862108924,0.4611824662699197
0.2036039768019884,0.4974893781382773,0.4611099224262048
0.20381110190555096,0.4974893781382773,0.4610172647751034
0.2040182270091135,0.4974893781382773,0.4609813876308065
0.2040182270091135,0.49787562765546545,0.4608377821017473
0.2040182270091135,0.4982618771726535,0.4608264238804307
0.2040182270091135,0.49864812668984165,0.4607770443920046
0.20422535211267606,0.49864812668984165,0.4607121100837351
0.20422535211267606,0.49903437620702973,0.4606326685166704
0.2044324772162386,0.49903437620702973,0.4606209014142172
0.2044324772162386,0.49942062572421786,0.4605839479736403
0.20463960231980116,0.49942062572421786,0.4605497093713447
0.2048467274233637,0.49942062572421786,0.4605489104356408
0.2048467274233637,0.49980687524140593,0.4605471494134073
0.20505385252692626,0.49980687524140593,0.4604576331798823
0.20505385252692626,0.500193124758594,0.4604232271352738
0.2052609776304888,0.500193124758594,0.4603946513590426
0.20546810273405136,0.500193124758594,0.4603686267104235
0.20546810273405136,0.5005793742757821,0.4603572389288984
0.2056752278376139,0.5005793742757821,0.4603458106675698
0.20588235294117646,0.5005793742757821,0.4601202940175674
0.20588235294117646,0.5009656237929703,0.4600919886389718
0.206089478044739,0.5009656237929703,0.4600259329813468
0.20629660314830156,0.5009656237929703,0.4600069384297668
0.20650372825186414,0.5009656237929703,0.4599925787952647
0.20650372825186414,0.5013518733101584,0.4599431814541419
0.20650372825186414,0.5017381228273464,0.4598628119761681
0.2067108533554267,0.5017381228273464,0.4597626421738055
0.20691797845898924,0.5017381228273464,0.4597604577914823
0.20691797845898924,0.5021243723445346,0.4597513837792729
0.2071251035625518,0.5021243723445346,0.4597257214298039
0.2071251035625518,0.5025106218617227,0.4595933517129203
0.20733222866611434,0.5025106218617227,0.4595542004983308
0.2075393537696769,0.5025106218617227,0.4594381754619941
0.20774647887323944,0.5025106218617227,0.4594032994308609
0.20774647887323944,0.5028968713789108,0.4593685659769821
0.20774647887323944,0.5032831208960988,0.4593391030202701
0.20774647887323944,0.503669370413287,0.4591339500879309
0.207953603976802,0.503669370413287,0.4590832227799621
0.207953603976802,0.5040556199304751,0.4590653417510711
0.207953603976802,0.5044418694476632,0.4589133278385794
0.20816072908036454,0.5044418694476632,0.4586714504960307
0.2083678541839271,0.5044418694476632,0.4584718836553838
0.20857497928748964,0.5044418694476632,0.4584053069762376
0.2087821043910522,0.5044418694476632,0.4583882327986739
0.2087821043910522,0.5048281189648512,0.4583065332456568
0.20898922949461474,0.5048281189648512,0.4582366276187151
0.2091963545981773,0.5048281189648512,0.4582028992641284
0.20940347970173986,0.5048281189648512,0.458109152255151
0.20940347970173986,0.5052143684820394,0.4580471560968167
0.20961060480530241,0.5052143684820394,0.4579402539234027
0.20981772990886496,0.5052143684820394,0.4577841953757542
0.20981772990886496,0.5056006179992275,0.4577677191744903
0.20981772990886496,0.5059868675164156,0.4576828515764252
0.20981772990886496,0.5063731170336037,0.4576546250255567
0.20981772990886496,0.5067593665507918,0.4575250707821379
0.20981772990886496,0.5071456160679799,0.4574867653035286
0.2100248550124275,0.5071456160679799,0.4574663007604016
0.2100248550124275,0.507531865585168,0.4573703606130212
0.2100248550124275,0.5079181151023561,0.4572582389955439
0.2100248550124275,0.5083043646195442,0.4572458388410573
0.21023198011599006,0.5083043646195442,0.4572385904420032
0.2104391052195526,0.5083043646195442,0.4571317168468903
0.2104391052195526,0.5086906141367323,0.4570680278411357
0.2104391052195526,0.5090768636539205,0.4570472842533451
0.21064623032311516,0.5090768636539205,0.4569926838173297
0.2108533554266777,0.5090768636539205,0.4569885248224714
0.21106048053024026,0.5090768636539205,0.4569804267282246
0.21106048053024026,0.5094631131711085,0.4569648544092761
0.21106048053024026,0.5098493626882966,0.4569236479464119
0.2112676056338028,0.5098493626882966,0.4568392997734575
0.2112676056338028,0.5102356122054847,0.4566163252247706
0.21147473073736536,0.5102356122054847,0.4565125042962232
0.21147473073736536,0.5106218617226729,0.4564263206393315
0.21147473073736536,0.5110081112398609,0.4563509831920667
0.21147473073736536,0.511394360757049,0.4563290815996164
0.2116818558409279,0.511394360757049,0.456303437966715
0.21188898094449046,0.511394360757049,0.4561847366213036
0.212096106048053,0.511394360757049,0.4561055485216417
0.21230323115161556,0.511394360757049,0.456091468026124
0.21251035625517814,0.511394360757049,0.4560099336938713
0.21251035625517814,0.5117806102742372,0.4560065095067028
0.21251035625517814,0.5121668597914253,0.4559974321726573
0.2127174813587407,0.5121668597914253,0.455966476553595
0.2127174813587407,0.5125531093086134,0.4559651094841299
0.21292460646230324,0.5125531093086134,0.4559158199030744
0.21292460646230324,0.5129393588258014,0.4558761483320893
0.2131317315658658,0.5129393588258014,0.4558361897197659
0.21333885666942834,0.5129393588258014,0.4557869552507719
0.2135459817729909,0.5129393588258014,0.455395322603054
0.21375310687655344,0.5129393588258014,0.4553288119475864
0.21375310687655344,0.5133256083429896,0.4552508581106915
0.21375310687655344,0.5137118578601777,0.4552506145808548
0.21375310687655344,0.5140981073773658,0.4552189618020487
0.21375310687655344,0.5144843568945539,0.4551928370514879
0.213960231980116,0.5144843568945539,0.4551643406399587
0.213960231980116,0.514870606411742,0.4551032790359128
0.213960231980116,0.5152568559289301,0.4550200401366729
0.21416735708367854,0.5152568559289301,0.4549784095347777
0.21416735708367854,0.5156431054461182,0.4548916176870691
0.2143744821872411,0.5156431054461182,0.4548664709022247
0.21458160729080364,0.5156431054461182,0.4548146823276636
0.21458160729080364,0.5160293549633063,0.4545884876575745
0.2147887323943662,0.5160293549633063,0.4545478123809508
0.21499585749792874,0.5160293549633063,0.4545162599613912
0.2152029826014913,0.5160293549633063,0.4544502688543492
0.2152029826014913,0.5164156044804944,0.4544403252208546
0.21541010770505387,0.5164156044804944,0.4543501199906683
0.21541010770505387,0.5168018539976825,0.454294365564114
0.21561723280861642,0.5168018539976825,0.4542931426587872
0.21582435791217897,0.5168018539976825,0.4542428773342683
0.21603148301574152,0.5168018539976825,0.4541303716614932
0.21623860811930407,0.5168018539976825,0.4540695979055773
0.21623860811930407,0.5171881035148707,0.4540394983817967
0.21644573322286662,0.5171881035148707,0.4539170843080765
0.21665285832642917,0.5171881035148707,0.4539160754220298
0.21685998342999172,0.5171881035148707,0.4539040804820665
0.21685998342999172,0.5175743530320587,0.453787670026791
0.21706710853355426,0.5175743530320587,0.453751540999889
0.21727423363711681,0.5175743530320587,0.4536841458923735
0.21748135874067936,0.5175743530320587,0.4536593590657347
0.21748135874067936,0.5179606025492468,0.4536335424477697
0.21748135874067936,0.5183468520664349,0.4536323619389174
0.21748135874067936,0.5187331015836231,0.4535760408142407
0.21748135874067936,0.5191193511008111,0.453563439759809
0.21768848384424191,0.5191193511008111,0.4534814371833681
0.21768848384424191,0.5195056006179992,0.4534372539747333
0.21789560894780446,0.5195056006179992,0.4534096210813682
0.21789560894780446,0.5198918501351874,0.4533845564766594
0.21810273405136701,0.5198918501351874,0.4533448023565309
0.21810273405136701,0.5202780996523755,0.4533408088781362
0.21810273405136701,0.5206643491695635,0.4533351338511214
0.21830985915492956,0.5206643491695635,0.4533161780186663
0.21851698425849214,0.5206643491695635,0.4532577951276104
0.2187241093620547,0.5206643491695635,0.4531448694898071
0.2187241093620547,0.5210505986867516,0.4531178890597484
0.2187241093620547,0.5214368482039398,0.4528467359945095
0.21893123446561724,0.5214368482039398,0.4528022014734054
0.2191383595691798,0.5214368482039398,0.4527852874642941
0.2191383595691798,0.5218230977211279,0.4527500672825145
0.21934548467274234,0.5218230977211279,0.4525871032164803
0.21934548467274234,0.5222093472383159,0.4525084350304278
0.2195526097763049,0.5222093472383159,0.452322496623427
0.21975973487986744,0.5222093472383159,0.4522301592890508
0.21996685998343,0.5222093472383159,0.452201908512585
0.22017398508699254,0.5222093472383159,0.452163245315683
0.22017398508699254,0.522595596755504,0.4521110085502318
0.22017398508699254,0.5229818462726922,0.4520257957878849
0.2203811101905551,0.5229818462726922,0.4519322025308386
0.22058823529411764,0.5229818462726922,0.4518789094232473
0.2207953603976802,0.5229818462726922,0.4518132139582475
0.22100248550124274,0.5229818462726922,0.45175615944143
0.2212096106048053,0.5229818462726922,0.4516700840212083
0.22141673570836787,0.5229818462726922,0.4516011601557597
0.22141673570836787,0.5233680957898803,0.451426293461648
0.22162386081193042,0.5233680957898803,0.4514008577901628
0.22183098591549297,0.5233680957898803,0.4513484299402776
0.22203811101905552,0.5233680957898803,0.4511817398131441
0.22224523612261807,0.5233680957898803,0.4511728462487156
0.22245236122618062,0.5233680957898803,0.4511556417953002
0.22265948632974317,0.5233680957898803,0.4511070327960912
0.22286661143330572,0.5233680957898803,0.4510251628568705
0.22307373653686827,0.5233680957898803,0.4510043571209254
0.22328086164043082,0.5233680957898803,0.4508276320355799
0.22328086164043082,0.5237543453070683,0.4507510465227756
0.22328086164043082,0.5241405948242565,0.4507395407097967
0.22328086164043082,0.5245268443414446,0.4506643182468579
0.22328086164043082,0.5249130938586327,0.4506410520642442
0.22348798674399337,0.5249130938586327,0.4505909769579568
0.22348798674399337,0.5252993433758207,0.4505512482936464
0.22369511184755592,0.5252993433758207,0.4505011186939737
0.22390223695111847,0.5252993433758207,0.4504504088036897
0.22410936205468102,0.5252993433758207,0.4503913832751326
0.22431648715824357,0.5252993433758207,0.4503723417261946
0.22431648715824357,0.5256855928930089,0.4502929283116841
0.22452361226180614,0.5256855928930089,0.4501616157921894
0.22452361226180614,0.526071842410197,0.4501231585578846
0.2247307373653687,0.526071842410197,0.4501194861642507
0.22493786246893124,0.526071842410197,0.4501046718932727
0.22493786246893124,0.5264580919273851,0.4501002410048431
0.2251449875724938,0.5264580919273851,0.4500481952557887
0.22535211267605634,0.5264580919273851,0.4498908518434822
0.2255592377796189,0.5264580919273851,0.4497957121950334
0.2255592377796189,0.5268443414445731,0.4496712768918901
0.2255592377796189,0.5272305909617613,0.4496422858173421
0.22576636288318144,0.5272305909617613,0.4495739987467218
0.22576636288318144,0.5276168404789494,0.4495171155006762
0.225973487986744,0.5276168404789494,0.4495114772197957
0.225973487986744,0.5280030899961375,0.4494617871945674
0.225973487986744,0.5283893395133256,0.4494432488584528
0.225973487986744,0.5287755890305137,0.4494360898715154
0.22618061309030654,0.5287755890305137,0.4493989171366904
0.2263877381938691,0.5287755890305137,0.4493443940874946
0.22659486329743164,0.5287755890305137,0.4492086901346165
0.2268019884009942,0.5287755890305137,0.4491785759372432
0.22700911350455674,0.5287755890305137,0.449176433528703
0.2272162386081193,0.5287755890305137,0.4490206806737957
0.22742336371168187,0.5287755890305137,0.4490173150446643
0.22763048881524442,0.5287755890305137,0.4488467604546622
0.22763048881524442,0.5291618385477018,0.4488140210378847
0.22763048881524442,0.52954808806489,0.4488129202731138
0.22763048881524442,0.529934337582078,0.4487962257548876
0.22763048881524442,0.5303205870992661,0.4487630995916822
0.22763048881524442,0.5307068366164542,0.4486944383592359
0.22783761391880697,0.5307068366164542,0.4485734598306892
0.22783761391880697,0.5310930861336424,0.4485266734303357
0.22783761391880697,0.5314793356508304,0.4485101863528506
0.22783761391880697,0.5318655851680185,0.4484784637152512
0.22804473902236952,0.5318655851680185,0.4484051677792295
0.22825186412593207,0.5318655851680185,0.4483909401914015
0.22845898922949462,0.5318655851680185,0.4483901553322488
0.22845898922949462,0.5322518346852066,0.4482873586801698
0.22866611433305717,0.5322518346852066,0.4482785898905393
0.22887323943661972,0.5322518346852066,0.448193817637279
0.22908036454018227,0.5322518346852066,0.4480696667787431
0.22908036454018227,0.5326380842023948,0.44802699020056
0.22908036454018227,0.5330243337195828,0.4480018348826551
0.22928748964374482,0.5330243337195828,0.4479689313350691
0.22949461474730737,0.5330243337195828,0.4479570702397559
0.22970173985086992,0.5330243337195828,0.4479169422087027
0.22970173985086992,0.5334105832367709,0.4478655113301341
0.22970173985086992,0.5337968327539591,0.4477211436444121
0.22970173985086992,0.5341830822711472,0.4477026334041097
0.22990886495443247,0.5341830822711472,0.4477010688077689
0.23011599005799502,0.5341830822711472,0.4476657452799825
0.23032311516155757,0.5341830822711472,0.4474960618854451
0.23032311516155757,0.5345693317883352,0.4474915448119979
0.23053024026512015,0.5345693317883352,0.4474389954721028
0.2307373653686827,0.5345693317883352,0.4472499148890854
0.2307373653686827,0.5349555813055233,0.4472340097391851
0.23094449047224525,0.5349555813055233,0.4471451855976786
0.2311516155758078,0.5349555813055233,0.4470313777809612
0.2311516155758078,0.5353418308227115,0.4470214077889203
0.2311516155758078,0.5357280803398996,0.4469654040828454
0.23135874067937034,0.5357280803398996,0.4469003801551782
0.2315658657829329,0.5357280803398996,0.4468459803169609
0.2315658657829329,0.5361143298570876,0.4468064457231424
0.23177299088649544,0.5361143298570876,0.4467666147268828
0.23177299088649544,0.5365005793742758,0.4467022526989648
0.23177299088649544,0.5368868288914639,0.4465952912237387
0.231980115990058,0.5368868288914639,0.4465918158470401
0.231980115990058,0.537273078408652,0.4464872013266269
0.23218724109362054,0.537273078408652,0.4463761304794493
0.2323943661971831,0.537273078408652,0.4463442995662218
0.23260149130074564,0.537273078408652,0.4462933540330556
0.23260149130074564,0.5376593279258401,0.4462728899271013
0.2328086164043082,0.5376593279258401,0.4461619127749396
0.23301574150787074,0.5376593279258401,0.4460164115575117
0.2332228666114333,0.5376593279258401,0.4460082227743009
0.2332228666114333,0.5380455774430282,0.4459433840522102
0.23342999171499584,0.5380455774430282,0.445930290307618
0.23342999171499584,0.5384318269602163,0.4459176432448626
0.23363711681855842,0.5384318269602163,0.4458874810802593
0.23363711681855842,0.5388180764774044,0.4458873575437713
0.23363711681855842,0.5392043259945926,0.4457799075939231
0.23363711681855842,0.5395905755117806,0.4457646484332986
0.23384424192212097,0.5395905755117806,0.4457215295964796
0.23405136702568352,0.5395905755117806,0.4456733601048185
0.23425849212924607,0.5395905755117806,0.4454254069439127
0.23425849212924607,0.5399768250289687,0.4453302322535816
0.23446561723280862,0.5399768250289687,0.4452402900430554
0.23446561723280862,0.5403630745461568,0.4452173002219436
0.23446561723280862,0.540749324063345,0.4451578083983382
0.23467274233637117,0.540749324063345,0.4450273207632291
0.23467274233637117,0.541135573580533,0.444925597359499
0.23467274233637117,0.5415218230977211,0.4449056030322773
0.23467274233637117,0.5419080726149093,0.4448708382727854
0.23467274233637117,0.5422943221320974,0.4447531540784164
0.23487986743993372,0.5422943221320974,0.4447136395569473
0.23508699254349627,0.5422943221320974,0.4446887242222601
0.23508699254349627,0.5426805716492854,0.4446840086510772
0.23508699254349627,0.5430668211664735,0.4446576882035498
0.23529411764705882,0.5430668211664735,0.4446208680135222
0.23550124275062137,0.5430668211664735,0.4445499897159093
0.23570836785418392,0.5430668211664735,0.4443966995560969
0.23570836785418392,0.5434530706836617,0.4443359898926978
0.23591549295774647,0.5434530706836617,0.4442958745063087
0.23612261806130902,0.5434530706836617,0.4441135284653432
0.23612261806130902,0.5438393202008498,0.4440989766389496
0.23632974316487157,0.5438393202008498,0.444039027176378
0.23653686826843415,0.5438393202008498,0.4440241739251478
0.23653686826843415,0.5442255697180378,0.4439996598191758
0.23653686826843415,0.544611819235226,0.4439858167482555
0.2367439933719967,0.544611819235226,0.4439627525453396
0.23695111847555925,0.544611819235226,0.4439286920501202
0.23695111847555925,0.5449980687524141,0.4439241493734459
0.2371582435791218,0.5449980687524141,0.4439000436486573
0.2371582435791218,0.5453843182696022,0.4438987201666993
0.23736536868268435,0.5453843182696022,0.4438982530443011
0.2375724937862469,0.5453843182696022,0.4437927097315553
0.2375724937862469,0.5457705677867902,0.4437673269335458
0.23777961888980945,0.5457705677867902,0.4436480815858331
0.237986743993372,0.5457705677867902,0.4436361444609051
0.237986743993372,0.5461568173039784,0.4436236070611071
0.23819386909693455,0.5461568173039784,0.4435820722691405
0.23819386909693455,0.5465430668211665,0.4435661761901494
0.23819386909693455,0.5469293163383546,0.4435574261273736
0.23819386909693455,0.5473155658555426,0.4434743749747391
0.2384009942004971,0.5473155658555426,0.4434083773842049
0.2384009942004971,0.5477018153727308,0.4433796124035578
0.23860811930405965,0.5477018153727308,0.4433416280903953
0.2388152444076222,0.5477018153727308,0.4432710162960572
0.2388152444076222,0.5480880648899189,0.4432640819714055
0.23902236951118475,0.5480880648899189,0.4432530605292897
0.2392294946147473,0.5480880648899189,0.4431787233001761
0.23943661971830985,0.5480880648899189,0.4431700145760036
0.23943661971830985,0.548474314407107,0.4431190145617246
0.23964374482187242,0.548474314407107,0.4431138851539997
0.23985086992543497,0.548474314407107,0.443102743448608
0.24005799502899752,0.548474314407107,0.4430932342868572
0.24005799502899752,0.548860563924295,0.4430554040357162
0.24026512013256007,0.548860563924295,0.4430146327910592
0.24047224523612262,0.548860563924295,0.4429610912983113
0.24047224523612262,0.5492468134414832,0.4429485214871221
0.24047224523612262,0.5496330629586713,0.4429392244916094
0.24067937033968517,0.5496330629586713,0.4429249547534156
0.24067937033968517,0.5500193124758594,0.4427885909202345
0.24067937033968517,0.5504055619930475,0.442787095047206
0.24067937033968517,0.5507918115102356,0.4427615492583662
0.24067937033968517,0.5511780610274237,0.442744690369899
0.24088649544324772,0.5511780610274237,0.4426736469975822
0.24109362054681027,0.5511780610274237,0.4426286081543378
0.24130074565037282,0.5511780610274237,0.4425982948979717
0.24150787075393537,0.5511780610274237,0.4425824127930384
0.24171499585749792,0.5511780610274237,0.44234704767421
0.24171499585749792,0.5515643105446119,0.4422749355130781
0.24192212096106047,0.5515643105446119,0.4422130265196949
0.24192212096106047,0.5519505600617999,0.4421495070465611
0.24212924606462302,0.5519505600617999,0.4420777695600724
0.24212924606462302,0.552336809578988,0.4419596173386367
0.24212924606462302,0.5527230590961761,0.4417781632878217
0.24233637116818557,0.5527230590961761,0.4417174853009523
0.24233637116818557,0.5531093086133643,0.4417096266840759
0.24233637116818557,0.5534955581305523,0.4417056113738823
0.24233637116818557,0.5538818076477404,0.4415236088143517
0.24254349627174815,0.5538818076477404,0.4415160272268912
0.24254349627174815,0.5542680571649286,0.4414839186133324
0.24254349627174815,0.5546543066821167,0.4414639997231917
0.24254349627174815,0.5550405561993047,0.4414410022171516
0.2427506213753107,0.5550405561993047,0.4414244765939706
0.2427506213753107,0.5554268057164928,0.4413515648806558
0.24295774647887325,0.5554268057164928,0.4412182541229424
0.2431648715824358,0.5554268057164928,0.4411524573626981
0.24337199668599835,0.5554268057164928,0.441029483334711
0.24337199668599835,0.555813055233681,0.4409528141443608
0.24337199668599835,0.5561993047508691,0.4408889446755569
0.2435791217895609,0.5561993047508691,0.4408633274432064
0.24378624689312345,0.5561993047508691,0.4408350008283322
0.243993371996686,0.5561993047508691,0.4408303286510698
0.243993371996686,0.5565855542680571,0.4408109936248113
0.24420049710024855,0.5565855542680571,0.4407913064856608
0.24420049710024855,0.5569718037852452,0.4405930084235342
0.24420049710024855,0.5573580533024334,0.4404639917105576
0.24420049710024855,0.5577443028196215,0.4404065607102824
0.2444076222038111,0.5577443028196215,0.4403298273244015
0.24461474730737365,0.5577443028196215,0.4403107912524969
0.24461474730737365,0.5581305523368095,0.4403099154063694
0.2448218724109362,0.5581305523368095,0.4398408447355198
0.24502899751449875,0.5581305523368095,0.439751982446607
0.2452361226180613,0.5581305523368095,0.4396845087488117
0.2452361226180613,0.5585168018539977,0.4396789438881034
0.24544324772162385,0.5585168018539977,0.4396700507339014
0.24565037282518642,0.5585168018539977,0.4396335077124635
0.24585749792874897,0.5585168018539977,0.4395494115230204
0.24606462303231152,0.5585168018539977,0.4394955503640158
0.24606462303231152,0.5589030513711858,0.439470158067486
0.24627174813587407,0.5589030513711858,0.4394095578914216
0.24627174813587407,0.5592893008883739,0.4393445474993619
0.24647887323943662,0.5592893008883739,0.4393095714878386
0.24647887323943662,0.5596755504055619,0.4392151848666241
0.24668599834299917,0.5596755504055619,0.4391841623032357
0.24689312344656172,0.5596755504055619,0.4389678877963864
0.24710024855012427,0.5596755504055619,0.4389637944193371
0.24730737365368682,0.5596755504055619,0.4389580229707944
0.24751449875724937,0.5596755504055619,0.4388846608059539
0.24772162386081192,0.5596755504055619,0.4388578360490098
0.24772162386081192,0.5600617999227501,0.4388121429919133
0.24792874896437447,0.5600617999227501,0.4388094238270115
0.24813587406793702,0.5600617999227501,0.4387264257178523
0.24813587406793702,0.5604480494399382,0.4387194012401442
0.24813587406793702,0.5608342989571263,0.4384670027525403
0.24834299917149957,0.5608342989571263,0.43836069320512
0.24834299917149957,0.5612205484743145,0.4383044807304416
0.24855012427506215,0.5612205484743145,0.4382787824392025
0.2487572493786247,0.5612205484743145,0.43827050931017
0.24896437448218725,0.5612205484743145,0.4381532490663712
0.2491714995857498,0.5612205484743145,0.4380601929444386
0.24937862468931235,0.5612205484743145,0.4378948534014366
0.2495857497928749,0.5612205484743145,0.4378422407957229
0.24979287489643745,0.5612205484743145,0.4377878736102701
0.25,0.5612205484743145,0.4376108406611816
0.2502071251035626,0.5612205484743145,0.4375293074766536
0.2504142502071251,0.5612205484743145,0.4374848704546635
0.2504142502071251,0.5616067979915025,0.4374452248009261
0.2504142502071251,0.5619930475086906,0.437433885513527
0.2506213753106877,0.5619930475086906,0.4373820229232013
0.2508285004142502,0.5619930475086906,0.4373806883305355
0.2508285004142502,0.5623792970258787,0.4372164452710008
0.2508285004142502,0.5627655465430669,0.4372094001865452
0.2510356255178128,0.5627655465430669,0.4372067012860063
0.2510356255178128,0.5631517960602549,0.4370789898388884
0.2512427506213753,0.5631517960602549,0.4370781491758007
0.2512427506213753,0.563538045577443,0.4370771602607214
0.2514498757249379,0.563538045577443,0.4370647619466563
0.2514498757249379,0.5639242950946312,0.4369866720555775
0.2516570008285004,0.5639242950946312,0.436953122814148
0.2516570008285004,0.5643105446118193,0.4367647889633592
0.2516570008285004,0.5646967941290073,0.4366656369459857
0.2516570008285004,0.5650830436461954,0.4366349182926508
0.2516570008285004,0.5654692931633836,0.4365684825411616
0.2516570008285004,0.5658555426805717,0.4365002217537932
0.2516570008285004,0.5662417921977597,0.4363475964451039
0.251864125932063,0.5662417921977597,0.4363293853014456
0.251864125932063,0.5666280417149478,0.4362634404703536
0.2520712510356255,0.5666280417149478,0.436149543617095
0.2522783761391881,0.5666280417149478,0.4361416725333687
0.2522783761391881,0.567014291232136,0.4361371092807369
0.2522783761391881,0.5674005407493241,0.4361193293217482
0.2522783761391881,0.5677867902665121,0.4359667095687037
0.2522783761391881,0.5681730397837003,0.4358577515219081
0.2524855012427506,0.5681730397837003,0.4358004218056874
0.2526926263463132,0.5681730397837003,0.4357986621934368
0.2526926263463132,0.5685592893008884,0.4357800641556586
0.2526926263463132,0.5689455388180765,0.4356159768096926
0.2528997514498757,0.5689455388180765,0.4355477857687669
0.2531068765534383,0.5689455388180765,0.4355026993743294
0.2531068765534383,0.5693317883352645,0.43548973078663
0.2531068765534383,0.5697180378524527,0.4354234234531997
0.25331400165700085,0.5697180378524527,0.4354232590920968
0.25331400165700085,0.5701042873696408,0.4352615123007795
0.2535211267605634,0.5701042873696408,0.4351299827294167
0.25372825186412595,0.5701042873696408,0.4351071706671806
0.25372825186412595,0.5704905368868289,0.4349913443516602
0.2539353769676885,0.5704905368868289,0.4349393677109631
0.2539353769676885,0.570876786404017,0.4349333888161258
0.2539353769676885,0.5712630359212051,0.4348838909917532
0.25414250207125105,0.5712630359212051,0.4348720619424424
0.25414250207125105,0.5716492854383932,0.4348263595454612
0.25414250207125105,0.5720355349555813,0.4347344532585948
0.25414250207125105,0.5724217844727694,0.4346563895589619
0.25414250207125105,0.5728080339899575,0.4346500202669791
0.25414250207125105,0.5731942835071456,0.4345535468027354
0.25414250207125105,0.5735805330243338,0.4343616449720173
0.2543496271748136,0.5735805330243338,0.4343482823194879
0.2543496271748136,0.5739667825415218,0.4343383160147561
0.25455675227837615,0.5739667825415218,0.4343325534852397
0.2547638773819387,0.5739667825415218,0.434324260488642
0.25497100248550125,0.5739667825415218,0.4343134488004211
0.25497100248550125,0.5743530320587099,0.4342867135711362
0.25497100248550125,0.574739281575898,0.4340879363318711
0.25497100248550125,0.5751255310930862,0.4340553737854799
0.2551781275890638,0.5751255310930862,0.4340421922358519
0.2551781275890638,0.5755117806102742,0.4340126688180279
0.2551781275890638,0.5758980301274623,0.4339095898911294
0.25538525269262635,0.5758980301274623,0.4338714965237002
0.2555923777961889,0.5758980301274623,0.4338131289357789
0.25579950289975145,0.5758980301274623,0.4337505330400248
0.256006628003314,0.5758980301274623,0.4336667940472263
0.256006628003314,0.5762842796446505,0.4336330558332751
0.256006628003314,0.5766705291618386,0.4336200034273592
0.25621375310687655,0.5766705291618386,0.4336114387002897
0.25642087821043913,0.5766705291618386,0.4336068666373048
0.25662800331400165,0.5766705291618386,0.4336050113133616
0.25683512841756423,0.5766705291618386,0.4335600662881522
0.25683512841756423,0.5770567786790266,0.4335489074459199
0.25704225352112675,0.5770567786790266,0.4335118150753532
0.25704225352112675,0.5774430281962147,0.4333350940280515
0.25704225352112675,0.5778292777134029,0.4331388558754168
0.25724937862468933,0.5778292777134029,0.4331079997643956
0.25724937862468933,0.578215527230591,0.4330425756979596
0.25724937862468933,0.578601776747779,0.4328593684119548
0.25745650372825185,0.578601776747779,0.4327697593814127
0.25766362883181443,0.578601776747779,0.4327655446688159
0.25766362883181443,0.5789880262649671,0.4327172235363333
0.25787075393537695,0.5789880262649671,0.4327136473080301
0.25807787903893953,0.5789880262649671,0.4324746329889715
0.25807787903893953,0.5793742757821553,0.4324727369744996
0.25828500414250205,0.5793742757821553,0.432216758431289
0.25849212924606463,0.5793742757821553,0.432178877680879
0.25869925434962715,0.5793742757821553,0.4320640426326034
0.25869925434962715,0.5797605252993434,0.4319622630643476
0.25890637945318973,0.5797605252993434,0.4318320222759007
0.2591135045567523,0.5797605252993434,0.4317221142134988
0.2593206296603148,0.5797605252993434,0.4317219620652554
0.2595277547638774,0.5797605252993434,0.4317071262031814
0.2595277547638774,0.5801467748165314,0.431658294099941
0.2597348798674399,0.5801467748165314,0.4316203231363531
0.2597348798674399,0.5805330243337196,0.4314667010948212
0.2597348798674399,0.5809192738509077,0.431430263833524
0.2597348798674399,0.5813055233680958,0.4313307737692771
0.2599420049710025,0.5813055233680958,0.431286253713797
0.2599420049710025,0.5816917728852838,0.4312851882507618
0.2599420049710025,0.582078022402472,0.431277385182516
0.260149130074565,0.582078022402472,0.4312021688788026
0.2603562551781276,0.582078022402472,0.4311947719559396
0.2603562551781276,0.5824642719196601,0.4311371113493848
0.2605633802816901,0.5824642719196601,0.4310405074215771
0.2607705053852527,0.5824642719196601,0.4309513784370795
0.2607705053852527,0.5828505214368482,0.4308145464953501
0.2609776304888152,0.5828505214368482,0.4307858206248173
0.2609776304888152,0.5832367709540363,0.4307175816499708
0.2611847555923778,0.5832367709540363,0.4307106796681157
0.2611847555923778,0.5836230204712244,0.4306325797299617
0.2613918806959403,0.5836230204712244,0.4306027907268588
0.2615990057995029,0.5836230204712244,0.4305270866009277
0.2615990057995029,0.5840092699884125,0.4303489411489013
0.2618061309030654,0.5840092699884125,0.4302543121697045
0.2618061309030654,0.5843955195056006,0.4301140669755678
0.2618061309030654,0.5847817690227887,0.4300784495411441
0.2618061309030654,0.5851680185399768,0.4300131114341172
0.262013256006628,0.5851680185399768,0.4298585933962169
0.2622203811101906,0.5851680185399768,0.4298182070617463
0.2622203811101906,0.5855542680571649,0.429721365907737
0.2624275062137531,0.5855542680571649,0.4296813344960672
0.2626346313173157,0.5855542680571649,0.4296800839841003
0.2628417564208782,0.5855542680571649,0.4295660680457317
0.2630488815244408,0.5855542680571649,0.4291897010591549
0.2630488815244408,0.5859405175743531,0.4286727726723922
0.2632560066280033,0.5859405175743531,0.4286690205222522
0.2634631317315659,0.5859405175743531,0.4286681799792206
0.2634631317315659,0.5863267670915412,0.4286485620188708
0.2634631317315659,0.5867130166087292,0.4286007750729838
0.2636702568351284,0.5867130166087292,0.4285454950897018
0.263877381938691,0.5867130166087292,0.4285403723739127
0.263877381938691,0.5870992661259173,0.4284907366762522
0.2640845070422535,0.5870992661259173,0.4282706782708012
0.2642916321458161,0.5870992661259173,0.4281107767281751
0.2644987572493786,0.5870992661259173,0.4280488640572653
0.2644987572493786,0.5874855156431055,0.428037344049448
0.2647058823529412,0.5874855156431055,0.4279564316419764
0.2649130074565037,0.5874855156431055,0.4278647853844173
0.2651201325600663,0.5874855156431055,0.4278611372487053
0.26532725766362886,0.5874855156431055,0.4278103984255524
0.26532725766362886,0.5878717651602936,0.4277472072331162
0.26532725766362886,0.5882580146774816,0.4277214424821259
0.26532725766362886,0.5886442641946698,0.4276493912688083
0.2655343827671914,0.5886442641946698,0.4275427184742585
0.26574150787075396,0.5886442641946698,0.4274967044965707
0.2659486329743165,0.5886442641946698,0.4274885467779297
0.2659486329743165,0.5890305137118579,0.4273995928587315
0.26615575807787906,0.5890305137118579,0.427376192088173
0.2663628831814416,0.5890305137118579,0.4272058010631213
0.26657000828500416,0.5890305137118579,0.4270649552968059
0.26657000828500416,0.589416763229046,0.4270109088476275
0.2667771333885667,0.589416763229046,0.4269869096808097
0.2667771333885667,0.589803012746234,0.4269666484763506
0.2667771333885667,0.5901892622634222,0.4269054036618349
0.26698425849212926,0.5901892622634222,0.4267474529258198
0.2671913835956918,0.5901892622634222,0.426571123220264
0.2671913835956918,0.5905755117806103,0.4265347477059585
0.26739850869925436,0.5905755117806103,0.4264964229205928
0.2676056338028169,0.5905755117806103,0.4263571582263207
0.2676056338028169,0.5909617612977984,0.4263108525658224
0.26781275890637946,0.5909617612977984,0.4261725518996367
0.268019884009942,0.5909617612977984,0.4261489537238233
0.268019884009942,0.5913480108149864,0.4259926159081686
0.26822700911350456,0.5913480108149864,0.4259351813205361
0.26822700911350456,0.5917342603321746,0.4259197900988775
0.26843413421706713,0.5917342603321746,0.4259099014446502
0.26864125932062966,0.5917342603321746,0.4258855579082246
0.26864125932062966,0.5921205098493627,0.4258548691253366
0.26864125932062966,0.5925067593665508,0.4258228446669889
0.26884838442419223,0.5925067593665508,0.4257314349835063
0.26905550952775475,0.5925067593665508,0.4257179152760367
0.26926263463131733,0.5925067593665508,0.4257061127836666
0.26926263463131733,0.5928930088837389,0.4256539226173633
0.26946975973487985,0.5928930088837389,0.4256300836605075
0.26967688483844243,0.5928930088837389,0.4253889774706307
0.26967688483844243,0.593279258400927,0.4253467625712915
0.26967688483844243,0.5936655079181151,0.4251400643315487
0.26967688483844243,0.5940517574353033,0.4250673794038911
0.26988400994200495,0.5940517574353033,0.4250242034816431
0.27009113504556753,0.5940517574353033,0.4250160711364772
0.27029826014913005,0.5940517574353033,0.4249816571044874
0.27050538525269263,0.5940517574353033,0.424964576334917
0.27050538525269263,0.5944380069524913,0.4249131399308972
0.27071251035625515,0.5944380069524913,0.4248631780477049
0.27091963545981773,0.5944380069524913,0.4248280637598582
0.2711267605633803,0.5944380069524913,0.4247662483965354
0.27133388566694283,0.5944380069524913,0.4247365769679322
0.27133388566694283,0.5948242564696794,0.424723334697942
0.27133388566694283,0.5952105059868675,0.4246380110780252
0.2715410107705054,0.5952105059868675,0.4245488988355235
0.2715410107705054,0.5955967555040557,0.4245122502021375
0.27174813587406793,0.5955967555040557,0.4244928424139194
0.2719552609776305,0.5955967555040557,0.4244759248747155
0.27216238608119303,0.5955967555040557,0.4244545464211498
0.2723695111847556,0.5955967555040557,0.4241764198400116
0.2723695111847556,0.5959830050212437,0.4240373762909188
0.27257663628831813,0.5959830050212437,0.4239414130373991
0.2727837613918807,0.5959830050212437,0.4237662651335317
0.2727837613918807,0.5963692545384318,0.4237303192602094
0.27299088649544323,0.5963692545384318,0.4235196105839413
0.2731980115990058,0.5963692545384318,0.4230910257565654
0.27340513670256833,0.5963692545384318,0.4229995054883454
0.27340513670256833,0.59675550405562,0.4229760917323328
0.2736122618061309,0.59675550405562,0.4229676281680999
0.27381938690969343,0.59675550405562,0.4229498589845424
0.274026512013256,0.59675550405562,0.4228833080462678
0.2742336371168186,0.59675550405562,0.4228240455169803
0.2742336371168186,0.5971417535728081,0.422803484304401
0.2742336371168186,0.5975280030899961,0.4226674592724678
0.2744407622203811,0.5975280030899961,0.4226455495234545
0.2744407622203811,0.5979142526071842,0.4225614149583042
0.2744407622203811,0.5983005021243724,0.422475471654359
0.2744407622203811,0.5986867516415605,0.4224711662336969
0.2746478873239437,0.5986867516415605,0.4224680448552581
0.2748550124275062,0.5986867516415605,0.4224267233981925
0.2748550124275062,0.5990730011587485,0.4224129335108608
0.2748550124275062,0.5994592506759366,0.4224011532986489
0.2748550124275062,0.5998455001931248,0.4223893483905204
0.2750621375310688,0.5998455001931248,0.4221797505181707
0.2752692626346313,0.5998455001931248,0.4221597359377114
0.2754763877381939,0.5998455001931248,0.4221405728466241
0.2754763877381939,0.6002317497103129,0.4221335884764761
0.2754763877381939,0.6006179992275009,0.4220976808944147
0.2756835128417564,0.6006179992275009,0.4220266579737405
0.2756835128417564,0.601004248744689,0.4220130232959066
0.275890637945319,0.601004248744689,0.4219320508596601
0.275890637945319,0.6013904982618772,0.4219063854944312
0.275890637945319,0.6017767477790653,0.4218923288213417
0.2760977630488815,0.6017767477790653,0.4218508543882847
0.2763048881524441,0.6017767477790653,0.4216638424195894
0.2765120132560066,0.6017767477790653,0.4216021059416718
0.2767191383595692,0.6017767477790653,0.4215926936501341
0.2769262634631317,0.6017767477790653,0.4214649990859742
0.2771333885666943,0.6017767477790653,0.4214640385016606
0.27734051367025686,0.6017767477790653,0.4214060664219717
0.27734051367025686,0.6021629972962533,0.4213670578169921
0.2775476387738194,0.6021629972962533,0.4211919079541438
0.27775476387738196,0.6021629972962533,0.4210842480640396
0.27775476387738196,0.6025492468134415,0.420964928304519
0.2779618889809445,0.6025492468134415,0.4209445752654914
0.2779618889809445,0.6029354963306296,0.4209439937720273
0.27816901408450706,0.6029354963306296,0.420807689901496
0.2783761391880696,0.6029354963306296,0.420743379461698
0.27858326429163216,0.6029354963306296,0.4207177282501079
0.27858326429163216,0.6033217458478177,0.4206800687477356
0.27858326429163216,0.6037079953650057,0.4206721829910225
0.27858326429163216,0.6040942448821939,0.420647598594039
0.27858326429163216,0.604480494399382,0.4205831101278534
0.2787903893951947,0.604480494399382,0.420546368357963
0.27899751449875726,0.604480494399382,0.420523899005081
0.2792046396023198,0.604480494399382,0.4205115300363253
0.27941176470588236,0.604480494399382,0.4204631052651624
0.27941176470588236,0.6048667439165701,0.4204159000926747
0.2796188898094449,0.6048667439165701,0.4204076943991118
0.27982601491300746,0.6048667439165701,0.4203216357053604
0.27982601491300746,0.6052529934337582,0.4203183256053943
0.28003314001657,0.6052529934337582,0.4202959245098671
0.28003314001657,0.6056392429509463,0.4201912352365046
0.28024026512013256,0.6056392429509463,0.420167079367974
0.28024026512013256,0.6060254924681344,0.4200630026880458
0.28024026512013256,0.6064117419853225,0.4200577294138783
0.28044739022369514,0.6064117419853225,0.4199573402617376
0.28065451532725766,0.6064117419853225,0.4199528427120748
0.28086164043082024,0.6064117419853225,0.4199023725203433
0.28106876553438276,0.6064117419853225,0.4198776756041171
0.28127589063794534,0.6064117419853225,0.4198062804706234
0.28148301574150786,0.6064117419853225,0.4196967001997503
0.28169014084507044,0.6064117419853225,0.4195060844771818
0.28169014084507044,0.6067979915025106,0.4194841420685087
0.28169014084507044,0.6071842410196987,0.4193060804725079
0.28169014084507044,0.6075704905368868,0.4192415628512826
0.28189726594863296,0.6075704905368868,0.4192224490722405
0.28189726594863296,0.607956740054075,0.4191091374405517
0.28189726594863296,0.608342989571263,0.4189925193062411
0.28210439105219554,0.608342989571263,0.4189118839880655
0.28231151615575806,0.608342989571263,0.4188933746846792
0.28251864125932064,0.608342989571263,0.4188358477328638
0.28272576636288316,0.608342989571263,0.4187852245137867
0.28272576636288316,0.6087292390884511,0.4186678988465415
0.28272576636288316,0.6091154886056392,0.4186277597865795
0.28272576636288316,0.6095017381228274,0.4185856189494054
0.28293289146644574,0.6095017381228274,0.4185815395859728
0.2831400165700083,0.6095017381228274,0.4184506255295113
0.28334714167357083,0.6095017381228274,0.4184038137708692
0.2835542667771334,0.6095017381228274,0.4183896117723719
0.2835542667771334,0.6098879876400155,0.4182434304795421
0.2835542667771334,0.6102742371572035,0.41823138529388
0.28376139188069593,0.6102742371572035,0.4181020777005144
0.2839685169842585,0.6102742371572035,0.418095455749237
0.2839685169842585,0.6106604866743917,0.4180839568719408
0.2839685169842585,0.6110467361915798,0.4179671668655085
0.28417564208782103,0.6110467361915798,0.417926667433703
0.28417564208782103,0.6114329857087679,0.417919107381586
0.2843827671913836,0.6114329857087679,0.4178512182167634
0.28458989229494613,0.6114329857087679,0.4178333638093976
0.2847970173985087,0.6114329857087679,0.4178129991606127
0.28500414250207123,0.6114329857087679,0.4178051832863874
0.28500414250207123,0.6118192352259559,0.417738114798659
0.2852112676056338,0.6118192352259559,0.4176955424360091
0.28541839270919633,0.6118192352259559,0.4175639544479396
0.2856255178127589,0.6118192352259559,0.4172883264282062
0.2856255178127589,0.6122054847431441,0.4171038134773622
0.28583264291632143,0.6122054847431441,0.4170731976919746
0.28583264291632143,0.6125917342603322,0.4170616403296664
0.286039768019884,0.6125917342603322,0.4168967835556534
0.286039768019884,0.6129779837775203,0.4168874069713754
0.2862468931234466,0.6129779837775203,0.4168396326132093
0.2862468931234466,0.6133642332947083,0.4167715946344575
0.2862468931234466,0.6137504828118965,0.4167363115454945
0.2862468931234466,0.6141367323290846,0.416721401349648
0.2864540182270091,0.6141367323290846,0.4166875561066767
0.2864540182270091,0.6145229818462727,0.4166862230219596
0.2866611433305717,0.6145229818462727,0.4165885873102241
0.2868682684341342,0.6145229818462727,0.4165506064198238
0.2868682684341342,0.6149092313634608,0.4165277380098602
0.2870753935376968,0.6149092313634608,0.4164207531774863
0.2872825186412593,0.6149092313634608,0.416408023297252
0.2872825186412593,0.6152954808806489,0.4161598962547603
0.2872825186412593,0.615681730397837,0.4160435457261412
0.2874896437448219,0.615681730397837,0.4160378742440725
0.2874896437448219,0.6160679799150252,0.4159630877062584
0.2874896437448219,0.6164542294322132,0.415918533556921
0.2876967688483844,0.6164542294322132,0.4156876593766043
0.2876967688483844,0.6168404789494013,0.415581500917051
0.2876967688483844,0.6172267284665894,0.4155032419521058
0.287903893951947,0.6172267284665894,0.4154503842001001
0.2881110190555095,0.6172267284665894,0.4154044068139167
0.2881110190555095,0.6176129779837776,0.4153784448232792
0.2883181441590721,0.6176129779837776,0.4152680808372377
0.2885252692626346,0.6176129779837776,0.4152015073510446
0.2885252692626346,0.6179992275009656,0.4151377128858161
0.2887323943661972,0.6179992275009656,0.4149390742011833
0.2889395194697597,0.6179992275009656,0.4149240502397678
0.2891466445733223,0.6179992275009656,0.4146067325059874
0.2891466445733223,0.6183854770181537,0.4146040316049632
0.28935376967688486,0.6183854770181537,0.4145367066415775
0.2895608947804474,0.6183854770181537,0.4145316938878199
0.28976801988400996,0.6183854770181537,0.4145178146826523
0.2899751449875725,0.6183854770181537,0.4144622778617731
0.29018227009113506,0.6183854770181537,0.4143600866723458
0.29018227009113506,0.6187717265353418,0.4141617141846029
0.29018227009113506,0.61915797605253,0.4141451539388861
0.29018227009113506,0.619544225569718,0.4139221950434743
0.2903893951946976,0.619544225569718,0.4138741565949951
0.29059652029826016,0.619544225569718,0.4137819951030063
0.29059652029826016,0.6199304750869061,0.4136634833615598
0.2908036454018227,0.6199304750869061,0.4136390513491449
0.2908036454018227,0.6203167246040943,0.4136105266475578
0.2908036454018227,0.6207029741212824,0.4135896333666597
0.2908036454018227,0.6210892236384704,0.4135737330156021
0.2908036454018227,0.6214754731556585,0.4135167764493568
0.29101077050538526,0.6214754731556585,0.413499031159424
0.2912178956089478,0.6214754731556585,0.4133614320817873
0.29142502071251036,0.6214754731556585,0.4133302469951285
0.29142502071251036,0.6218617226728467,0.4133156970520104
0.29142502071251036,0.6222479721900348,0.4132164634013953
0.29142502071251036,0.6226342217072228,0.4131300815741776
0.2916321458160729,0.6226342217072228,0.4130991980191365
0.2916321458160729,0.623020471224411,0.4130969099893168
0.29183927091963546,0.623020471224411,0.4128898765377375
0.29183927091963546,0.6234067207415991,0.4128502799666504
0.292046396023198,0.6234067207415991,0.4126506798278079
0.29225352112676056,0.6234067207415991,0.4126389650439218
0.29225352112676056,0.6237929702587872,0.4126385018169013
0.29225352112676056,0.6241792197759752,0.4125315235941588
0.29246064623032314,0.6241792197759752,0.4124580571928383
0.29246064623032314,0.6245654692931634,0.412380682284225
0.29266777133388566,0.6245654692931634,0.4123491687067709
0.29287489643744824,0.6245654692931634,0.4121794294640572
0.29287489643744824,0.6249517188103515,0.4120595139178817
0.29308202154101076,0.6249517188103515,0.4120203708763303
0.29308202154101076,0.6253379683275396,0.4119525253830636
0.29328914664457334,0.6253379683275396,0.4118921695637625
0.29349627174813586,0.6253379683275396,0.4117735959319252
0.29370339685169844,0.6253379683275396,0.4117654701374155
0.29391052195526096,0.6253379683275396,0.4117492179521806
0.29411764705882354,0.6253379683275396,0.4116705613201493
0.29411764705882354,0.6257242178447276,0.4116630600454981
0.29411764705882354,0.6261104673619158,0.411630501048248
0.29411764705882354,0.6264967168791039,0.4114252263699341
0.29411764705882354,0.626882966396292,0.4114003838743091
0.29432477216238606,0.626882966396292,0.4113712109374174
0.29432477216238606,0.6272692159134801,0.4112178416822485
0.29432477216238606,0.6276554654306682,0.4109932949971195
0.29453189726594864,0.6276554654306682,0.4108731636727457
0.29473902236951116,0.6276554654306682,0.4107863859137692
0.29494614747307374,0.6276554654306682,0.4107563155127016
0.29494614747307374,0.6280417149478563,0.4107454592420567
0.29494614747307374,0.6284279644650445,0.4106592355676969
0.29515327257663626,0.6284279644650445,0.4105689451477039
0.29536039768019884,0.6284279644650445,0.4105679279913363
0.29536039768019884,0.6288142139822325,0.4105263945739792
0.2955675227837614,0.6288142139822325,0.4104475327144853
0.2955675227837614,0.6292004634994206,0.4103888171240993
0.2955675227837614,0.6295867130166087,0.4103506191301096
0.29577464788732394,0.6295867130166087,0.4103013463337708
0.29577464788732394,0.6299729625337969,0.4102573635858074
0.29577464788732394,0.6303592120509849,0.4101852584802191
0.2959817729908865,0.6303592120509849,0.4101761631660994
0.2959817729908865,0.630745461568173,0.4101334662893933
0.2959817729908865,0.6311317110853611,0.4100832323772646
0.29618889809444904,0.6311317110853611,0.410023399431558
0.29618889809444904,0.6315179606025493,0.4100233307296634
0.29618889809444904,0.6319042101197373,0.4099936598198733
0.2963960231980116,0.6319042101197373,0.4099323773646868
0.29660314830157414,0.6319042101197373,0.4096822006654354
0.2968102734051367,0.6319042101197373,0.409668444858782
0.29701739850869924,0.6319042101197373,0.4095503709701255
0.2972245236122618,0.6319042101197373,0.409534728123429
0.29743164871582434,0.6319042101197373,0.4094278083082899
0.29743164871582434,0.6322904596369254,0.4094161983828859
0.29743164871582434,0.6326767091541136,0.4094002040402322
0.2976387738193869,0.6326767091541136,0.4093187512580539
0.29784589892294944,0.6326767091541136,0.4092473838837145
0.298053024026512,0.6326767091541136,0.4090741810686369
0.2982601491300746,0.6326767091541136,0.4090609940738877
0.2984672742336371,0.6326767091541136,0.4089640789368286
0.2986743993371997,0.6326767091541136,0.4089408833076277
0.2988815244407622,0.6326767091541136,0.4089274470834726
0.2988815244407622,0.6330629586713017,0.408855286228976
0.2990886495443248,0.6330629586713017,0.4088434900427237
0.2990886495443248,0.6334492081884897,0.4088335016527858
0.2992957746478873,0.6334492081884897,0.4087945763439846
0.2995028997514499,0.6334492081884897,0.4085441084816635
0.2995028997514499,0.6338354577056778,0.4085409266006368
0.2997100248550124,0.6338354577056778,0.4084839291291195
0.299917149958575,0.6338354577056778,0.4084036156186925
0.3001242750621375,0.6338354577056778,0.4083981744774705
0.3001242750621375,0.634221707222866,0.4083873062678052
0.3001242750621375,0.6346079567400541,0.4082560888612929
0.3001242750621375,0.6349942062572422,0.4080541202470806
0.3003314001657001,0.6349942062572422,0.4080408035703968
0.3005385252692626,0.6349942062572422,0.4080295893798921
0.3007456503728252,0.6349942062572422,0.4078487768509246
0.3009527754763877,0.6349942062572422,0.4078343455309786
0.3011599005799503,0.6349942062572422,0.4078292986150708
0.30136702568351287,0.6349942062572422,0.407797236030074
0.3015741507870754,0.6349942062572422,0.4076860723912191
0.30178127589063797,0.6349942062572422,0.4075909045215642
0.3019884009942005,0.6349942062572422,0.407564723008568
0.30219552609776307,0.6349942062572422,0.4075595640478754
0.3024026512013256,0.6349942062572422,0.4075419618187498
0.3024026512013256,0.6353804557744303,0.4074516835295686
0.3024026512013256,0.6357667052916184,0.4074270481029736
0.30260977630488817,0.6357667052916184,0.4074124277034027
0.30260977630488817,0.6361529548088065,0.4073805730249566
0.3028169014084507,0.6361529548088065,0.4072236938246955
0.3028169014084507,0.6365392043259946,0.4071212405841586
0.3028169014084507,0.6369254538431827,0.4071145194865792
0.3028169014084507,0.6373117033603708,0.4070233318677934
0.30302402651201327,0.6373117033603708,0.406983111574323
0.3032311516155758,0.6373117033603708,0.4068682360214261
0.3032311516155758,0.6376979528775589,0.4067909496295492
0.30343827671913837,0.6376979528775589,0.4066801365247777
0.30343827671913837,0.6380842023947471,0.4065504923788631
0.30343827671913837,0.6384704519119351,0.406531264738013
0.30343827671913837,0.6388567014291232,0.4064933316274378
0.3036454018227009,0.6388567014291232,0.4064507611739785
0.30385252692626347,0.6388567014291232,0.4064280572905252
0.304059652029826,0.6388567014291232,0.4063552026236974
0.30426677713338857,0.6388567014291232,0.406178166444262
0.30447390223695114,0.6388567014291232,0.4061510523106016
0.30447390223695114,0.6392429509463113,0.4061329882990373
0.30447390223695114,0.6396292004634995,0.406089290664078
0.30447390223695114,0.6400154499806875,0.4060043470376744
0.30468102734051367,0.6400154499806875,0.4059009285883801
0.30488815244407624,0.6400154499806875,0.4058509046408765
0.30509527754763877,0.6400154499806875,0.4057889907397738
0.30530240265120134,0.6400154499806875,0.4057099210947079
0.30550952775476387,0.6400154499806875,0.4056406505207318
0.30571665285832644,0.6400154499806875,0.4056226587923008
0.30592377796188897,0.6400154499806875,0.4055633987894091
0.30613090306545154,0.6400154499806875,0.4055519103591778
0.30633802816901406,0.6400154499806875,0.4054495957337942
0.30654515327257664,0.6400154499806875,0.4053334527097623
0.30654515327257664,0.6404016994978756,0.4051705754138276
0.30654515327257664,0.6407879490150638,0.4050444868284119
0.30675227837613916,0.6407879490150638,0.4050316368111611
0.30675227837613916,0.6411741985322519,0.4049410736447223
0.30695940347970174,0.6411741985322519,0.4048490382897968
0.30716652858326426,0.6411741985322519,0.4047597465790954
0.30716652858326426,0.6415604480494399,0.4046901017700926
0.30716652858326426,0.641946697566628,0.4046463449256677
0.30716652858326426,0.6423329470838162,0.4045126240269261
0.30716652858326426,0.6427191966010043,0.4045107461870155
0.30737365368682684,0.6427191966010043,0.4044813360757685
0.3075807787903894,0.6427191966010043,0.4044775110762348
0.30778790389395194,0.6427191966010043,0.4044120369877454
0.30778790389395194,0.6431054461181923,0.4042887950324575
0.30778790389395194,0.6434916956353804,0.4041395663019
0.30778790389395194,0.6438779451525686,0.4041102839492285
0.30778790389395194,0.6442641946697567,0.4039893712387278
0.30778790389395194,0.6446504441869447,0.4038263093173951
0.3079950289975145,0.6446504441869447,0.4037403943335744
0.30820215410107704,0.6446504441869447,0.4037381964146976
0.30820215410107704,0.6450366937041329,0.4037313747218913
0.3084092792046396,0.6450366937041329,0.4037242725669994
0.3084092792046396,0.645422943221321,0.4036786961188053
0.3084092792046396,0.6458091927385091,0.4035400323019771
0.30861640430820214,0.6458091927385091,0.4034227398101208
0.3088235294117647,0.6458091927385091,0.4033498662565529
0.30903065451532724,0.6458091927385091,0.4033118405344518
0.3092377796188898,0.6458091927385091,0.4031656231209007
0.30944490472245234,0.6458091927385091,0.4030212017757462
0.3096520298260149,0.6458091927385091,0.4027697930573394
0.30985915492957744,0.6458091927385091,0.4026873436548435
0.30985915492957744,0.6461954422556971,0.4026709851878838
0.31006628003314,0.6461954422556971,0.4026304508266174
0.31006628003314,0.6465816917728853,0.4024455214425652
0.3102734051367026,0.6465816917728853,0.4024280889251976
0.3102734051367026,0.6469679412900734,0.4024246602699589
0.3104805302402651,0.6469679412900734,0.402392449530605
0.3106876553438277,0.6469679412900734,0.4022959081116138
0.3108947804473902,0.6469679412900734,0.4022552663854855
0.3108947804473902,0.6473541908072615,0.4021909348041954
0.3108947804473902,0.6477404403244496,0.402087622134356
0.3111019055509528,0.6477404403244496,0.4020316051784563
0.3113090306545153,0.6477404403244496,0.4019202852555749
0.3115161557580779,0.6477404403244496,0.4018587785107128
0.3117232808616404,0.6477404403244496,0.4018578646974175
0.311930405965203,0.6477404403244496,0.4015621732410593
0.3121375310687655,0.6477404403244496,0.4014748675758063
0.3121375310687655,0.6481266898416377,0.4013469186898077
0.3121375310687655,0.6485129393588258,0.4012794901265065
0.3123446561723281,0.6485129393588258,0.4012781191648717
0.3125517812758906,0.6485129393588258,0.401215318769287
0.3125517812758906,0.6488991888760139,0.4010947842455047
0.3125517812758906,0.649285438393202,0.4010547144287884
0.3125517812758906,0.6496716879103901,0.400972053819648
0.3127589063794532,0.6496716879103901,0.4009427560223532
0.3127589063794532,0.6500579374275782,0.4009273156788375
0.3129660314830157,0.6500579374275782,0.40091928040026
0.3131731565865783,0.6500579374275782,0.4009159603700289
0.31338028169014087,0.6500579374275782,0.4008978655280413
0.31338028169014087,0.6504441869447664,0.4008856368318668
0.31338028169014087,0.6508304364619544,0.4008766628636144
0.3135874067937034,0.6508304364619544,0.4008316828363052
0.3135874067937034,0.6512166859791425,0.4007673769131278
0.31379453189726597,0.6512166859791425,0.4007419836110971
0.3140016570008285,0.6512166859791425,0.4006352727540643
0.3140016570008285,0.6516029354963306,0.400471950819485
0.3140016570008285,0.6519891850135188,0.4003510554304431
0.3140016570008285,0.6523754345307068,0.4002971705606168
0.31420878210439107,0.6523754345307068,0.4002837151279627
0.31420878210439107,0.6527616840478949,0.4001958684199636
0.31420878210439107,0.653147933565083,0.400191336077163
0.31420878210439107,0.6535341830822712,0.4001906819330429
0.31420878210439107,0.6539204325994592,0.400107707367965
0.31420878210439107,0.6543066821166473,0.4000677720962229
0.3144159072079536,0.6543066821166473,0.3999570050643996
0.31462303231151617,0.6543066821166473,0.3998779956117671
0.31462303231151617,0.6546929316338355,0.3998160187814356
0.31462303231151617,0.6550791811510236,0.3997735497190084
0.3148301574150787,0.6550791811510236,0.3997576612929945
0.31503728251864127,0.6550791811510236,0.399653463908369
0.31503728251864127,0.6554654306682116,0.3995271266934648
0.3152444076222038,0.6554654306682116,0.3994859305813181
0.31545153272576637,0.6554654306682116,0.3994393454906728
0.31545153272576637,0.6558516801853997,0.3993690621276673
0.31545153272576637,0.6562379297025879,0.3993589319671993
0.31545153272576637,0.656624179219776,0.3991962545554358
0.3156586578293289,0.656624179219776,0.3991933230727383
0.31586578293289147,0.656624179219776,0.3991342430463357
0.31586578293289147,0.657010428736964,0.3990834603654294
0.31586578293289147,0.6573966782541522,0.3989675783174664
0.316072908036454,0.6573966782541522,0.3989137273218922
0.31628003314001657,0.6573966782541522,0.3987399765423696
0.31648715824357915,0.6573966782541522,0.3986798291700666
0.31648715824357915,0.6577829277713403,0.3986222014323097
0.31648715824357915,0.6581691772885284,0.3985921781819692
0.31648715824357915,0.6585554268057165,0.3984886242396686
0.31648715824357915,0.6589416763229046,0.3984390441109999
0.31669428334714167,0.6589416763229046,0.3983848183124703
0.31690140845070425,0.6589416763229046,0.3980136759176105
0.31710853355426677,0.6589416763229046,0.397990473590176
0.31710853355426677,0.6593279258400927,0.3978275730572064
0.31731565865782935,0.6593279258400927,0.3977434105931287
0.31731565865782935,0.6597141753572808,0.3976808810887355
0.31752278376139187,0.6597141753572808,0.397506189200828
0.31772990886495445,0.6597141753572808,0.3974799756631395
0.31772990886495445,0.660100424874469,0.3974665026793394
0.31793703396851697,0.660100424874469,0.3973657418030659
0.31814415907207955,0.660100424874469,0.3973008880609354
0.31814415907207955,0.660486674391657,0.3971204113989012
0.31835128417564207,0.660486674391657,0.397093589629067
0.31835128417564207,0.6608729239088451,0.3970792606994179
0.31835128417564207,0.6612591734260332,0.3970350486425665
0.31855840927920465,0.6612591734260332,0.3970018779010978
0.31855840927920465,0.6616454229432214,0.3968069017272659
0.31855840927920465,0.6620316724604094,0.3966292958327976
0.31876553438276717,0.6620316724604094,0.3966258217171258
0.31876553438276717,0.6624179219775975,0.3964796484746766
0.31897265948632975,0.6624179219775975,0.3963688030413654
0.31897265948632975,0.6628041714947857,0.3962887425696206
0.31917978458989227,0.6628041714947857,0.3962771629889881
0.31917978458989227,0.6631904210119738,0.3962420683705797
0.31917978458989227,0.6635766705291618,0.3961860392596819
0.31938690969345485,0.6635766705291618,0.3960547826042205
0.31938690969345485,0.6639629200463499,0.3960174468712868
0.31938690969345485,0.6643491695635381,0.3957375858508936
0.3195940347970174,0.6643491695635381,0.3955342882794233
0.3195940347970174,0.6647354190807262,0.3953949470600281
0.31980115990057995,0.6647354190807262,0.3953259611419902
0.3200082850041425,0.6647354190807262,0.3952818287995477
0.32021541010770505,0.6647354190807262,0.3952430304154268
0.3204225352112676,0.6647354190807262,0.3951011402920964
0.32062966031483014,0.6647354190807262,0.3950227284893214
0.3208367854183927,0.6647354190807262,0.3949115966291804
0.32104391052195524,0.6647354190807262,0.3947175396585591
0.3212510356255178,0.6647354190807262,0.3944996903087853
0.3212510356255178,0.6651216685979142,0.3943127670940388
0.32145816072908034,0.6651216685979142,0.3941589329593761
0.3216652858326429,0.6651216685979142,0.3940725576927613
0.32187241093620544,0.6651216685979142,0.3940245400472125
0.32187241093620544,0.6655079181151023,0.3939583936758303
0.32187241093620544,0.6658941676322905,0.3937381840992237
0.322079536039768,0.6658941676322905,0.3936452904080055
0.322079536039768,0.6662804171494786,0.3935133626385112
0.32228666114333054,0.6662804171494786,0.393495276177009
0.3224937862468931,0.6662804171494786,0.3934285273853796
0.3227009113504557,0.6662804171494786,0.3933919281387136
0.3227009113504557,0.6666666666666666,0.3933383754311371
0.3229080364540182,0.6666666666666666,0.3933357673765206
0.3231151615575808,0.6666666666666666,0.3932593496413764
0.3231151615575808,0.6670529161838548,0.3932561404912928
0.3233222866611433,0.6670529161838548,0.3931898963615093
0.3235294117647059,0.6670529161838548,0.3931861109081477
0.3235294117647059,0.6674391657010429,0.3931176522516368
0.3235294117647059,0.667825415218231,0.3930824100587324
0.3237365368682684,0.667825415218231,0.3928210274544697
0.323943661971831,0.667825415218231,0.3927832975661125
0.3241507870753935,0.667825415218231,0.3926977539585838
0.3243579121789561,0.667825415218231,0.3925580709645289
0.3245650372825186,0.667825415218231,0.3924071404705457
0.3247721623860812,0.667825415218231,0.3923383656904557
0.3249792874896437,0.667825415218231,0.3921658048345006
0.3251864125932063,0.667825415218231,0.3921512554354827
0.3251864125932063,0.668211664735419,0.3921491552537768
0.3251864125932063,0.6685979142526072,0.3920392418989012
0.3253935376967689,0.6685979142526072,0.3918854859126403
0.3256006628003314,0.6685979142526072,0.3917982443102867
0.325807787903894,0.6685979142526072,0.3917628495369616
0.3260149130074565,0.6685979142526072,0.3914365489697672
0.3260149130074565,0.6689841637697953,0.3914282335558074
0.3262220381110191,0.6689841637697953,0.3914090526747076
0.3264291632145816,0.6689841637697953,0.3913834853608722
0.3266362883181442,0.6689841637697953,0.3913322197496058
0.3268434134217067,0.6689841637697953,0.3912968016357905
0.3270505385252693,0.6689841637697953,0.3911666799890811
0.3272576636288318,0.6689841637697953,0.3911394173840401
0.3272576636288318,0.6693704132869834,0.3911324292452384
0.3274647887323944,0.6693704132869834,0.3910389137293495
0.3276719138359569,0.6693704132869834,0.3908455097396451
0.3276719138359569,0.6697566628041715,0.3908285861306701
0.3278790389395195,0.6697566628041715,0.3908201570591543
0.328086164043082,0.6697566628041715,0.3907290044673224
0.328086164043082,0.6701429123213596,0.3906965763479068
0.3282932891466446,0.6701429123213596,0.3906496047608514
0.3282932891466446,0.6705291618385477,0.3905134871705135
0.32850041425020715,0.6705291618385477,0.3903966553341213
0.3287075393537697,0.6705291618385477,0.3903448343994176
0.32891466445733225,0.6705291618385477,0.3902524667285626
0.3291217895608948,0.6705291618385477,0.3900193381567211
0.3291217895608948,0.6709154113557358,0.3899357578800316
0.3291217895608948,0.6713016608729239,0.3898935459014189
0.3291217895608948,0.671687910390112,0.3897749067839818
0.32932891466445735,0.671687910390112,0.3896824688940949
0.3295360397680199,0.671687910390112,0.3896609537671625
0.3295360397680199,0.6720741599073001,0.389639755278374
0.32974316487158245,0.6720741599073001,0.3893586370172868
0.329950289975145,0.6720741599073001,0.3893538157719782
0.33015741507870755,0.6720741599073001,0.3893177891889477
0.33036454018227007,0.6720741599073001,0.3892151700380031
0.33036454018227007,0.6724604094244883,0.3890441047249886
0.33057166528583265,0.6724604094244883,0.388940831444137
0.33077879038939517,0.6724604094244883,0.3889085222935284
0.33098591549295775,0.6724604094244883,0.3888299361625427
0.33098591549295775,0.6728466589416763,0.3886633477625741
0.33119304059652027,0.6728466589416763,0.3884976919032076
0.33140016570008285,0.6728466589416763,0.388431852042908
0.3316072908036454,0.6728466589416763,0.3884095371130712
0.3316072908036454,0.6732329084588644,0.3883533306174725
0.3316072908036454,0.6736191579760525,0.3883046330254937
0.33181441590720795,0.6736191579760525,0.3882270212030488
0.3320215410107705,0.6736191579760525,0.3882025573184364
0.3320215410107705,0.6740054074932407,0.3881382429018805
0.33222866611433305,0.6740054074932407,0.3881223463493198
0.33222866611433305,0.6743916570104287,0.3880731345959317
0.3324357912178956,0.6743916570104287,0.3880392103333121
0.33264291632145815,0.6743916570104287,0.3876700983809753
0.33264291632145815,0.6747779065276168,0.3875228749282661
0.3328500414250207,0.6747779065276168,0.3874288657062992
0.33305716652858325,0.6747779065276168,0.3873984848070232
0.33305716652858325,0.675164156044805,0.3873872904125889
0.3332642916321458,0.675164156044805,0.3873819352436731
0.3332642916321458,0.6755504055619931,0.3872730337891972
0.33347141673570835,0.6755504055619931,0.3872243378828845
0.3336785418392709,0.6755504055619931,0.3871797571934797
0.33388566694283345,0.6755504055619931,0.3871777336952245
0.334092792046396,0.6755504055619931,0.3871685053762093
0.33429991714995855,0.6755504055619931,0.3871108330092041
0.3345070422535211,0.6755504055619931,0.3870901802869045
0.3347141673570837,0.6755504055619931,0.3870592077461104
0.3349212924606462,0.6755504055619931,0.3870181203357263
0.3351284175642088,0.6755504055619931,0.3869067023724827
0.3353355426677713,0.6755504055619931,0.3868225733547262
0.3353355426677713,0.6759366550791811,0.3865821138849004
0.3355426677713339,0.6759366550791811,0.3865788345980553
0.3355426677713339,0.6763229045963692,0.3865486460314486
0.3357497928748964,0.6763229045963692,0.3863308896601027
0.335956917978459,0.6763229045963692,0.3863042092725402
0.3361640430820215,0.6763229045963692,0.3861826846814981
0.3363711681855841,0.6763229045963692,0.3861612804275188
0.3365782932891466,0.6763229045963692,0.3860028196880721
0.3365782932891466,0.6767091541135574,0.3858265116168309
0.3367854183927092,0.6767091541135574,0.3856611672718618
0.3367854183927092,0.6770954036307455,0.3856581529766716
0.3369925434962717,0.6770954036307455,0.3856312137558378
0.3371996685998343,0.6770954036307455,0.3853968190979052
0.3371996685998343,0.6774816531479335,0.3853930937432858
0.3374067937033969,0.6774816531479335,0.3853434297514204
0.3374067937033969,0.6778679026651216,0.3853307622845125
0.3376139188069594,0.6778679026651216,0.3853025366210714
0.337821043910522,0.6778679026651216,0.3852947976500865
0.3380281690140845,0.6778679026651216,0.385227480893642
0.3380281690140845,0.6782541521823098,0.3851260141651594
0.3382352941176471,0.6782541521823098,0.3850981197561777
0.3382352941176471,0.6786404016994979,0.3850175712040368
0.3382352941176471,0.6790266512166859,0.3848988099706512
0.3382352941176471,0.6794129007338741,0.3848362903385147
0.3384424192212096,0.6794129007338741,0.3847801646038483
0.3386495443247722,0.6794129007338741,0.3847751003819478
0.3388566694283347,0.6794129007338741,0.3847550445452632
0.3388566694283347,0.6797991502510622,0.3847095307634171
0.3388566694283347,0.6801853997682503,0.3846984433035523
0.3388566694283347,0.6805716492854383,0.3843919953061018
0.3390637945318973,0.6805716492854383,0.384305736864858
0.3392709196354598,0.6805716492854383,0.3842313749388868
0.3392709196354598,0.6809578988026265,0.3840993079872311
0.3394780447390224,0.6809578988026265,0.3838539714118873
0.3396851698425849,0.6809578988026265,0.3838151581089205
0.3398922949461475,0.6809578988026265,0.3834691791970093
0.3398922949461475,0.6813441483198146,0.3834559730462074
0.3398922949461475,0.6817303978370027,0.383415662004834
0.34009942004971,0.6817303978370027,0.3832914586324015
0.3403065451532726,0.6817303978370027,0.3832222646133428
0.34051367025683515,0.6817303978370027,0.3831583089648972
0.3407207953603977,0.6817303978370027,0.3829191650352647
0.34092792046396025,0.6817303978370027,0.3825935837104505
0.3411350455675228,0.6817303978370027,0.3825426697044463
0.34134217067108535,0.6817303978370027,0.3825094427307849
0.34134217067108535,0.6821166473541908,0.3824529336941899
0.3415492957746479,0.6821166473541908,0.3824005133696741
0.34175642087821045,0.6821166473541908,0.3823925882582495
0.34175642087821045,0.6825028968713789,0.3821852998613406
0.34175642087821045,0.682889146388567,0.3814020351566137
0.34175642087821045,0.6832753959057551,0.3813880754379576
0.341963545981773,0.6832753959057551,0.3812747695231582
0.34217067108533555,0.6832753959057551,0.3810883567331411
0.34217067108533555,0.6836616454229433,0.3810276215304266
0.3423777961888981,0.6836616454229433,0.3809834784282696
0.34258492129246065,0.6836616454229433,0.3809379162300775
0.34258492129246065,0.6840478949401313,0.3807647385171002
0.34258492129246065,0.6844341444573194,0.3807059199626271
0.3427920463960232,0.6844341444573194,0.3806068674398953
0.34299917149958575,0.6844341444573194,0.3806030264068631
0.34299917149958575,0.6848203939745076,0.3805918917311387
0.34299917149958575,0.6852066434916957,0.3805808229082575
0.3432062966031483,0.6852066434916957,0.3805369101773377
0.3432062966031483,0.6855928930088837,0.380294116840982
0.34341342170671085,0.6855928930088837,0.3802813620742699
0.34362054681027343,0.6855928930088837,0.3802280459474913
0.34382767191383595,0.6855928930088837,0.3801921297850956
0.34382767191383595,0.6859791425260718,0.3801595156173671
0.34403479701739853,0.6859791425260718,0.3801136516885302
0.34424192212096105,0.6859791425260718,0.3801055647954323
0.34444904722452363,0.6859791425260718,0.3800057103088846
0.34465617232808615,0.6859791425260718,0.3799934658975508
0.34486329743164873,0.6859791425260718,0.3799182646085831
0.34507042253521125,0.6859791425260718,0.3798255440508678
0.34507042253521125,0.68636539204326,0.3797481428767462
0.34507042253521125,0.6867516415604481,0.3797202591473143
0.34527754763877383,0.6867516415604481,0.3797161375795155
0.34527754763877383,0.6871378910776361,0.3796575398182808
0.34527754763877383,0.6875241405948243,0.3796039454185564
0.34548467274233635,0.6875241405948243,0.3795422178474732
0.34548467274233635,0.6879103901120124,0.3794728217152068
0.34569179784589893,0.6879103901120124,0.3793486386538232
0.34569179784589893,0.6882966396292005,0.3793321831084246
0.34589892294946145,0.6882966396292005,0.3792121238097273
0.34610604805302403,0.6882966396292005,0.3791596472469351
0.34631317315658655,0.6882966396292005,0.3791373036190236
0.34652029826014913,0.6882966396292005,0.3791200970764051
0.3467274233637117,0.6882966396292005,0.3790865221584222
0.34693454846727423,0.6882966396292005,0.378981263718687
0.34693454846727423,0.6886828891463885,0.378481523711144
0.3471416735708368,0.6886828891463885,0.3782521121118271
0.34734879867439933,0.6886828891463885,0.3781123425679289
0.34734879867439933,0.6890691386635767,0.3777797441872942
0.34734879867439933,0.6894553881807648,0.377774236022341
0.3475559237779619,0.6894553881807648,0.3776933087085673
0.3475559237779619,0.6898416376979529,0.3775915447638189
0.3475559237779619,0.690227887215141,0.3775305342784614
0.3475559237779619,0.6906141367323291,0.3774901340948448
0.34776304888152443,0.6906141367323291,0.3774843720323591
0.347970173985087,0.6906141367323291,0.3772996166678192
0.34817729908864953,0.6906141367323291,0.3772888605531218
0.34817729908864953,0.6910003862495172,0.3772029952252156
0.3483844241922121,0.6910003862495172,0.3771837654815315
0.3483844241922121,0.6913866357667053,0.3770419886850477
0.3483844241922121,0.6917728852838934,0.3768699643794218
0.3485915492957746,0.6917728852838934,0.3768578415115972
0.3485915492957746,0.6921591348010815,0.3768006004276897
0.3487986743993372,0.6921591348010815,0.3767581641058282
0.3490057995028997,0.6921591348010815,0.3766525233257474
0.3492129246064623,0.6921591348010815,0.3766327854100088
0.3494200497100249,0.6921591348010815,0.3765832788050053
0.3496271748135874,0.6921591348010815,0.3764790976778029
0.3496271748135874,0.6925453843182696,0.3762709208108477
0.34983429991715,0.6925453843182696,0.3761735072794968
0.3500414250207125,0.6925453843182696,0.376055390103118
0.3502485501242751,0.6925453843182696,0.376055209875088
0.3502485501242751,0.6929316338354577,0.3759318192943114
0.3502485501242751,0.6933178833526458,0.3757012002251912
0.3504556752278376,0.6933178833526458,0.3755979347553262
0.3506628003314002,0.6933178833526458,0.3753356959431968
0.3508699254349627,0.6933178833526458,0.3751573112482878
0.3508699254349627,0.6937041328698339,0.3751357093900221
0.3510770505385253,0.6937041328698339,0.3750431618958226
0.3510770505385253,0.694090382387022,0.3748980418023728
0.3510770505385253,0.6944766319042102,0.3743953915563485
0.3512841756420878,0.6944766319042102,0.3742822415802809
0.3512841756420878,0.6948628814213982,0.3741636557000877
0.3514913007456504,0.6948628814213982,0.373947657624914
0.3516984258492129,0.6948628814213982,0.3739351150377784
0.3516984258492129,0.6952491309385863,0.3738859568220768
0.3519055509527755,0.6952491309385863,0.3737841202570461
0.352112676056338,0.6952491309385863,0.373726501011309
0.3523198011599006,0.6952491309385863,0.3735862555488571
0.35252692626346316,0.6952491309385863,0.3735261427263329
0.3527340513670257,0.6952491309385863,0.3734012120441733
0.35294117647058826,0.6952491309385863,0.3733396813770446
0.3531483015741508,0.6952491309385863,0.3733316130547687
0.3531483015741508,0.6956353804557744,0.3732155805385985
0.35335542667771336,0.6956353804557744,0.3731824705557404
0.35335542667771336,0.6960216299729626,0.3731616270098989
0.3535625517812759,0.6960216299729626,0.3731507091834414
0.3535625517812759,0.6964078794901506,0.3728643974414724
0.35376967688483846,0.6964078794901506,0.3728325109114349
0.35376967688483846,0.6967941290073387,0.3728048843608423
0.353976801988401,0.6967941290073387,0.3727972129029403
0.353976801988401,0.6971803785245269,0.3727808792681887
0.353976801988401,0.697566628041715,0.3727333137563133
0.353976801988401,0.697952877558903,0.3727080002559436
0.353976801988401,0.6983391270760911,0.3725499740314782
0.353976801988401,0.6987253765932793,0.3724479890480557
0.35418392709196356,0.6987253765932793,0.3720793184520261
0.3543910521955261,0.6987253765932793,0.3720669365527329
0.35459817729908866,0.6987253765932793,0.3720303542413524
0.3548053024026512,0.6987253765932793,0.3720149215554105
0.35501242750621376,0.6987253765932793,0.3719511738986457
0.35501242750621376,0.6991116261104674,0.3719055445867018
0.3552195526097763,0.6991116261104674,0.3718069468454764
0.3552195526097763,0.6994978756276554,0.3717616044957492
0.3552195526097763,0.6998841251448435,0.3715670473781976
0.3552195526097763,0.7002703746620317,0.3713368213258227
0.3552195526097763,0.7006566241792198,0.3713165467834925
0.35542667771333886,0.7006566241792198,0.3712503284688796
0.35542667771333886,0.7010428736964078,0.3711003706211207
0.35542667771333886,0.701429123213596,0.3709233531226624
0.35542667771333886,0.7018153727307841,0.3708873046076921
0.35542667771333886,0.7022016222479722,0.3707902235965929
0.35542667771333886,0.7025878717651602,0.3707602438345326
0.35563380281690143,0.7025878717651602,0.3705599971010777
0.35563380281690143,0.7029741212823484,0.3704612474397362
0.35584092792046396,0.7029741212823484,0.3699972427153327
0.35604805302402653,0.7029741212823484,0.3697542946408504
0.35604805302402653,0.7033603707995365,0.3696991715762384
0.35625517812758906,0.7033603707995365,0.3696937099963379
0.35625517812758906,0.7037466203167246,0.3696730044026349
0.35625517812758906,0.7041328698339127,0.3694618158863718
0.35646230323115163,0.7041328698339127,0.3692980646500657
0.35666942833471416,0.7041328698339127,0.369112187783607
0.35687655343827673,0.7041328698339127,0.3690934289849344
0.35687655343827673,0.7045191193511008,0.3689731414215958
0.35687655343827673,0.7049053688682889,0.3689209590131904
0.35687655343827673,0.705291618385477,0.3688214710825674
0.35687655343827673,0.7056778679026651,0.3687064640793848
0.35708367854183926,0.7056778679026651,0.368557315013386
0.35708367854183926,0.7060641174198532,0.3683699225699192
0.35729080364540183,0.7060641174198532,0.3683414756754651
0.35749792874896436,0.7060641174198532,0.3682590465497811
0.35770505385252693,0.7060641174198532,0.3680982671404815
0.35770505385252693,0.7064503669370413,0.368073909374289
0.35791217895608946,0.7064503669370413,0.3678369953578588
0.35791217895608946,0.7068366164542295,0.3678105189243983
0.35791217895608946,0.7072228659714175,0.3677975441503365
0.35791217895608946,0.7076091154886056,0.3676303549336691
0.35811930405965203,0.7076091154886056,0.3674928192746525
0.35832642916321455,0.7076091154886056,0.3674722594957492
0.35853355426677713,0.7076091154886056,0.3674143058446937
0.3587406793703397,0.7076091154886056,0.3673730761327191
0.3587406793703397,0.7079953650057937,0.3672238444855756
0.3587406793703397,0.7083816145229819,0.3671734522009383
0.35894780447390223,0.7083816145229819,0.3671731676998417
0.35894780447390223,0.70876786404017,0.3671724256877762
0.3591549295774648,0.70876786404017,0.3669365549774821
0.35936205468102733,0.70876786404017,0.3666402647465387
0.3595691797845899,0.70876786404017,0.3665463846479475
0.35977630488815243,0.70876786404017,0.3661753317486679
0.35977630488815243,0.709154113557358,0.365955573412708
0.359983429991715,0.709154113557358,0.3658747064401138
0.359983429991715,0.7095403630745462,0.3658447106345319
0.36019055509527753,0.7095403630745462,0.3655034958634854
0.3603976801988401,0.7095403630745462,0.3654714951412725
0.36060480530240263,0.7095403630745462,0.3652685163296487
0.36060480530240263,0.7099266125917343,0.3651643769890711
0.36060480530240263,0.7103128621089224,0.3651296693989019
0.3608119304059652,0.7103128621089224,0.3648887789313414
0.3608119304059652,0.7106991116261104,0.3643684881791872
0.36101905550952773,0.7106991116261104,0.3643257222315522
0.3612261806130903,0.7106991116261104,0.3642984402206131
0.36143330571665283,0.7106991116261104,0.3640343648203346
0.3616404308202154,0.7106991116261104,0.3638109080684809
0.3616404308202154,0.7110853611432986,0.3637294125992746
0.3616404308202154,0.7114716106604867,0.3636163210048646
0.361847555923778,0.7114716106604867,0.3636141981941538
0.3620546810273405,0.7114716106604867,0.3635549641623335
0.3622618061309031,0.7114716106604867,0.3635432395218458
0.3622618061309031,0.7118578601776748,0.3633499974027862
0.3624689312344656,0.7118578601776748,0.3632806116758196
0.3626760563380282,0.7118578601776748,0.3631314651220532
0.3626760563380282,0.7122441096948628,0.363081304702929
0.3628831814415907,0.7122441096948628,0.3628975701705879
0.3630903065451533,0.7122441096948628,0.3628381241908389
0.3632974316487158,0.7122441096948628,0.3628324511626291
0.3632974316487158,0.712630359212051,0.3626105983559806
0.3635045567522784,0.712630359212051,0.3625807647453711
0.3635045567522784,0.7130166087292391,0.3625267879029362
0.3635045567522784,0.7134028582464272,0.3623199860134324
0.3637116818558409,0.7134028582464272,0.3622963267756772
0.3637116818558409,0.7137891077636153,0.3622255652890222
0.3637116818558409,0.7141753572808034,0.3620516571250244
0.3639188069594035,0.7141753572808034,0.3619176580983598
0.364125932062966,0.7141753572808034,0.3618641869178996
0.364125932062966,0.7145616067979915,0.3618287989743468
0.3643330571665286,0.7145616067979915,0.3618086750441779
0.36454018227009116,0.7145616067979915,0.3617937611537333
0.3647473073736537,0.7145616067979915,0.3617092074910395
0.3647473073736537,0.7149478563151797,0.3615981517854678
0.36495443247721626,0.7149478563151797,0.3615867658244857
0.3651615575807788,0.7149478563151797,0.3614608616284747
0.36536868268434136,0.7149478563151797,0.3613033568500551
0.36536868268434136,0.7153341058323677,0.3612828759534477
0.3655758077879039,0.7153341058323677,0.3612754659262155
0.36578293289146646,0.7153341058323677,0.3612599656441496
0.36578293289146646,0.7157203553495558,0.3611370558428375
0.365990057995029,0.7157203553495558,0.3610731969692984
0.36619718309859156,0.7157203553495558,0.3607937442683832
0.3664043082021541,0.7157203553495558,0.3604581765106237
0.3664043082021541,0.7161066048667439,0.3604187173034966
0.3664043082021541,0.7164928543839321,0.3601173264111421
0.3664043082021541,0.7168791039011201,0.3600050460691165
0.36661143330571666,0.7168791039011201,0.3598916989935938
0.36661143330571666,0.7172653534183082,0.3597631139620273
0.3668185584092792,0.7172653534183082,0.3595041458554097
0.36702568351284176,0.7172653534183082,0.3594990133151673
0.3672328086164043,0.7172653534183082,0.3594275097214603
0.3672328086164043,0.7176516029354963,0.3593346020712762
0.36743993371996686,0.7176516029354963,0.3592170394330284
0.36764705882352944,0.7176516029354963,0.3591530492267853
0.36764705882352944,0.7180378524526845,0.359073879164537
0.36785418392709196,0.7180378524526845,0.3590214192215792
0.36806130903065454,0.7180378524526845,0.3590004569431706
0.36826843413421706,0.7180378524526845,0.3589392668394912
0.36826843413421706,0.7184241019698725,0.3589066833344265
0.36826843413421706,0.7188103514870606,0.3588471255019286
0.36847555923777964,0.7188103514870606,0.3588297750776886
0.36868268434134216,0.7188103514870606,0.3587855084711025
0.36888980944490474,0.7188103514870606,0.3587038755893724
0.36909693454846726,0.7188103514870606,0.3586986459494999
0.36930405965202984,0.7188103514870606,0.3585765670895868
0.36951118475559236,0.7188103514870606,0.358474520411528
0.36951118475559236,0.7191966010042488,0.3584636699426372
0.36971830985915494,0.7191966010042488,0.3583354375914432
0.36992543496271746,0.7191966010042488,0.3580097934380021
0.37013256006628004,0.7191966010042488,0.3579350912620971
0.37013256006628004,0.7195828505214369,0.3578938188957915
0.37033968516984256,0.7195828505214369,0.3577909570144021
0.37054681027340514,0.7195828505214369,0.3575978650569942
0.3707539353769677,0.7195828505214369,0.3575247321778763
0.3707539353769677,0.7199691000386249,0.3573168824529329
0.37096106048053024,0.7199691000386249,0.3570086404687154
0.37096106048053024,0.720355349555813,0.3568948323496936
0.3711681855840928,0.720355349555813,0.3568472273126438
0.3711681855840928,0.7207415990730012,0.3567303894899278
0.3711681855840928,0.7211278485901893,0.3566102501884258
0.37137531068765534,0.7211278485901893,0.3566056262036215
0.37137531068765534,0.7215140981073773,0.3565095355340062
0.3715824357912179,0.7215140981073773,0.3564856591469482
0.37178956089478044,0.7215140981073773,0.3562823594480299
0.371996685998343,0.7215140981073773,0.3562551024533954
0.371996685998343,0.7219003476245655,0.3562213562196242
0.37220381110190554,0.7219003476245655,0.3561999504158689
0.37220381110190554,0.7222865971417536,0.3561844374401296
0.3724109362054681,0.7222865971417536,0.3560778504778791
0.3724109362054681,0.7226728466589417,0.3560647363096143
0.37261806130903063,0.7226728466589417,0.356031050764524
0.3728251864125932,0.7226728466589417,0.3559864821994371
0.3728251864125932,0.7230590961761297,0.3559521580561331
0.37303231151615573,0.7230590961761297,0.3559174980028154
0.37303231151615573,0.7234453456933179,0.3558340066572338
0.37303231151615573,0.723831595210506,0.3558285004387161
0.3732394366197183,0.723831595210506,0.3557108733508297
0.3732394366197183,0.7242178447276941,0.3556748647364607
0.37344656172328083,0.7242178447276941,0.3556032983374774
0.3736536868268434,0.7242178447276941,0.3555962901716971
0.3736536868268434,0.7246040942448821,0.3555532004601074
0.373860811930406,0.7246040942448821,0.355523372412358
0.3740679370339685,0.7246040942448821,0.3553506168816551
0.3742750621375311,0.7246040942448821,0.3551936542407769
0.3744821872410936,0.7246040942448821,0.3551904682113885
0.3746893123446562,0.7246040942448821,0.3551730284020793
0.3746893123446562,0.7249903437620703,0.355036480430024
0.3748964374482187,0.7249903437620703,0.3548301185325221
0.3748964374482187,0.7253765932792584,0.3547106136905766
0.3751035625517813,0.7253765932792584,0.3545402932019039
0.3751035625517813,0.7257628427964465,0.3545078941190216
0.3751035625517813,0.7261490923136346,0.3542202060383552
0.3753106876553438,0.7261490923136346,0.3540778700755942
0.3755178127589064,0.7261490923136346,0.3540505393986002
0.3757249378624689,0.7261490923136346,0.3540087166191308
0.3757249378624689,0.7265353418308227,0.3538095041051602
0.3757249378624689,0.7269215913480108,0.3536131385185191
0.3757249378624689,0.727307840865199,0.3530092229369918
0.3759320629660315,0.727307840865199,0.3528785607043047
0.376139188069594,0.727307840865199,0.3525576784190875
0.3763463131731566,0.727307840865199,0.3524372752435415
0.3763463131731566,0.727694090382387,0.352397619586351
0.37655343827671917,0.727694090382387,0.3523456305479834
0.3767605633802817,0.727694090382387,0.3522655500826139
0.3767605633802817,0.7280803398995751,0.3521905847953532
0.37696768848384427,0.7280803398995751,0.3521158962693367
0.37696768848384427,0.7284665894167632,0.3521150721590506
0.3771748135874068,0.7284665894167632,0.3520730669607002
0.3771748135874068,0.7288528389339514,0.3520680880552849
0.37738193869096937,0.7288528389339514,0.3519571171615356
0.3775890637945319,0.7288528389339514,0.351899800494488
0.37779618889809446,0.7288528389339514,0.351857636498126
0.378003314001657,0.7288528389339514,0.3517145003317088
0.37821043910521956,0.7288528389339514,0.351680125730316
0.3784175642087821,0.7288528389339514,0.3512292466035002
0.37862468931234466,0.7288528389339514,0.3510439210970982
0.3788318144159072,0.7288528389339514,0.3510087129361458
0.3788318144159072,0.7292390884511394,0.3509592369333745
0.37903893951946976,0.7292390884511394,0.3508694949226755
0.3792460646230323,0.7292390884511394,0.3508407622208772
0.37945318972659486,0.7292390884511394,0.3508179659954336
0.37966031483015744,0.7292390884511394,0.3507709761989842
0.37986743993371996,0.7292390884511394,0.3506808419942159
0.38007456503728254,0.7292390884511394,0.3505292444657032
0.38028169014084506,0.7292390884511394,0.3503148054300662
0.38028169014084506,0.7296253379683275,0.3502154561346838
0.38048881524440764,0.7296253379683275,0.3501875131051973
0.38069594034797016,0.7296253379683275,0.3500310239129701
0.38090306545153274,0.7296253379683275,0.3498376429081631
0.38090306545153274,0.7300115874855156,0.34983274366223
0.38090306545153274,0.7303978370027038,0.3496022942407857
0.38111019055509526,0.7303978370027038,0.3495086981826606
0.38131731565865784,0.7303978370027038,0.3494873238935075
0.38131731565865784,0.7307840865198918,0.3494823135865021
0.38131731565865784,0.7311703360370799,0.3494761351662068
0.38152444076222036,0.7311703360370799,0.3494218914151339
0.38173156586578294,0.7311703360370799,0.3494167951830706
0.38193869096934546,0.7311703360370799,0.3493796322996786
0.38193869096934546,0.7315565855542681,0.3491463728704282
0.38193869096934546,0.7319428350714562,0.3489876699983338
0.38193869096934546,0.7323290845886443,0.3489847631731184
0.38214581607290804,0.7323290845886443,0.3488811165185221
0.38214581607290804,0.7327153341058323,0.3487762141553056
0.38214581607290804,0.7331015836230205,0.3485323900523478
0.38235294117647056,0.7331015836230205,0.3479734543639921
0.38256006628003314,0.7331015836230205,0.3476964992968462
0.38256006628003314,0.7334878331402086,0.3476168992647481
0.3827671913835957,0.7334878331402086,0.3475536836149708
0.38297431648715824,0.7334878331402086,0.3474259249132299
0.3831814415907208,0.7334878331402086,0.3474071261886597
0.38338856669428334,0.7334878331402086,0.3473227058755898
0.3835956917978459,0.7334878331402086,0.3473012718704171
0.3835956917978459,0.7338740826573967,0.3471229656344659
0.3835956917978459,0.7342603321745848,0.3469474451758895
0.38380281690140844,0.7342603321745848,0.3468640164503599
0.384009942004971,0.7342603321745848,0.3468541881448566
0.38421706710853354,0.7342603321745848,0.3468174142569335
0.3844241922120961,0.7342603321745848,0.3466740526200348
0.3844241922120961,0.7346465816917729,0.3465600777570135
0.3844241922120961,0.735032831208961,0.346431711730875
0.38463131731565864,0.735032831208961,0.3461286230000589
0.38463131731565864,0.7354190807261491,0.3458848822360653
0.3848384424192212,0.7354190807261491,0.3456933597075342
0.38504556752278374,0.7354190807261491,0.3455714404901455
0.3852526926263463,0.7354190807261491,0.3455692418237291
0.3852526926263463,0.7358053302433372,0.3455093876714445
0.3852526926263463,0.7361915797605253,0.3453318971926161
0.38545981772990884,0.7361915797605253,0.3452493374187555
0.3856669428334714,0.7361915797605253,0.34522594997068
0.385874067937034,0.7361915797605253,0.345195104382694
0.385874067937034,0.7365778292777134,0.3451942684089144
0.385874067937034,0.7369640787949016,0.3451843705939927
0.385874067937034,0.7373503283120896,0.3451806186038673
0.385874067937034,0.7377365778292777,0.3450930593217057
0.3860811930405965,0.7377365778292777,0.3449368602782461
0.3862883181441591,0.7377365778292777,0.3449060005233952
0.3862883181441591,0.7381228273464658,0.3448080899894429
0.3862883181441591,0.738509076863654,0.3447311266261415
0.3862883181441591,0.738895326380842,0.3445410906668331
0.3864954432477216,0.738895326380842,0.3444227332370889
0.3864954432477216,0.7392815758980301,0.3443187249672737
0.3864954432477216,0.7396678254152182,0.3442018803391293
0.3864954432477216,0.7400540749324064,0.3441900745545678
0.3867025683512842,0.7400540749324064,0.3439516565276141
0.3869096934548467,0.7400540749324064,0.3438502154562871
0.3871168185584093,0.7400540749324064,0.3437371472515045
0.3873239436619718,0.7400540749324064,0.3437096665682372
0.3873239436619718,0.7404403244495944,0.3435980187740944
0.3873239436619718,0.7408265739667825,0.343580012523959
0.3875310687655344,0.7408265739667825,0.343369007724675
0.3875310687655344,0.7412128234839707,0.343366453480517
0.3877381938690969,0.7412128234839707,0.3433534697314138
0.3879453189726595,0.7412128234839707,0.3432655949552344
0.388152444076222,0.7412128234839707,0.3432075915019716
0.3883595691797846,0.7412128234839707,0.3431692093691223
0.38856669428334717,0.7412128234839707,0.3429580485536431
0.3887738193869097,0.7412128234839707,0.3429045907450372
0.38898094449047227,0.7412128234839707,0.3429005720228856
0.3891880695940348,0.7412128234839707,0.3428590341932656
0.38939519469759737,0.7412128234839707,0.342772439049648
0.38939519469759737,0.7415990730011588,0.3426815343280946
0.38939519469759737,0.7419853225183468,0.3424044261142682
0.38939519469759737,0.7423715720355349,0.3421781415086104
0.3896023198011599,0.7423715720355349,0.3421705139336389
0.3896023198011599,0.7427578215527231,0.3419286637937939
0.3896023198011599,0.7431440710699112,0.3418613557348524
0.3896023198011599,0.7435303205870992,0.3417679528507008
0.38980944490472247,0.7435303205870992,0.3416588841496014
0.38980944490472247,0.7439165701042874,0.3416133327021218
0.390016570008285,0.7439165701042874,0.3410789641148902
0.390016570008285,0.7443028196214755,0.3410273218551183
0.39022369511184757,0.7443028196214755,0.3408922410691146
0.3904308202154101,0.7443028196214755,0.340706647904644
0.39063794531897267,0.7443028196214755,0.3406350618031326
0.39063794531897267,0.7446890691386636,0.3404088705918719
0.39063794531897267,0.7450753186558516,0.340232800746736
0.3908450704225352,0.7450753186558516,0.3400946737530833
0.3908450704225352,0.7454615681730398,0.3399603502885456
0.39105219552609777,0.7454615681730398,0.3399063558067047
0.39105219552609777,0.7458478176902279,0.3398399737895221
0.39105219552609777,0.746234067207416,0.3398104576807598
0.39105219552609777,0.746620316724604,0.3397205424539704
0.3912593206296603,0.746620316724604,0.339630992436419
0.39146644573322287,0.746620316724604,0.3394268588256912
0.39167357083678545,0.746620316724604,0.3393400683392401
0.39188069594034797,0.746620316724604,0.3393388055004009
0.39188069594034797,0.7470065662417922,0.3392969051026945
0.39188069594034797,0.7473928157589803,0.3391867539968243
0.39208782104391054,0.7473928157589803,0.3391458734350084
0.39229494614747307,0.7473928157589803,0.3390085189025467
0.39250207125103564,0.7473928157589803,0.3389876104608719
0.39270919635459817,0.7473928157589803,0.3389290686715091
0.39270919635459817,0.7477790652761684,0.3385151942147052
0.39291632145816074,0.7477790652761684,0.3384484101271204
0.39312344656172327,0.7477790652761684,0.3384242630059605
0.39333057166528584,0.7477790652761684,0.3383367530576269
0.39353769676884837,0.7477790652761684,0.3381487136571901
0.39374482187241094,0.7477790652761684,0.3381295539690072
0.39374482187241094,0.7481653147933565,0.3380351939030958
0.39395194697597347,0.7481653147933565,0.3379502209405555
0.39415907207953604,0.7481653147933565,0.3379075979759753
0.39436619718309857,0.7481653147933565,0.3377748444950967
0.39457332228666114,0.7481653147933565,0.3377450168939904
0.39457332228666114,0.7485515643105446,0.3376593837613846
0.39457332228666114,0.7489378138277327,0.3375782690580534
0.3947804473902237,0.7489378138277327,0.337538359286337
0.39498757249378624,0.7489378138277327,0.3374315342638077
0.3951946975973488,0.7489378138277327,0.337294800267119
0.3951946975973488,0.7493240633449209,0.3370968970863196
0.39540182270091134,0.7493240633449209,0.3370707002790339
0.39540182270091134,0.7497103128621089,0.3365911761687633
0.39540182270091134,0.750096562379297,0.3365230732941328
0.3956089478044739,0.750096562379297,0.3364122001990183
0.3956089478044739,0.7504828118964851,0.3362680214221473
0.39581607290803644,0.7504828118964851,0.3361226337297789
0.396023198011599,0.7504828118964851,0.335915005078978
0.39623032311516154,0.7504828118964851,0.3356083022556293
0.39623032311516154,0.7508690614136733,0.3355953415357725
0.3964374482187241,0.7508690614136733,0.3355107177017744
0.3964374482187241,0.7512553109308613,0.3354900785814497
0.39664457332228664,0.7512553109308613,0.3352283619999652
0.3968516984258492,0.7512553109308613,0.3351962946371096
0.3968516984258492,0.7516415604480494,0.3350241565682038
0.39705882352941174,0.7516415604480494,0.3348437426461991
0.39705882352941174,0.7520278099652375,0.3348104669585555
0.39705882352941174,0.7524140594824257,0.334635774753567
0.3972659486329743,0.7524140594824257,0.3346103329463433
0.3972659486329743,0.7528003089996137,0.3346048148768398
0.3972659486329743,0.7531865585168018,0.334245386428341
0.3972659486329743,0.75357280803399,0.3341174209387024
0.39747307373653684,0.75357280803399,0.3340162882988778
0.3976801988400994,0.75357280803399,0.3338387559739481
0.397887323943662,0.75357280803399,0.3338175260326189
0.397887323943662,0.7539590575511781,0.3336489554251646
0.397887323943662,0.7543453070683661,0.3333992785861783
0.397887323943662,0.7547315565855542,0.3332658609164927
0.3980944490472245,0.7547315565855542,0.3332130997557119
0.3980944490472245,0.7551178061027424,0.3331146878461952
0.3983015741507871,0.7551178061027424,0.3330866164741098
0.3985086992543496,0.7551178061027424,0.3330830551679885
0.3985086992543496,0.7555040556199305,0.3329864953857369
0.3985086992543496,0.7558903051371185,0.3328170374791591
0.3987158243579122,0.7558903051371185,0.3325668012609856
0.3987158243579122,0.7562765546543067,0.3325606569270687
0.3987158243579122,0.7566628041714948,0.3325263009073773
0.3989229494614747,0.7566628041714948,0.3325051360727477
0.3989229494614747,0.7570490536886829,0.3324892072244291
0.3991300745650373,0.7570490536886829,0.3324138005620484
0.3993371996685998,0.7570490536886829,0.3322372940193006
0.3995443247721624,0.7570490536886829,0.3320314283169886
0.3995443247721624,0.757435303205871,0.3318623132286305
0.3997514498757249,0.757435303205871,0.3317764602645208
0.3999585749792875,0.757435303205871,0.3317728709635891
0.40016570008285,0.757435303205871,0.3317486025634978
0.4003728251864126,0.757435303205871,0.3317421316802969
0.4005799502899751,0.757435303205871,0.3316036275112862
0.4005799502899751,0.7578215527230591,0.3315626957616048
0.4005799502899751,0.7582078022402472,0.3309788848863028
0.4007870753935377,0.7582078022402472,0.3308732539295553
0.4009942004971003,0.7582078022402472,0.3307330344332488
0.4009942004971003,0.7585940517574353,0.3306548184238975
0.4012013256006628,0.7585940517574353,0.3305810747388575
0.4014084507042254,0.7585940517574353,0.3305052688451509
0.4016155758077879,0.7585940517574353,0.3299827245377658
0.40182270091135047,0.7585940517574353,0.3298577941147676
0.40182270091135047,0.7589803012746235,0.329812345624397
0.402029826014913,0.7589803012746235,0.3297521198892674
0.40223695111847557,0.7589803012746235,0.3297361438903707
0.4024440762220381,0.7589803012746235,0.3296258477096655
0.4024440762220381,0.7593665507918115,0.3295628256318388
0.40265120132560067,0.7593665507918115,0.3295479891494212
0.40265120132560067,0.7597528003089996,0.3295352501699376
0.4028583264291632,0.7597528003089996,0.3295167459031603
0.40306545153272577,0.7597528003089996,0.329258070587123
0.4032725766362883,0.7597528003089996,0.3290560646643815
0.40347970173985087,0.7597528003089996,0.3288673105057105
0.40368682684341345,0.7597528003089996,0.3287490559931097
0.40389395194697597,0.7597528003089996,0.3287252804189576
0.40389395194697597,0.7601390498261877,0.3286559602837425
0.40389395194697597,0.7605252993433759,0.3284638463430974
0.40410107705053855,0.7605252993433759,0.3282225096462722
0.40410107705053855,0.7609115488605639,0.3281940651104173
0.40410107705053855,0.761297798377752,0.32818053759228
0.40430820215410107,0.761297798377752,0.3276993717471407
0.40430820215410107,0.7616840478949402,0.327689870791954
0.40451532725766365,0.7616840478949402,0.3275601334158807
0.40472245236122617,0.7616840478949402,0.3274470971976521
0.40492957746478875,0.7616840478949402,0.3273957100940113
0.40513670256835127,0.7616840478949402,0.3271626183057007
0.40513670256835127,0.7620702974121283,0.3271258980835648
0.40513670256835127,0.7624565469293163,0.3267528233288051
0.40534382767191385,0.7624565469293163,0.3264613951420483
0.40555095277547637,0.7624565469293163,0.32635468996397
0.40575807787903895,0.7624565469293163,0.3263232965717623
0.40596520298260147,0.7624565469293163,0.3262942025879077
0.40617232808616405,0.7624565469293163,0.3262589740233007
0.40637945318972657,0.7624565469293163,0.3261037108034424
0.40658657829328915,0.7624565469293163,0.3260815450916433
0.40658657829328915,0.7628427964465044,0.3259616255589121
0.4067937033968517,0.7628427964465044,0.325896038548199
0.40700082850041425,0.7628427964465044,0.3255819693985772
0.40700082850041425,0.7632290459636926,0.3254350099735131
0.4072079536039768,0.7632290459636926,0.3252037469899429
0.4072079536039768,0.7636152954808807,0.3249070606919378
0.40741507870753935,0.7636152954808807,0.3249065138039957
0.40741507870753935,0.7640015449980687,0.324782871608293
0.4076222038111019,0.7640015449980687,0.3247406036626029
0.40782932891466445,0.7640015449980687,0.3245795040491113
0.408036454018227,0.7640015449980687,0.3244440956259838
0.408036454018227,0.7643877945152568,0.3239746716814736
0.40824357912178955,0.7643877945152568,0.3239715668268462
0.40824357912178955,0.764774044032445,0.3239361441200158
0.40824357912178955,0.7651602935496331,0.3239036412011669
0.4084507042253521,0.7651602935496331,0.3237605912925331
0.4084507042253521,0.7655465430668211,0.3235204185853886
0.40865782932891465,0.7655465430668211,0.323510238844569
0.40865782932891465,0.7659327925840093,0.3232466896294868
0.4088649544324772,0.7659327925840093,0.3229360294155115
0.4088649544324772,0.7663190421011974,0.3225687463868634
0.40907207953603975,0.7663190421011974,0.322556084137164
0.4092792046396023,0.7663190421011974,0.3225553745096552
0.40948632974316485,0.7663190421011974,0.3223229147871018
0.4096934548467274,0.7663190421011974,0.3223082871984219
0.40990057995029,0.7663190421011974,0.3222860468790724
0.40990057995029,0.7667052916183855,0.3222821774615788
0.4101077050538525,0.7667052916183855,0.3222748502157503
0.4103148301574151,0.7667052916183855,0.3222726505966979
0.4103148301574151,0.7670915411355735,0.3222261589018163
0.4105219552609776,0.7670915411355735,0.3221792301164987
0.4105219552609776,0.7674777906527617,0.3221374087962761
0.4105219552609776,0.7678640401699498,0.3219818889422347
0.4107290803645402,0.7678640401699498,0.3217654929203341
0.4109362054681027,0.7678640401699498,0.3216974044628646
0.4111433305716653,0.7678640401699498,0.321400665737221
0.4113504556752278,0.7678640401699498,0.3213245970343459
0.4115575807787904,0.7678640401699498,0.3212920415857778
0.4115575807787904,0.7682502896871379,0.3207906087906835
0.4115575807787904,0.768636539204326,0.3207823840313793
0.4115575807787904,0.7690227887215141,0.3206924236815432
0.4117647058823529,0.7690227887215141,0.3206331442931382
0.4119718309859155,0.7690227887215141,0.3204887711949969
0.412178956089478,0.7690227887215141,0.3202966167735852
0.4123860811930406,0.7690227887215141,0.3202806556993333
0.4123860811930406,0.7694090382387022,0.3202130630574645
0.4125932062966031,0.7694090382387022,0.3201472691650614
0.4128003314001657,0.7694090382387022,0.3199645768514473
0.4130074565037283,0.7694090382387022,0.3198168095384113
0.4132145816072908,0.7694090382387022,0.3197891203230633
0.4134217067108534,0.7694090382387022,0.319702881695262
0.4136288318144159,0.7694090382387022,0.3195542881066427
0.4136288318144159,0.7697952877558903,0.3194493827036573
0.4136288318144159,0.7701815372730784,0.3193197642354233
0.4136288318144159,0.7705677867902665,0.3192773727553469
0.4136288318144159,0.7709540363074546,0.3192614074720932
0.4136288318144159,0.7713402858246428,0.3190172473101085
0.4138359569179785,0.7713402858246428,0.3189812596070346
0.4138359569179785,0.7717265353418308,0.3180013629555317
0.4138359569179785,0.7721127848590189,0.3178381456716279
0.4138359569179785,0.772499034376207,0.3176380741294179
0.414043082021541,0.772499034376207,0.317379319968381
0.4142502071251036,0.772499034376207,0.3173443348567941
0.4144573322286661,0.772499034376207,0.3172184515922051
0.4144573322286661,0.7728852838933952,0.3170415150737974
0.4146644573322287,0.7728852838933952,0.3170397170446417
0.4146644573322287,0.7732715334105832,0.3167400776676837
0.4148715824357912,0.7732715334105832,0.3166863818730887
0.4150787075393538,0.7732715334105832,0.3166308566340285
0.4152858326429163,0.7732715334105832,0.3165583265078175
0.4154929577464789,0.7732715334105832,0.3165344597641919
0.41570008285004145,0.7732715334105832,0.3165242300727763
0.415907207953604,0.7732715334105832,0.3163035997894981
0.415907207953604,0.7736577829277713,0.3162818947282566
0.41611433305716655,0.7736577829277713,0.3161248729010047
0.4163214581607291,0.7736577829277713,0.3156765395448689
0.41652858326429165,0.7736577829277713,0.3154654309157209
0.41652858326429165,0.7740440324449595,0.3154049243125627
0.4167357083678542,0.7740440324449595,0.3150612291152664
0.41694283347141675,0.7740440324449595,0.3150201284457288
0.4171499585749793,0.7740440324449595,0.3146563060895189
0.4171499585749793,0.7744302819621476,0.3145347726788238
0.41735708367854185,0.7744302819621476,0.314339331737155
0.41735708367854185,0.7748165314793356,0.3142239028036274
0.41735708367854185,0.7752027809965237,0.314044625491877
0.4175642087821044,0.7752027809965237,0.3138635355021301
0.4175642087821044,0.7755890305137119,0.3138275473831157
0.41777133388566695,0.7755890305137119,0.3137958906948419
0.4179784589892295,0.7755890305137119,0.3136198513330672
0.41818558409279205,0.7755890305137119,0.3136136451255543
0.4183927091963546,0.7755890305137119,0.313137140521624
0.41859983429991715,0.7755890305137119,0.3130835510092078
0.41859983429991715,0.7759752800309,0.3129443264218
0.41859983429991715,0.776361529548088,0.3128887030078482
0.41859983429991715,0.7767477790652761,0.312775966347956
0.41880695940347973,0.7767477790652761,0.3127603606501727
0.41901408450704225,0.7767477790652761,0.3127347647381058
0.41922120961060483,0.7767477790652761,0.3127324319941671
0.41942833471416735,0.7767477790652761,0.3124237667020288
0.41963545981772993,0.7767477790652761,0.3123939398932934
0.41984258492129245,0.7767477790652761,0.3123315261231521
0.420049710024855,0.7767477790652761,0.3123203854351127
0.42025683512841755,0.7767477790652761,0.3121738085360293
0.42025683512841755,0.7771340285824643,0.3121559905542524
0.4204639602319801,0.7771340285824643,0.3119836869650071
0.4204639602319801,0.7775202780996524,0.3117450807406473
0.42067108533554265,0.7775202780996524,0.3116951875180035
0.42067108533554265,0.7779065276168404,0.3116856276635
0.4208782104391052,0.7779065276168404,0.3116114582076133
0.42108533554266775,0.7779065276168404,0.3115086756028067
0.4212924606462303,0.7779065276168404,0.3111959752895343
0.42149958574979285,0.7779065276168404,0.310877411754057
0.4217067108533554,0.7779065276168404,0.3108358430189634
0.421913835956918,0.7779065276168404,0.3103996161620066
0.4221209610604805,0.7779065276168404,0.3098553482414358
0.4221209610604805,0.7782927771340286,0.3095522085801755
0.4223280861640431,0.7782927771340286,0.3094852748042694
0.4225352112676056,0.7782927771340286,0.30934499948558
0.4225352112676056,0.7786790266512167,0.3092060571968087
0.4227423363711682,0.7786790266512167,0.3090229543945392
0.4227423363711682,0.7790652761684048,0.3087827184844757
0.4227423363711682,0.7794515256855928,0.3086785770251466
0.4229494614747307,0.7794515256855928,0.3085574174149286
0.4229494614747307,0.779837775202781,0.3084056272424293
0.4231565865782933,0.779837775202781,0.3082791430799394
0.4231565865782933,0.7802240247199691,0.3082659025750923
0.4231565865782933,0.7806102742371572,0.3078955336007901
0.4233637116818558,0.7806102742371572,0.3076582877881209
0.4235708367854184,0.7806102742371572,0.3076030122050207
0.4235708367854184,0.7809965237543454,0.3074544079576153
0.4237779618889809,0.7809965237543454,0.3072949462698502
0.4239850869925435,0.7809965237543454,0.3072194779106074
0.424192212096106,0.7809965237543454,0.3068906018040125
0.424192212096106,0.7813827732715334,0.3068624352110324
0.4243993371996686,0.7813827732715334,0.3066688047405663
0.4246064623032311,0.7813827732715334,0.3066155846674434
0.4248135874067937,0.7813827732715334,0.3065907515875588
0.4250207125103563,0.7813827732715334,0.3064364869100938
0.4252278376139188,0.7813827732715334,0.3063641842608688
0.4252278376139188,0.7817690227887215,0.3062845092459365
0.4254349627174814,0.7817690227887215,0.3062777733980799
0.4256420878210439,0.7817690227887215,0.3062037897828466
0.4258492129246065,0.7817690227887215,0.3059512106701032
0.426056338028169,0.7817690227887215,0.3058768997712673
0.426056338028169,0.7821552723059096,0.3058566250450262
0.4262634631317316,0.7821552723059096,0.3057468559936343
0.4264705882352941,0.7821552723059096,0.3057403369211995
0.4266777133388567,0.7821552723059096,0.305704642686955
0.4268848384424192,0.7821552723059096,0.3055317445527916
0.4270919635459818,0.7821552723059096,0.305361243853247
0.4272990886495443,0.7821552723059096,0.3052954002420829
0.4275062137531069,0.7821552723059096,0.3048478502566728
0.42771333885666946,0.7821552723059096,0.3045882939697671
0.427920463960232,0.7821552723059096,0.304379737487345
0.42812758906379456,0.7821552723059096,0.3040927491992109
0.4283347141673571,0.7821552723059096,0.3039845788204935
0.4283347141673571,0.7825415218230978,0.3038948863374388
0.4283347141673571,0.7829277713402858,0.3038550601511225
0.42854183927091966,0.7829277713402858,0.3038518581539786
0.4287489643744822,0.7829277713402858,0.3037301752365886
0.42895608947804476,0.7829277713402858,0.3035687914353761
0.4291632145816073,0.7829277713402858,0.3034997829807917
0.4291632145816073,0.7833140208574739,0.3033649992526857
0.42937033968516986,0.7833140208574739,0.3033501185262717
0.42937033968516986,0.7837002703746621,0.3032899475139947
0.42937033968516986,0.7840865198918502,0.3032705403712347
0.4295774647887324,0.7840865198918502,0.3027844207728329
0.42978458989229495,0.7840865198918502,0.3027582841508174
0.4299917149958575,0.7840865198918502,0.3022856299205643
0.4299917149958575,0.7844727694090382,0.3020681656738986
0.4299917149958575,0.7848590189262263,0.3020242347571075
0.43019884009942005,0.7848590189262263,0.3020173604062422
0.4304059652029826,0.7848590189262263,0.3015601196078268
0.43061309030654515,0.7848590189262263,0.3015503314329014
0.43061309030654515,0.7852452684434145,0.3015034231634857
0.43082021541010773,0.7852452684434145,0.3014792849205336
0.43102734051367025,0.7852452684434145,0.3014712589343177
0.43102734051367025,0.7856315179606026,0.3014437568496876
0.43102734051367025,0.7860177674777906,0.30114604451101
0.43102734051367025,0.7864040169949787,0.3010136524101807
0.43123446561723283,0.7864040169949787,0.3007990632270363
0.43123446561723283,0.7867902665121669,0.3005357768504041
0.43144159072079535,0.7867902665121669,0.3004211248901343
0.43164871582435793,0.7867902665121669,0.3003133191356086
0.43185584092792045,0.7867902665121669,0.3002853162443797
0.43206296603148303,0.7867902665121669,0.300280726169986
0.43227009113504555,0.7867902665121669,0.300064830094833
0.43247721623860813,0.7867902665121669,0.3000585970207401
0.43268434134217065,0.7867902665121669,0.3000130679651291
0.43268434134217065,0.787176516029355,0.2999574823932812
0.43289146644573323,0.787176516029355,0.2999495856776771
0.43309859154929575,0.787176516029355,0.2993142313621438
0.43330571665285833,0.787176516029355,0.2991943896098694
0.43351284175642085,0.787176516029355,0.2991835352378277
0.43371996685998343,0.787176516029355,0.2990638567848516
0.433927091963546,0.787176516029355,0.2990494761704722
0.433927091963546,0.787562765546543,0.2990487715990302
0.43413421706710853,0.787562765546543,0.2989894617980165
0.4343413421706711,0.787562765546543,0.2986575416474547
0.4343413421706711,0.7879490150637312,0.2986484819368384
0.43454846727423363,0.7879490150637312,0.2985465613688998
0.4347555923777962,0.7879490150637312,0.2982898295664147
0.43496271748135873,0.7879490150637312,0.2979817804979599
0.4351698425849213,0.7879490150637312,0.2978878440990792
0.43537696768848383,0.7879490150637312,0.2978815166947393
0.4355840927920464,0.7879490150637312,0.2978630264144394
0.43579121789560893,0.7879490150637312,0.2978439742217356
0.43579121789560893,0.7883352645809193,0.2977111497598669
0.4359983429991715,0.7883352645809193,0.2976476989451908
0.43620546810273403,0.7883352645809193,0.2972990239057264
0.43620546810273403,0.7887215140981074,0.2971272116381073
0.4364125932062966,0.7887215140981074,0.2970654319774258
0.4364125932062966,0.7891077636152954,0.2968245235697581
0.43661971830985913,0.7891077636152954,0.2967924373772405
0.4368268434134217,0.7891077636152954,0.2966787268219977
0.4370339685169843,0.7891077636152954,0.2965415493376802
0.4372410936205468,0.7891077636152954,0.2962991164367373
0.4374482187241094,0.7891077636152954,0.2959734818234951
0.4376553438276719,0.7891077636152954,0.2958835790206321
0.4378624689312345,0.7891077636152954,0.295745507818517
0.438069594034797,0.7891077636152954,0.2957008896413997
0.438069594034797,0.7894940131324836,0.2956591106458602
0.438069594034797,0.7898802626496717,0.2955385962084944
0.438069594034797,0.7902665121668598,0.2953667878790893
0.4382767191383596,0.7902665121668598,0.295194142299993
0.4384838442419221,0.7902665121668598,0.2951405357954134
0.4384838442419221,0.7906527616840479,0.2950823316724516
0.4384838442419221,0.791039011201236,0.2950522506465399
0.4386909693454847,0.791039011201236,0.2948052052050204
0.4388980944490472,0.791039011201236,0.2945441880734384
0.4391052195526098,0.791039011201236,0.2944037781151897
0.4393123446561723,0.791039011201236,0.2942736626147029
0.4395194697597349,0.791039011201236,0.2936368455866021
0.4397265948632974,0.791039011201236,0.2933308871844849
0.43993371996686,0.791039011201236,0.2932557982763015
0.43993371996686,0.7914252607184241,0.2932348471959539
0.44014084507042256,0.7914252607184241,0.2929877077300576
0.44014084507042256,0.7918115102356122,0.2929572897503463
0.44014084507042256,0.7921977597528003,0.2924201016495756
0.4403479701739851,0.7921977597528003,0.2923171686196966
0.44055509527754766,0.7921977597528003,0.2921671378344531
0.4407622203811102,0.7921977597528003,0.2921296432303731
0.44096934548467276,0.7921977597528003,0.2921046801093659
0.4411764705882353,0.7921977597528003,0.2921021122797969
0.44138359569179786,0.7921977597528003,0.2919430720269209
0.4415907207953604,0.7921977597528003,0.2916971790721994
0.4415907207953604,0.7925840092699884,0.2914824613455134
0.4415907207953604,0.7929702587871765,0.291323442072229
0.44179784589892296,0.7929702587871765,0.2913227230972005
0.44179784589892296,0.7933565083043647,0.2913204853998089
0.4420049710024855,0.7933565083043647,0.2912351688866346
0.4420049710024855,0.7937427578215527,0.2910647274114453
0.44221209610604806,0.7937427578215527,0.290929172366711
0.44221209610604806,0.7941290073387408,0.2907888662845609
0.4424192212096106,0.7941290073387408,0.2906894917826822
0.44262634631317316,0.7941290073387408,0.2903890086537174
0.44283347141673574,0.7941290073387408,0.290283525622696
0.44283347141673574,0.7945152568559289,0.2902367528480435
0.44304059652029826,0.7945152568559289,0.289940725162691
0.44324772162386084,0.7945152568559289,0.2898619085667682
0.44345484672742336,0.7945152568559289,0.2894245875944954
0.44366197183098594,0.7945152568559289,0.2893529619347492
0.44366197183098594,0.7949015063731171,0.2893139982797437
0.44386909693454846,0.7949015063731171,0.2892096920655243
0.44407622203811103,0.7949015063731171,0.2889959529034843
0.44428334714167356,0.7949015063731171,0.2888426913842162
0.44449047224523613,0.7949015063731171,0.2886243873769397
0.44469759734879866,0.7949015063731171,0.2880785408649224
0.44469759734879866,0.7952877558903051,0.2880642267386136
0.44490472245236123,0.7952877558903051,0.2879698907447209
0.44511184755592376,0.7952877558903051,0.2878067737013898
0.44531897265948633,0.7952877558903051,0.2875889243069842
0.44552609776304886,0.7952877558903051,0.2871673992772555
0.44552609776304886,0.7956740054074932,0.2869169279754973
0.44573322286661143,0.7956740054074932,0.2867217833246905
0.44573322286661143,0.7960602549246814,0.2866744887713895
0.44573322286661143,0.7964465044418695,0.2865849104163964
0.445940347970174,0.7964465044418695,0.2865157555268887
0.445940347970174,0.7968327539590575,0.2864028650498348
0.44614747307373653,0.7968327539590575,0.2863430058970769
0.4463545981772991,0.7968327539590575,0.2860819596758036
0.4463545981772991,0.7972190034762456,0.2860192747630407
0.4463545981772991,0.7976052529934338,0.2858615731869909
0.44656172328086163,0.7976052529934338,0.2858373613770373
0.4467688483844242,0.7976052529934338,0.2857333870280164
0.4467688483844242,0.7979915025106219,0.2855661540584078
0.4467688483844242,0.7983777520278099,0.2855488480016658
0.44697597348798673,0.7983777520278099,0.2854711653885932
0.4471830985915493,0.7983777520278099,0.2854004719019375
0.44739022369511183,0.7983777520278099,0.2853297944286016
0.4475973487986744,0.7983777520278099,0.2852804089732658
0.4475973487986744,0.798764001544998,0.28523447010933
0.44780447390223693,0.798764001544998,0.2852182138907854
0.4480115990057995,0.798764001544998,0.2851544070442339
0.44821872410936203,0.798764001544998,0.2850042905780271
0.44821872410936203,0.7991502510621862,0.2846760616179856
0.4484258492129246,0.7991502510621862,0.2846322066165545
0.44863297431648713,0.7991502510621862,0.2846269151052634
0.44863297431648713,0.7995365005793743,0.284565220032149
0.4488400994200497,0.7995365005793743,0.2844484473260604
0.4490472245236123,0.7995365005793743,0.2844378566066791
0.4492543496271748,0.7995365005793743,0.2843098936046147
0.4494614747307374,0.7995365005793743,0.2841776068249061
0.4494614747307374,0.7999227500965623,0.2839817253214797
0.4496685998342999,0.7999227500965623,0.2839142831406962
0.4498757249378625,0.7999227500965623,0.2836014266265624
0.4498757249378625,0.8003089996137505,0.2835824774303963
0.450082850041425,0.8003089996137505,0.2830817299138179
0.450082850041425,0.8006952491309386,0.2830230808441414
0.4502899751449876,0.8006952491309386,0.2830186028261044
0.4504971002485501,0.8006952491309386,0.2828759598695295
0.4507042253521127,0.8006952491309386,0.2827941365682048
0.4507042253521127,0.8010814986481267,0.2827276634915542
0.4509113504556752,0.8010814986481267,0.2825286311489834
0.4511184755592378,0.8010814986481267,0.2825282501603402
0.4511184755592378,0.8014677481653147,0.2824097262540732
0.4513256006628003,0.8014677481653147,0.2822661293959387
0.4515327257663629,0.8014677481653147,0.2821872059310522
0.4515327257663629,0.8018539976825029,0.2819930946849024
0.4517398508699254,0.8018539976825029,0.2818980787170727
0.451946975973488,0.8018539976825029,0.2817285937498123
0.45215410107705056,0.8018539976825029,0.2817078575462887
0.4523612261806131,0.8018539976825029,0.281627503399667
0.45256835128417566,0.8018539976825029,0.281326993576712
0.4527754763877382,0.8018539976825029,0.28130435705538
0.45298260149130076,0.8018539976825029,0.2811564812194376
0.4531897265948633,0.8018539976825029,0.2808366233344228
0.4531897265948633,0.802240247199691,0.280671529494457
0.45339685169842586,0.802240247199691,0.2804108739641199
0.4536039768019884,0.802240247199691,0.2801699314195293
0.45381110190555096,0.802240247199691,0.2800249066747219
0.45381110190555096,0.8026264967168791,0.280017379793883
0.4540182270091135,0.8026264967168791,0.2799314458998342
0.4540182270091135,0.8030127462340672,0.279927055915645
0.45422535211267606,0.8030127462340672,0.2797027914436691
0.4544324772162386,0.8030127462340672,0.2794948880852688
0.45463960231980116,0.8030127462340672,0.2792011313910262
0.45463960231980116,0.8033989957512553,0.2791559524462622
0.45484672742336374,0.8033989957512553,0.2791002981571654
0.45505385252692626,0.8033989957512553,0.278640295043244
0.45526097763048884,0.8033989957512553,0.2786375340774395
0.45526097763048884,0.8037852452684434,0.2785451827879112
0.45526097763048884,0.8041714947856315,0.2783747922126359
0.45546810273405136,0.8041714947856315,0.2781721530996181
0.45567522783761394,0.8041714947856315,0.2781545324497974
0.45567522783761394,0.8045577443028196,0.2779950406135879
0.45588235294117646,0.8045577443028196,0.2775809440880917
0.45608947804473904,0.8045577443028196,0.277091794569664
0.45629660314830156,0.8045577443028196,0.2768296210157407
0.45650372825186414,0.8045577443028196,0.2768183390611308
0.45671085335542666,0.8045577443028196,0.2767173785551821
0.45691797845898924,0.8045577443028196,0.2766309763506432
0.45691797845898924,0.8049439938200077,0.2766248928802622
0.45712510356255176,0.8049439938200077,0.2766040237784039
0.45733222866611434,0.8049439938200077,0.2764298894721927
0.45733222866611434,0.8053302433371958,0.2764087713694069
0.45753935376967686,0.8053302433371958,0.2763937866256044
0.45774647887323944,0.8053302433371958,0.27628208966497
0.457953603976802,0.8053302433371958,0.2762279290079383
0.45816072908036454,0.8053302433371958,0.2760689899775568
0.45816072908036454,0.805716492854384,0.2760465100940231
0.45816072908036454,0.8061027423715721,0.2759892369338297
0.4583678541839271,0.8061027423715721,0.2758674249607277
0.45857497928748964,0.8061027423715721,0.2758516011481458
0.45857497928748964,0.8064889918887601,0.2755266629033488
0.4587821043910522,0.8064889918887601,0.2753815798472903
0.45898922949461474,0.8064889918887601,0.275315488331863
0.4591963545981773,0.8064889918887601,0.2751289770268116
0.45940347970173984,0.8064889918887601,0.2751141341941229
0.4596106048053024,0.8064889918887601,0.2750881231196438
0.45981772990886494,0.8064889918887601,0.2750667505557424
0.45981772990886494,0.8068752414059482,0.2748727914324562
0.4600248550124275,0.8068752414059482,0.2746483019835511
0.4600248550124275,0.8072614909231364,0.2744886698185245
0.46023198011599004,0.8072614909231364,0.2740804829675522
0.4604391052195526,0.8072614909231364,0.2737312821879661
0.4604391052195526,0.8076477404403245,0.2733963351293594
0.46064623032311514,0.8076477404403245,0.2733698146683362
0.4608533554266777,0.8076477404403245,0.273295174855505
0.4608533554266777,0.8080339899575125,0.2732450579437093
0.4608533554266777,0.8084202394747007,0.2728133688727297
0.4610604805302403,0.8084202394747007,0.2726949242675411
0.4612676056338028,0.8084202394747007,0.2725785369237804
0.4614747307373654,0.8084202394747007,0.2725377807748027
0.4616818558409279,0.8084202394747007,0.272405398245014
0.4616818558409279,0.8088064889918888,0.2720945721771932
0.4618889809444905,0.8088064889918888,0.2718866413513299
0.462096106048053,0.8088064889918888,0.2718833948516495
0.4623032311516156,0.8088064889918888,0.271822161486437
0.4625103562551781,0.8088064889918888,0.2717677145989483
0.4627174813587407,0.8088064889918888,0.2717125832958734
0.4627174813587407,0.8091927385090769,0.2715665341600818
0.4629246064623032,0.8091927385090769,0.2715381180440237
0.4631317315658658,0.8091927385090769,0.2715208767791984
0.4631317315658658,0.8095789880262649,0.2712912891515785
0.4631317315658658,0.8099652375434531,0.2712020615299332
0.4631317315658658,0.8103514870606412,0.2711594403318267
0.4633388566694283,0.8103514870606412,0.2711187170770893
0.4633388566694283,0.8107377365778293,0.2710489873614474
0.4635459817729909,0.8107377365778293,0.2710315770233372
0.4637531068765534,0.8107377365778293,0.2710008815320031
0.463960231980116,0.8107377365778293,0.2709948371892022
0.46416735708367857,0.8107377365778293,0.2709217793498129
0.46416735708367857,0.8111239860950173,0.2706028847089159
0.4643744821872411,0.8111239860950173,0.2704100852608364
0.46458160729080367,0.8111239860950173,0.2704023223119675
0.46458160729080367,0.8115102356122055,0.2703434029124821
0.4647887323943662,0.8115102356122055,0.2702599974715382
0.4647887323943662,0.8118964851293936,0.270189512929264
0.46499585749792877,0.8118964851293936,0.2700878933491238
0.4652029826014913,0.8118964851293936,0.2699851957272157
0.4652029826014913,0.8122827346465817,0.269935461140407
0.46541010770505387,0.8122827346465817,0.269914085905866
0.4656172328086164,0.8122827346465817,0.2698926263684467
0.46582435791217897,0.8122827346465817,0.2696617171057884
0.4660314830157415,0.8122827346465817,0.2696433060920817
0.46623860811930407,0.8122827346465817,0.2695039549866
0.4664457332228666,0.8122827346465817,0.2694811053734525
0.4664457332228666,0.8126689841637698,0.2694776072464597
0.4664457332228666,0.8130552336809579,0.2691486240157061
0.46665285832642917,0.8130552336809579,0.2691330920382971
0.46665285832642917,0.813441483198146,0.2689084851916788
0.4668599834299917,0.813441483198146,0.2688174368579328
0.46706710853355426,0.813441483198146,0.2688013622910075
0.46706710853355426,0.8138277327153342,0.2687785948986315
0.46706710853355426,0.8142139822325222,0.2686931451618257
0.46727423363711684,0.8142139822325222,0.2685827368393926
0.46748135874067936,0.8142139822325222,0.2685231448641439
0.46768848384424194,0.8142139822325222,0.2685226121843905
0.46789560894780446,0.8142139822325222,0.268482158297196
0.46810273405136704,0.8142139822325222,0.2683791859315567
0.46810273405136704,0.8146002317497103,0.2683007606998383
0.46810273405136704,0.8149864812668984,0.2682809122860974
0.46830985915492956,0.8149864812668984,0.2680731780713013
0.46851698425849214,0.8149864812668984,0.267993776176908
0.46872410936205466,0.8149864812668984,0.2679192750778657
0.46893123446561724,0.8149864812668984,0.267905233640426
0.46913835956917976,0.8149864812668984,0.267904607111783
0.46913835956917976,0.8153727307840866,0.2678397352568352
0.46934548467274234,0.8153727307840866,0.2677141118864501
0.46934548467274234,0.8157589803012746,0.2675305398695304
0.46955260977630486,0.8157589803012746,0.2674685163531945
0.46955260977630486,0.8161452298184627,0.2674666019287288
0.46975973487986744,0.8161452298184627,0.2670903623148026
0.46996685998343,0.8161452298184627,0.2667329109147389
0.46996685998343,0.8165314793356508,0.2665726533692322
0.46996685998343,0.816917728852839,0.2665080677484272
0.47017398508699254,0.816917728852839,0.266450096883521
0.4703811101905551,0.816917728852839,0.266447063226208
0.47058823529411764,0.816917728852839,0.2662928819976118
0.4707953603976802,0.816917728852839,0.2662917196286382
0.47100248550124274,0.816917728852839,0.265979622108096
0.4712096106048053,0.816917728852839,0.2659355919959772
0.47141673570836784,0.816917728852839,0.2659260760502274
0.4716238608119304,0.816917728852839,0.2655437284726358
0.47183098591549294,0.816917728852839,0.2654647511421878
0.4720381110190555,0.816917728852839,0.2651071671757586
0.47224523612261804,0.816917728852839,0.2650014095567491
0.4724523612261806,0.816917728852839,0.2648263694091711
0.47265948632974314,0.816917728852839,0.2647435385272312
0.47265948632974314,0.817303978370027,0.2644179869750389
0.4728666114333057,0.817303978370027,0.2642817072256663
0.4730737365368683,0.817303978370027,0.2642303745455995
0.4732808616404308,0.817303978370027,0.2639821308881355
0.4734879867439934,0.817303978370027,0.2638030281068271
0.4736951118475559,0.817303978370027,0.2637076598147858
0.4739022369511185,0.817303978370027,0.2635625664981135
0.474109362054681,0.817303978370027,0.263513005162578
0.474109362054681,0.8176902278872151,0.2634128404687614
0.474109362054681,0.8180764774044033,0.2633628205284415
0.4743164871582436,0.8180764774044033,0.2633279295736618
0.4745236122618061,0.8180764774044033,0.2633239372528639
0.4747307373653687,0.8180764774044033,0.2632511232047527
0.4749378624689312,0.8180764774044033,0.2629900902022121
0.4749378624689312,0.8184627269215914,0.2629787681931261
0.4751449875724938,0.8184627269215914,0.2628285307509418
0.4751449875724938,0.8188489764387794,0.2626817591978531
0.4753521126760563,0.8188489764387794,0.2626117736715027
0.4755592377796189,0.8188489764387794,0.2624913038364908
0.4757663628831814,0.8188489764387794,0.2622821038428602
0.475973487986744,0.8188489764387794,0.262163102313569
0.47618061309030657,0.8188489764387794,0.2619758089616373
0.4763877381938691,0.8188489764387794,0.2619254438121099
0.47659486329743167,0.8188489764387794,0.2618647357718185
0.4768019884009942,0.8188489764387794,0.2617949321005761
0.4768019884009942,0.8192352259559675,0.2617274948120592
0.47700911350455677,0.8192352259559675,0.2617249532140716
0.4772162386081193,0.8192352259559675,0.2617158726370324
0.47742336371168187,0.8192352259559675,0.2616159595395477
0.4776304888152444,0.8192352259559675,0.2614388034620617
0.47783761391880697,0.8192352259559675,0.2611209309077082
0.4780447390223695,0.8192352259559675,0.2611181348140854
0.47825186412593207,0.8192352259559675,0.2611179037992965
0.4784589892294946,0.8192352259559675,0.2610636032355647
0.4784589892294946,0.8196214754731557,0.2610375624378372
0.47866611433305717,0.8196214754731557,0.2609483353982778
0.47866611433305717,0.8200077249903438,0.2608686918231819
0.4788732394366197,0.8200077249903438,0.260842332287393
0.47908036454018227,0.8200077249903438,0.2608331197072003
0.47928748964374485,0.8200077249903438,0.260819947402893
0.47949461474730737,0.8200077249903438,0.2607261451042084
0.47970173985086995,0.8200077249903438,0.2606501826034164
0.47990886495443247,0.8200077249903438,0.2603830151694168
0.48011599005799505,0.8200077249903438,0.2603446160892508
0.48011599005799505,0.8203939745075318,0.2602835004185582
0.48032311516155757,0.8203939745075318,0.260091709308092
0.48053024026512015,0.8203939745075318,0.2600713737430399
0.48073736536868267,0.8203939745075318,0.2600386990724189
0.48094449047224525,0.8203939745075318,0.2597961672511024
0.48115161557580777,0.8203939745075318,0.2596794279327046
0.48135874067937034,0.8203939745075318,0.2590344502954037
0.48156586578293287,0.8203939745075318,0.2589294193668758
0.48177299088649544,0.8203939745075318,0.258889723919609
0.481980115990058,0.8203939745075318,0.2587325351050762
0.48218724109362054,0.8203939745075318,0.258601069064947
0.48218724109362054,0.82078022402472,0.2581005053381812
0.4823943661971831,0.82078022402472,0.257498891504319
0.4823943661971831,0.8211664735419081,0.257220623580948
0.48260149130074564,0.8211664735419081,0.2570081839659057
0.4828086164043082,0.8211664735419081,0.2568350125830487
0.48301574150787074,0.8211664735419081,0.2567354864349619
0.4832228666114333,0.8211664735419081,0.2566466296821301
0.48342999171499584,0.8211664735419081,0.2566174103574611
0.4836371168185584,0.8211664735419081,0.256413028397491
0.4836371168185584,0.8215527230590962,0.2563932411059734
0.48384424192212094,0.8215527230590962,0.2562274650386594
0.48384424192212094,0.8219389725762842,0.2561345771395897
0.4840513670256835,0.8219389725762842,0.2559366297566683
0.4840513670256835,0.8223252220934724,0.2557331982712699
0.4840513670256835,0.8227114716106605,0.2556088407828323
0.48425849212924604,0.8227114716106605,0.2555771201514494
0.4844656172328086,0.8227114716106605,0.2555362901923418
0.48467274233637114,0.8227114716106605,0.2554885085202572
0.48467274233637114,0.8230977211278486,0.2553016557870759
0.48467274233637114,0.8234839706450366,0.2552924368118315
0.4848798674399337,0.8234839706450366,0.2551386283452704
0.4850869925434963,0.8234839706450366,0.255087180834997
0.4852941176470588,0.8234839706450366,0.2549176741577296
0.4855012427506214,0.8234839706450366,0.2547095673256541
0.4857083678541839,0.8234839706450366,0.2547082168397522
0.4859154929577465,0.8234839706450366,0.2545634063157238
0.486122618061309,0.8234839706450366,0.2545114930018721
0.4863297431648716,0.8234839706450366,0.2544572795698813
0.4865368682684341,0.8234839706450366,0.2543732430724859
0.4865368682684341,0.8238702201622248,0.2543538655745766
0.4867439933719967,0.8238702201622248,0.2541753338246723
0.4867439933719967,0.8242564696794129,0.254045883661301
0.4869511184755592,0.8242564696794129,0.25404144373574
0.4871582435791218,0.8242564696794129,0.2539375560719154
0.4873653686826843,0.8242564696794129,0.2537333898537878
0.4873653686826843,0.824642719196601,0.2537080621392998
0.4875724937862469,0.824642719196601,0.2535485997639392
0.4877796188898094,0.824642719196601,0.2533580398158058
0.487986743993372,0.824642719196601,0.2533539350068992
0.4881938690969346,0.824642719196601,0.2532660948394965
0.4884009942004971,0.824642719196601,0.2530926442831363
0.4884009942004971,0.8250289687137891,0.2530089151654048
0.4884009942004971,0.8254152182309772,0.2529952156250312
0.4886081193040597,0.8254152182309772,0.2527001078528257
0.4888152444076222,0.8254152182309772,0.2525685997535348
0.4890223695111848,0.8254152182309772,0.2525011192018538
0.4892294946147473,0.8254152182309772,0.2522946073147424
0.4892294946147473,0.8258014677481653,0.2520101754537379
0.4894366197183099,0.8258014677481653,0.2519094319388993
0.4896437448218724,0.8258014677481653,0.251771245700243
0.4896437448218724,0.8261877172653534,0.2515826149993823
0.489850869925435,0.8261877172653534,0.251454357442174
0.489850869925435,0.8265739667825415,0.251446282678244
0.489850869925435,0.8269602162997296,0.2514241854175262
0.4900579950289975,0.8269602162997296,0.2512005745853678
0.4902651201325601,0.8269602162997296,0.2510941191770979
0.4902651201325601,0.8273464658169177,0.2510894149015807
0.4902651201325601,0.8277327153341059,0.250900780934439
0.4904722452361226,0.8277327153341059,0.2507751776100828
0.4904722452361226,0.8281189648512939,0.2507076933559445
0.4906793703396852,0.8281189648512939,0.2506236375706289
0.4908864954432477,0.8281189648512939,0.250623588484165
0.49109362054681027,0.8281189648512939,0.2505285621465153
0.49130074565037285,0.8281189648512939,0.2505100022574403
0.49150787075393537,0.8281189648512939,0.2504462291575698
0.49171499585749795,0.8281189648512939,0.2503348076801362
0.49192212096106047,0.8281189648512939,0.2502706265943937
0.49192212096106047,0.828505214368482,0.2500116687824713
0.49192212096106047,0.8288914638856701,0.2498254021917905
0.49212924606462305,0.8288914638856701,0.2494925120382479
0.49233637116818557,0.8288914638856701,0.2494626859021619
0.49254349627174815,0.8288914638856701,0.2493685007223524
0.49275062137531067,0.8288914638856701,0.2492489917434878
0.49295774647887325,0.8288914638856701,0.2491419925192545
0.49316487158243577,0.8288914638856701,0.2491233929408693
0.49337199668599835,0.8288914638856701,0.2490537515918457
0.49337199668599835,0.8292777134028583,0.2489584569647944
0.49357912178956087,0.8292777134028583,0.2485941241162489
0.49378624689312345,0.8292777134028583,0.2485729885553715
0.493993371996686,0.8292777134028583,0.2485650968336816
0.49420049710024855,0.8292777134028583,0.2485036181362813
0.4944076222038111,0.8292777134028583,0.2484948524406341
0.4944076222038111,0.8296639629200464,0.2484844467367089
0.49461474730737365,0.8296639629200464,0.2484323460177135
0.4948218724109362,0.8296639629200464,0.2481618814720409
0.49502899751449875,0.8296639629200464,0.2481035772657305
0.49502899751449875,0.8300502124372344,0.2476818925391283
0.4952361226180613,0.8300502124372344,0.2476719936433861
0.4952361226180613,0.8304364619544226,0.2476132427586698
0.49544324772162385,0.8304364619544226,0.2474547190999944
0.49544324772162385,0.8308227114716107,0.2472786608110601
0.4956503728251864,0.8308227114716107,0.2472677535180326
0.49585749792874895,0.8308227114716107,0.246978917553734
0.4960646230323115,0.8308227114716107,0.2468463710019502
0.49627174813587405,0.8308227114716107,0.2467884910545602
0.4964788732394366,0.8308227114716107,0.2467858822247953
0.49668599834299915,0.8308227114716107,0.2467388446018644
0.4968931234465617,0.8308227114716107,0.2464299536466672
0.4971002485501243,0.8308227114716107,0.2462677660118991
0.4971002485501243,0.8312089609887988,0.2462628317303584
0.4973073736536868,0.8312089609887988,0.246227987250306
0.4975144987572494,0.8312089609887988,0.2460834263841174
0.4977216238608119,0.8312089609887988,0.2460041530967479
0.4979287489643745,0.8312089609887988,0.2459533559595556
0.498135874067937,0.8312089609887988,0.2459510058100419
0.4983429991714996,0.8312089609887988,0.2458760683052481
0.4985501242750621,0.8312089609887988,0.2456017194054517
0.4987572493786247,0.8312089609887988,0.24551053775994
0.4987572493786247,0.8315952105059868,0.2454078954275357
0.4987572493786247,0.831981460023175,0.2451437424371791
0.4987572493786247,0.8323677095403631,0.2451169874744935
0.4989643744821872,0.8323677095403631,0.2449156116987062
0.4991714995857498,0.8323677095403631,0.2448381639769059
0.4993786246893123,0.8323677095403631,0.2447934995722693
0.4995857497928749,0.8323677095403631,0.2446723590550058
0.4997928748964374,0.8323677095403631,0.2444972048022961
0.5,0.8323677095403631,0.2444664748831231
0.5,0.8327539590575512,0.2443996681698521
0.5,0.8331402085747392,0.2443488572489674
0.5002071251035626,0.8331402085747392,0.2442577348273535
0.5004142502071252,0.8331402085747392,0.2442571438548558
0.5006213753106876,0.8331402085747392,0.2441823922703071
0.5008285004142502,0.8331402085747392,0.2439419054987489
0.5010356255178128,0.8331402085747392,0.2438495988036337
0.5012427506213754,0.8331402085747392,0.2437336942523887
0.5014498757249378,0.8331402085747392,0.243695082763838
0.5016570008285004,0.8331402085747392,0.2436559956227428
0.501864125932063,0.8331402085747392,0.2436374773668068
0.5020712510356256,0.8331402085747392,0.2433944175925273
0.502278376139188,0.8331402085747392,0.2433884978598005
0.5024855012427506,0.8331402085747392,0.2432752867387632
0.5026926263463132,0.8331402085747392,0.2431093799735567
0.5028997514498758,0.8331402085747392,0.2430719262343029
0.5028997514498758,0.8335264580919274,0.2430443658252665
0.5031068765534383,0.8335264580919274,0.2429398068641711
0.5031068765534383,0.8339127076091155,0.2428500100015224
0.5031068765534383,0.8342989571263036,0.24281327899968
0.5033140016570008,0.8342989571263036,0.2425560749538562
0.5035211267605634,0.8342989571263036,0.2425366898463995
0.503728251864126,0.8342989571263036,0.2421966220999966
0.5039353769676885,0.8342989571263036,0.2421915419892746
0.504142502071251,0.8342989571263036,0.2421635346361618
0.5043496271748136,0.8342989571263036,0.2421392529706779
0.5043496271748136,0.8346852066434917,0.2420418854926468
0.5045567522783762,0.8346852066434917,0.2418821752716581
0.5047638773819387,0.8346852066434917,0.2417463565898665
0.5049710024855012,0.8346852066434917,0.2417450156528116
0.5051781275890638,0.8346852066434917,0.2415779445026913
0.5053852526926264,0.8346852066434917,0.2415750616814656
0.5055923777961889,0.8346852066434917,0.2415559008286963
0.5057995028997514,0.8346852066434917,0.2414836955505187
0.506006628003314,0.8346852066434917,0.2414831886869341
0.5062137531068766,0.8346852066434917,0.2413896257772498
0.5064208782104391,0.8346852066434917,0.2413126780554398
0.5066280033140017,0.8346852066434917,0.2412499155088767
0.5068351284175642,0.8346852066434917,0.2411279853499319
0.5070422535211268,0.8346852066434917,0.2410465581636733
0.5072493786246893,0.8346852066434917,0.2410008557465271
0.5074565037282519,0.8346852066434917,0.2409654204101705
0.5076636288318144,0.8346852066434917,0.2409526586452241
0.5076636288318144,0.8350714561606798,0.2409372263146384
0.5076636288318144,0.8354577056778679,0.2408814847404343
0.507870753935377,0.8354577056778679,0.2408546468876326
0.5080778790389395,0.8354577056778679,0.2406831287276244
0.5082850041425021,0.8354577056778679,0.2405382107247577
0.5082850041425021,0.835843955195056,0.2402768105476598
0.5082850041425021,0.8362302047122441,0.2402028949966966
0.5082850041425021,0.8366164542294322,0.2402019164411461
0.5084921292460646,0.8366164542294322,0.2400729040305776
0.5086992543496272,0.8366164542294322,0.2400303296891655
0.5089063794531897,0.8366164542294322,0.239982696209058
0.5091135045567523,0.8366164542294322,0.2398665460741589
0.5093206296603149,0.8366164542294322,0.2396838045887237
0.5095277547638773,0.8366164542294322,0.2393683018450314
0.5097348798674399,0.8366164542294322,0.2392426903155785
0.5099420049710025,0.8366164542294322,0.2391824726882623
0.5099420049710025,0.8370027037466203,0.2391680748725185
0.5101491300745651,0.8370027037466203,0.2388906905783895
0.5103562551781275,0.8370027037466203,0.2386661791298929
0.5105633802816901,0.8370027037466203,0.2386339222055086
0.5105633802816901,0.8373889532638085,0.2385870173266357
0.5107705053852527,0.8373889532638085,0.2385609029378571
0.5109776304888153,0.8373889532638085,0.2384714464220473
0.5111847555923777,0.8373889532638085,0.238462740571805
0.5113918806959403,0.8373889532638085,0.2383918737096108
0.5115990057995029,0.8373889532638085,0.238346995897878
0.5118061309030655,0.8373889532638085,0.2382197755484509
0.512013256006628,0.8373889532638085,0.2382167891545774
0.5122203811101905,0.8373889532638085,0.2381963200175378
0.5124275062137531,0.8373889532638085,0.2381794003666042
0.5124275062137531,0.8377752027809965,0.2381635089516845
0.5126346313173157,0.8377752027809965,0.2379665047269855
0.5128417564208783,0.8377752027809965,0.2379627133293112
0.5130488815244407,0.8377752027809965,0.2378919120999416
0.5132560066280033,0.8377752027809965,0.2378413585409269
0.5132560066280033,0.8381614522981846,0.2377974422132738
0.5134631317315659,0.8381614522981846,0.2376588797023037
0.5136702568351285,0.8381614522981846,0.2375841662138839
0.5138773819386909,0.8381614522981846,0.2375663142141376
0.5140845070422535,0.8381614522981846,0.2374582360126583
0.5142916321458161,0.8381614522981846,0.2374212786882637
0.5144987572493787,0.8381614522981846,0.237163935134031
0.5147058823529411,0.8381614522981846,0.2370251939272476
0.5149130074565037,0.8381614522981846,0.2369731123317343
0.5149130074565037,0.8385477018153727,0.236832319329249
0.5151201325600663,0.8385477018153727,0.2366867944598176
0.5153272576636289,0.8385477018153727,0.2366060255197259
0.5155343827671914,0.8385477018153727,0.2364733343233453
0.5157415078707539,0.8385477018153727,0.2363255312416545
0.5159486329743165,0.8385477018153727,0.2362881027148236
0.5161557580778791,0.8385477018153727,0.2361425036663751
0.5161557580778791,0.8389339513325609,0.23606935462898
0.5163628831814416,0.8389339513325609,0.2360669193687685
0.5165700082850041,0.8389339513325609,0.2360475350338381
0.5167771333885667,0.8389339513325609,0.2360285158535066
0.5169842584921293,0.8389339513325609,0.235998809994762
0.5169842584921293,0.8393202008497489,0.2359457874735653
0.5171913835956918,0.8393202008497489,0.2359173969559449
0.5173985086992543,0.8393202008497489,0.2357375624060403
0.5173985086992543,0.839706450366937,0.2356298516219851
0.5176056338028169,0.839706450366937,0.2356119072106534
0.5178127589063795,0.839706450366937,0.2354476931169802
0.518019884009942,0.839706450366937,0.2354045217056002
0.5182270091135046,0.839706450366937,0.2353850139510815
0.5184341342170671,0.839706450366937,0.235122987282923
0.5184341342170671,0.8400926998841252,0.2350442058071192
0.5184341342170671,0.8404789494013133,0.2350058239596464
0.5184341342170671,0.8408651989185013,0.2349017052831901
0.5186412593206297,0.8408651989185013,0.23473801082388
0.5188483844241922,0.8408651989185013,0.2346878492018655
0.5190555095277548,0.8408651989185013,0.2345770964461753
0.5192626346313173,0.8408651989185013,0.2344977668181859
0.5194697597348799,0.8408651989185013,0.23444893035396
0.5196768848384424,0.8408651989185013,0.2344383482093961
0.519884009942005,0.8408651989185013,0.2343408946264163
0.5200911350455675,0.8408651989185013,0.2343395438249586
0.52029826014913,0.8408651989185013,0.2341371072882254
0.5205053852526926,0.8408651989185013,0.2340634936748771
0.5207125103562552,0.8408651989185013,0.2340603823745182
0.5207125103562552,0.8412514484356894,0.2338635772544061
0.5207125103562552,0.8416376979528776,0.2336906728922114
0.5207125103562552,0.8420239474700657,0.233306796427434
0.5207125103562552,0.8424101969872537,0.2331879547459295
0.5209196354598177,0.8424101969872537,0.2331314397971692
0.5211267605633803,0.8424101969872537,0.2331204689764784
0.5213338856669428,0.8424101969872537,0.233108478737542
0.5215410107705054,0.8424101969872537,0.2330445651561033
0.521748135874068,0.8424101969872537,0.2330278428907856
0.5219552609776305,0.8424101969872537,0.233000072397058
0.522162386081193,0.8424101969872537,0.2327895667986447
0.5223695111847556,0.8424101969872537,0.2326929091293835
0.5225766362883182,0.8424101969872537,0.2323675504984433
0.5227837613918807,0.8424101969872537,0.2322707765714211
0.5229908864954432,0.8424101969872537,0.2322403544080792
0.5231980115990058,0.8424101969872537,0.2322193844954972
0.5231980115990058,0.8427964465044419,0.2321784584991589
0.5234051367025684,0.8427964465044419,0.2321551764219822
0.5236122618061309,0.8427964465044419,0.2321378967576368
0.5238193869096934,0.8427964465044419,0.2321345884511287
0.524026512013256,0.8427964465044419,0.2320417751858837
0.524026512013256,0.84318269602163,0.2320371856941141
0.5242336371168186,0.84318269602163,0.231760984191675
0.5242336371168186,0.8435689455388181,0.2317208721798732
0.5244407622203812,0.8435689455388181,0.2317142007510068
0.5246478873239436,0.8435689455388181,0.2316004534213931
0.5248550124275062,0.8435689455388181,0.2315668051426309
0.5250621375310688,0.8435689455388181,0.2315363388366782
0.5250621375310688,0.8439551950560061,0.2315150119238226
0.5252692626346314,0.8439551950560061,0.2315123429743005
0.5254763877381938,0.8439551950560061,0.231441881013701
0.5256835128417564,0.8439551950560061,0.2314052122279619
0.525890637945319,0.8439551950560061,0.2313169948804247
0.5260977630488816,0.8439551950560061,0.2311375363382709
0.526304888152444,0.8439551950560061,0.2311323411356024
0.5265120132560066,0.8439551950560061,0.2309694172205658
0.5267191383595692,0.8439551950560061,0.2306940144982856
0.5269262634631318,0.8439551950560061,0.2304952436438291
0.5271333885666943,0.8439551950560061,0.2304616273612289
0.5273405136702568,0.8439551950560061,0.2303748789116647
0.5273405136702568,0.8443414445731943,0.2303589305003081
0.5275476387738194,0.8443414445731943,0.2303234943116343
0.527754763877382,0.8443414445731943,0.2299345624628727
0.5279618889809445,0.8443414445731943,0.2299171745418014
0.528169014084507,0.8443414445731943,0.2298704941000043
0.5283761391880696,0.8443414445731943,0.2297416637454472
0.5285832642916322,0.8443414445731943,0.2295408102926324
0.5287903893951947,0.8443414445731943,0.2293825917331834
0.5289975144987572,0.8443414445731943,0.2293659269092089
0.5292046396023198,0.8443414445731943,0.2293044499785027
0.5294117647058824,0.8443414445731943,0.2292660718908815
0.5296188898094449,0.8443414445731943,0.2292253627341204
0.5296188898094449,0.8447276940903824,0.2291775791543323
0.5298260149130074,0.8447276940903824,0.2291446647043667
0.53003314001657,0.8447276940903824,0.2290764966772395
0.5302402651201326,0.8447276940903824,0.2290735230203959
0.5304473902236951,0.8447276940903824,0.2290448761439766
0.5304473902236951,0.8451139436075705,0.2290155455505592
0.5304473902236951,0.8455001931247585,0.2289939668749416
0.5306545153272577,0.8455001931247585,0.2289897490057947
0.5308616404308202,0.8455001931247585,0.2289525701695759
0.5310687655343828,0.8455001931247585,0.2287512282488866
0.5312758906379453,0.8455001931247585,0.228627178265965
0.5314830157415079,0.8455001931247585,0.228591939623318
0.5316901408450704,0.8455001931247585,0.2285608400693922
0.531897265948633,0.8455001931247585,0.2285589570628406
0.5321043910521955,0.8455001931247585,0.2285259011561398
0.5323115161557581,0.8455001931247585,0.2283926429524141
0.5325186412593206,0.8455001931247585,0.2283735108238687
0.5327257663628832,0.8455001931247585,0.228367398704073
0.5329328914664457,0.8455001931247585,0.2283149330820449
0.5329328914664457,0.8458864426419467,0.2283149158066054
0.5329328914664457,0.8462726921591348,0.2282925631960145
0.5331400165700083,0.8462726921591348,0.2281904842287493
0.5333471416735709,0.8462726921591348,0.2280969706925279
0.5333471416735709,0.8466589416763229,0.2280087515391382
0.5335542667771334,0.8466589416763229,0.2278213795304851
0.5337613918806959,0.8466589416763229,0.2278083627782073
0.5339685169842585,0.8466589416763229,0.227759061734549
0.5341756420878211,0.8466589416763229,0.2277253009004365
0.5343827671913836,0.8466589416763229,0.2277248455572725
0.5345898922949461,0.8466589416763229,0.2275848001258394
0.5347970173985087,0.8466589416763229,0.2275265436035504
0.5350041425020713,0.8466589416763229,0.2273775225522413
0.5350041425020713,0.847045191193511,0.227372100566139
0.5352112676056338,0.847045191193511,0.227348772125615
0.5354183927091963,0.847045191193511,0.2272669942525748
0.5354183927091963,0.8474314407106991,0.2270057193149763
0.5356255178127589,0.8474314407106991,0.2269821115291135
0.5358326429163215,0.8474314407106991,0.2269681105335874
0.5358326429163215,0.8478176902278872,0.226908307926412
0.5358326429163215,0.8482039397450754,0.226838984351188
0.536039768019884,0.8482039397450754,0.2267469741338744
0.5362468931234465,0.8482039397450754,0.2265660839079307
0.5364540182270091,0.8482039397450754,0.2265036479007574
0.5366611433305717,0.8482039397450754,0.2262277059158416
0.5368682684341343,0.8482039397450754,0.2260815516228411
0.5370753935376967,0.8482039397450754,0.2260488308030755
0.5372825186412593,0.8482039397450754,0.2260344411253309
0.5374896437448219,0.8482039397450754,0.2259840204983204
0.5376967688483845,0.8482039397450754,0.2259546788176734
0.5379038939519469,0.8482039397450754,0.2259344114462152
0.5381110190555095,0.8482039397450754,0.2259041019895518
0.5383181441590721,0.8482039397450754,0.2258798345162567
0.5383181441590721,0.8485901892622634,0.2258136354361109
0.5385252692626347,0.8485901892622634,0.225803457343441
0.5387323943661971,0.8485901892622634,0.2257905829689334
0.5387323943661971,0.8489764387794515,0.2256288328542967
0.5389395194697597,0.8489764387794515,0.2256158252700962
0.5389395194697597,0.8493626882966396,0.2255135479823661
0.5389395194697597,0.8497489378138278,0.2254446122196963
0.5391466445733223,0.8497489378138278,0.2253525136050967
0.5393537696768849,0.8497489378138278,0.2253407720066442
0.5395608947804474,0.8497489378138278,0.2253150050545805
0.5397680198840099,0.8497489378138278,0.2252446885192005
0.5399751449875725,0.8497489378138278,0.2251457535687842
0.5401822700911351,0.8497489378138278,0.2250282136529965
0.5403893951946976,0.8497489378138278,0.224954374547271
0.5405965202982601,0.8497489378138278,0.2249355238640693
0.5408036454018227,0.8497489378138278,0.2248854620325438
0.5410107705053853,0.8497489378138278,0.2247257844857515
0.5412178956089478,0.8497489378138278,0.2247241806625641
0.5414250207125103,0.8497489378138278,0.2246503238857173
0.5416321458160729,0.8497489378138278,0.2246221622706412
0.5418392709196355,0.8497489378138278,0.2241896653519996
0.5418392709196355,0.8501351873310158,0.2241613379143597
0.542046396023198,0.8501351873310158,0.2241588389233291
0.5422535211267606,0.8501351873310158,0.224135344549127
0.5422535211267606,0.8505214368482039,0.2241062192493281
0.5422535211267606,0.850907686365392,0.2240987102099623
0.5424606462303231,0.850907686365392,0.2239438902250389
0.5426677713338857,0.850907686365392,0.2239049207598456
0.5428748964374482,0.850907686365392,0.2238356764406187
0.5430820215410108,0.850907686365392,0.2236782395656232
0.5430820215410108,0.8512939358825802,0.2236414948325047
0.5432891466445733,0.8512939358825802,0.2235932521939072
0.5434962717481359,0.8512939358825802,0.2235185937362643
0.5434962717481359,0.8516801853997682,0.2233836573144617
0.5437033968516984,0.8516801853997682,0.2232897046652596
0.543910521955261,0.8516801853997682,0.2232247097840606
0.5441176470588235,0.8516801853997682,0.2231857314091779
0.5441176470588235,0.8520664349169563,0.2231290540431918
0.5443247721623861,0.8520664349169563,0.223119863677619
0.5445318972659486,0.8520664349169563,0.2230531764935597
0.5447390223695112,0.8520664349169563,0.2230350898422144
0.5449461474730737,0.8520664349169563,0.2230055096468848
0.5451532725766363,0.8520664349169563,0.2227072925896744
0.5453603976801988,0.8520664349169563,0.2226417904779414
0.5453603976801988,0.8524526844341445,0.2226118077993804
0.5455675227837614,0.8524526844341445,0.222610788254946
0.545774647887324,0.8524526844341445,0.2225886220800078
0.545774647887324,0.8528389339513326,0.222548150673138
0.5459817729908865,0.8528389339513326,0.2225340218319854
0.5459817729908865,0.8532251834685206,0.2225271434139882
0.546188898094449,0.8532251834685206,0.2224174456028203
0.5463960231980116,0.8532251834685206,0.2223714047964347
0.5466031483015742,0.8532251834685206,0.2223497564045238
0.5468102734051367,0.8532251834685206,0.2223019036392573
0.5470173985086992,0.8532251834685206,0.2221826561042459
0.5472245236122618,0.8532251834685206,0.2220981916805129
0.5474316487158244,0.8532251834685206,0.2219900120089022
0.5476387738193869,0.8532251834685206,0.2218886665778384
0.5478458989229494,0.8532251834685206,0.2216570594330505
0.548053024026512,0.8532251834685206,0.2215639364263959
0.5482601491300746,0.8532251834685206,0.2214405235502409
0.5482601491300746,0.8536114329857087,0.2214241296960955
0.5484672742336372,0.8536114329857087,0.2214146999270173
0.5486743993371996,0.8536114329857087,0.2212560847646916
0.5488815244407622,0.8536114329857087,0.2211606882147757
0.5488815244407622,0.8539976825028969,0.221136638268874
0.5490886495443248,0.8539976825028969,0.2209622027786916
0.5492957746478874,0.8539976825028969,0.2209617025746878
0.5495028997514498,0.8539976825028969,0.2208932733236445
0.5497100248550124,0.8539976825028969,0.2208798753019752
0.549917149958575,0.8539976825028969,0.2208633161034812
0.5501242750621376,0.8539976825028969,0.2208587166552142
0.5503314001657,0.8539976825028969,0.2208430741273144
0.5505385252692626,0.8539976825028969,0.2207979902123109
0.5507456503728252,0.8539976825028969,0.2207813210737333
0.5507456503728252,0.854383932020085,0.2207235278957832
0.5509527754763878,0.854383932020085,0.2206524231396033
0.5511599005799502,0.854383932020085,0.220419970309616
0.5513670256835128,0.854383932020085,0.2203684339598773
0.5513670256835128,0.8547701815372731,0.2203676861644271
0.5515741507870754,0.8547701815372731,0.220312275598432
0.551781275890638,0.8547701815372731,0.2202395821068513
0.5519884009942005,0.8547701815372731,0.2201304584076541
0.5519884009942005,0.8551564310544612,0.2200798291494248
0.552195526097763,0.8551564310544612,0.2199585378133595
0.5524026512013256,0.8551564310544612,0.2198638881016306
0.5526097763048882,0.8551564310544612,0.219844079707142
0.5528169014084507,0.8551564310544612,0.2198308735363386
0.5530240265120132,0.8551564310544612,0.219818784798972
0.5530240265120132,0.8555426805716493,0.2198186768804674
0.5530240265120132,0.8559289300888374,0.2197189642276711
0.5530240265120132,0.8563151796060255,0.2197005104820354
0.5530240265120132,0.8567014291232136,0.2196273984848706
0.5530240265120132,0.8570876786404017,0.2195851927795405
0.5532311516155758,0.8570876786404017,0.219558145419831
0.5534382767191384,0.8570876786404017,0.2194928490897244
0.5536454018227009,0.8570876786404017,0.2194661078070076
0.5538525269262634,0.8570876786404017,0.2194158255997501
0.554059652029826,0.8570876786404017,0.2194106608649613
0.5542667771333886,0.8570876786404017,0.2192863844554108
0.5544739022369511,0.8570876786404017,0.2192785500156521
0.5546810273405137,0.8570876786404017,0.2192264145348339
0.5548881524440762,0.8570876786404017,0.2192042501175797
0.5550952775476388,0.8570876786404017,0.218924710728212
0.5553024026512013,0.8570876786404017,0.2188934246038998
0.5555095277547639,0.8570876786404017,0.2188758102990937
0.5557166528583264,0.8570876786404017,0.2188536799631147
0.555923777961889,0.8570876786404017,0.2188513408039619
0.5561309030654515,0.8570876786404017,0.2187391071255449
0.5561309030654515,0.8574739281575898,0.218739032216707
0.5563380281690141,0.8574739281575898,0.2187306831747433
0.5563380281690141,0.857860177674778,0.2185423337900822
0.5565451532725766,0.857860177674778,0.2185109954551588
0.5567522783761392,0.857860177674778,0.2184028860908895
0.5569594034797017,0.857860177674778,0.218347986144407
0.5571665285832643,0.857860177674778,0.2182589141447187
0.5573736536868269,0.857860177674778,0.2182254659120667
0.5575807787903894,0.857860177674778,0.2182038375920063
0.5577879038939519,0.857860177674778,0.2181737983628808
0.5579950289975145,0.857860177674778,0.2180894650935057
0.5582021541010771,0.857860177674778,0.2177362433761022
0.5584092792046396,0.857860177674778,0.217701137008332
0.5586164043082021,0.857860177674778,0.2175333302834891
0.5588235294117647,0.857860177674778,0.2174863297396202
0.5590306545153273,0.857860177674778,0.2174758288334555
0.5592377796188898,0.857860177674778,0.2174003848803924
0.5594449047224523,0.857860177674778,0.2173294503959433
0.5596520298260149,0.857860177674778,0.2173251137684713
0.5598591549295775,0.857860177674778,0.2173154230691219
0.56006628003314,0.857860177674778,0.2172749837421887
0.5602734051367025,0.857860177674778,0.2171807479995875
0.5604805302402651,0.857860177674778,0.2171304648036028
0.5604805302402651,0.858246427191966,0.2170794530017151
0.5604805302402651,0.8586326767091541,0.2169848167609072
0.5606876553438277,0.8586326767091541,0.2167304004452449
0.5608947804473903,0.8586326767091541,0.216666377568959
0.5611019055509527,0.8586326767091541,0.2166636504020181
0.5613090306545153,0.8586326767091541,0.216634522591758
0.5615161557580779,0.8586326767091541,0.2165850185218764
0.5617232808616405,0.8586326767091541,0.2165844697851189
0.5617232808616405,0.8590189262263422,0.2165206359077693
0.5619304059652029,0.8590189262263422,0.2165024711656809
0.5619304059652029,0.8594051757435304,0.2164867562683092
0.5621375310687655,0.8594051757435304,0.216350214365105
0.5623446561723281,0.8594051757435304,0.2162946488120625
0.5625517812758907,0.8594051757435304,0.2161987491732047
0.5627589063794531,0.8594051757435304,0.2161661638229736
0.5629660314830157,0.8594051757435304,0.2161477161676185
0.5629660314830157,0.8597914252607184,0.216108863398384
0.5631731565865783,0.8597914252607184,0.2160667808846366
0.5633802816901409,0.8597914252607184,0.2159847341033489
0.5635874067937034,0.8597914252607184,0.2159573714433325
0.5635874067937034,0.8601776747779065,0.215944759872946
0.5637945318972659,0.8601776747779065,0.2158819442589885
0.5640016570008285,0.8601776747779065,0.2158562262339114
0.5642087821043911,0.8601776747779065,0.2158452832226317
0.5642087821043911,0.8605639242950947,0.2157938582480718
0.5644159072079536,0.8605639242950947,0.2157907008854633
0.5646230323115161,0.8605639242950947,0.2154904522271973
0.5648301574150787,0.8605639242950947,0.2153884528778433
0.5650372825186413,0.8605639242950947,0.215304478603993
0.5652444076222038,0.8605639242950947,0.2152503119789891
0.5654515327257663,0.8605639242950947,0.2152396453587106
0.5656586578293289,0.8605639242950947,0.2150901986177611
0.5658657829328915,0.8605639242950947,0.2150686957179014
0.566072908036454,0.8605639242950947,0.2149521791530209
0.5662800331400166,0.8605639242950947,0.2149286922170158
0.5662800331400166,0.8609501738122828,0.2149275568803618
0.5664871582435791,0.8609501738122828,0.214876025847418
0.5664871582435791,0.8613364233294708,0.2148423368710391
0.5666942833471417,0.8613364233294708,0.2148288026780149
0.5666942833471417,0.8617226728466589,0.2146930739993318
0.5669014084507042,0.8617226728466589,0.2146868699781345
0.5671085335542668,0.8617226728466589,0.2146615916739785
0.5671085335542668,0.8621089223638471,0.2146191422902294
0.5673156586578293,0.8621089223638471,0.2144788319913283
0.5673156586578293,0.8624951718810352,0.2144095490769621
0.5675227837613919,0.8624951718810352,0.2144052529639678
0.5677299088649544,0.8624951718810352,0.214212180046572
0.567937033968517,0.8624951718810352,0.2141724640828935
0.5681441590720795,0.8624951718810352,0.2141057715270112
0.5683512841756421,0.8624951718810352,0.2140623483581106
0.5685584092792046,0.8624951718810352,0.2140240271482167
0.5685584092792046,0.8628814213982232,0.2139413806412859
0.5685584092792046,0.8632676709154113,0.2138850723170158
0.5687655343827672,0.8632676709154113,0.2138432439428511
0.5689726594863297,0.8632676709154113,0.2138121128533073
0.5691797845898923,0.8632676709154113,0.2136228780181695
0.5691797845898923,0.8636539204325995,0.2135409155838651
0.5693869096934548,0.8636539204325995,0.2134524368863957
0.5695940347970174,0.8636539204325995,0.2133629080638049
0.5695940347970174,0.8640401699497876,0.2133588856836649
0.56980115990058,0.8640401699497876,0.2132641924063641
0.5700082850041425,0.8640401699497876,0.2132306038199133
0.570215410107705,0.8640401699497876,0.2131343028658763
0.5704225352112676,0.8640401699497876,0.2131044096213833
0.5704225352112676,0.8644264194669756,0.2130115489811537
0.5706296603148302,0.8644264194669756,0.2130112157864147
0.5708367854183927,0.8644264194669756,0.2129674632300995
0.5710439105219552,0.8644264194669756,0.2128965137258908
0.5712510356255178,0.8644264194669756,0.2128955180891816
0.5714581607290804,0.8644264194669756,0.2128848208080744
0.5714581607290804,0.8648126689841638,0.2128325376750998
0.5716652858326429,0.8648126689841638,0.2128120655874937
0.5718724109362054,0.8648126689841638,0.2128039583800672
0.572079536039768,0.8648126689841638,0.2127956799510286
0.5722866611433306,0.8648126689841638,0.2127062885348464
0.5724937862468932,0.8648126689841638,0.2126146256923772
0.5727009113504556,0.8648126689841638,0.2125994446302448
0.5729080364540182,0.8648126689841638,0.2120581174368734
0.5729080364540182,0.8651989185013519,0.2120299222618776
0.5731151615575808,0.8651989185013519,0.2119556797337689
0.5733222866611434,0.8651989185013519,0.2119135949801026
0.5735294117647058,0.8651989185013519,0.2118423671947376
0.5737365368682684,0.8651989185013519,0.2118300640105145
0.573943661971831,0.8651989185013519,0.2117918354548076
0.5741507870753936,0.8651989185013519,0.2117852869710382
0.5741507870753936,0.86558516801854,0.2116740323639409
0.5741507870753936,0.865971417535728,0.211649788257296
0.574357912178956,0.865971417535728,0.2116378267035478
0.574357912178956,0.8663576670529162,0.2116255125675961
0.5745650372825186,0.8663576670529162,0.2115857126602573
0.5745650372825186,0.8667439165701043,0.2115854759410343
0.5745650372825186,0.8671301660872924,0.211557224538316
0.5747721623860812,0.8671301660872924,0.2115570412326803
0.5749792874896438,0.8671301660872924,0.2115039505388168
0.5751864125932062,0.8671301660872924,0.2114891105382928
0.5753935376967688,0.8671301660872924,0.2114838415990943
0.5756006628003314,0.8671301660872924,0.2114467737419714
0.575807787903894,0.8671301660872924,0.2114145507913222
0.5760149130074566,0.8671301660872924,0.21129562384395
0.576222038111019,0.8671301660872924,0.2112907013789309
0.576222038111019,0.8675164156044805,0.2112326334191338
0.5764291632145816,0.8675164156044805,0.2111875715421624
0.5766362883181442,0.8675164156044805,0.2111003949723562
0.5768434134217068,0.8675164156044805,0.2110545300713741
0.5770505385252692,0.8675164156044805,0.2110153198776552
0.5772576636288318,0.8675164156044805,0.2110066718631847
0.5774647887323944,0.8675164156044805,0.2109876856603467
0.577671913835957,0.8675164156044805,0.210981329878832
0.5778790389395194,0.8675164156044805,0.2109486472450258
0.5778790389395194,0.8679026651216686,0.210912574489918
0.578086164043082,0.8679026651216686,0.210898244753571
0.5782932891466446,0.8679026651216686,0.2107763239204597
0.5785004142502072,0.8679026651216686,0.210743211692177
0.5785004142502072,0.8682889146388567,0.21067687710777
0.5787075393537697,0.8682889146388567,0.2105970796004276
0.5789146644573322,0.8682889146388567,0.210448736118832
0.5791217895608948,0.8682889146388567,0.2102589011815892
0.5793289146644574,0.8682889146388567,0.2102367586710997
0.5793289146644574,0.8686751641560448,0.2101931012156403
0.5795360397680199,0.8686751641560448,0.2101771875600616
0.5797431648715824,0.8686751641560448,0.2100287804433122
0.5797431648715824,0.8690614136732329,0.2099868808204546
0.579950289975145,0.8690614136732329,0.2099818405682992
0.579950289975145,0.869447663190421,0.2099463514882857
0.579950289975145,0.8698339127076091,0.2099043807158455
0.5801574150787076,0.8698339127076091,0.2098684534103264
0.5803645401822701,0.8698339127076091,0.2098526525860118
0.5805716652858326,0.8698339127076091,0.2097971432466596
0.5807787903893952,0.8698339127076091,0.2097238871190949
0.5809859154929577,0.8698339127076091,0.2096344843756435
0.5811930405965203,0.8698339127076091,0.2095730803556633
0.5814001657000829,0.8698339127076091,0.2095243706235633
0.5816072908036454,0.8698339127076091,0.2094525091848053
0.581814415907208,0.8698339127076091,0.209321462374214
0.5820215410107705,0.8698339127076091,0.2092499359587757
0.5822286661143331,0.8698339127076091,0.209191721048893
0.5824357912178956,0.8698339127076091,0.2091589521772578
0.5826429163214581,0.8698339127076091,0.2090519154378562
0.5828500414250207,0.8698339127076091,0.2090078863996286
0.5830571665285833,0.8698339127076091,0.2089466753749736
0.5832642916321458,0.8698339127076091,0.2089391841677498
0.5834714167357083,0.8698339127076091,0.2089006285295316
0.5836785418392709,0.8698339127076091,0.2088462443790676
0.5838856669428335,0.8698339127076091,0.2087129170076372
0.584092792046396,0.8698339127076091,0.2086853744220805
0.5842999171499585,0.8698339127076091,0.208401020266803
0.5845070422535211,0.8698339127076091,0.2083520256838472
0.5845070422535211,0.8702201622247973,0.2083334056886024
0.5847141673570837,0.8702201622247973,0.20829632231207
0.5849212924606463,0.8702201622247973,0.2082695710953953
0.5851284175642087,0.8702201622247973,0.2080269091662764
0.5853355426677713,0.8702201622247973,0.207982305801709
0.5855426677713339,0.8702201622247973,0.2079657937994214
0.5855426677713339,0.8706064117419853,0.2078429949559586
0.5857497928748965,0.8706064117419853,0.2078366603039923
0.585956917978459,0.8706064117419853,0.2077781142015986
0.5861640430820215,0.8706064117419853,0.2077290287248383
0.5861640430820215,0.8709926612591734,0.2077162408842434
0.5861640430820215,0.8713789107763615,0.2076797718259238
0.5863711681855841,0.8713789107763615,0.2076503514774056
0.5863711681855841,0.8717651602935497,0.207624224962915
0.5865782932891467,0.8717651602935497,0.2075823386052153
0.5867854183927091,0.8717651602935497,0.2074595962213311
0.5869925434962717,0.8717651602935497,0.2074367212052881
0.5871996685998343,0.8717651602935497,0.2073632186628848
0.5874067937033969,0.8717651602935497,0.2072975025086772
0.5876139188069595,0.8717651602935497,0.2072967627492807
0.5878210439105219,0.8717651602935497,0.2072690840795202
0.5880281690140845,0.8717651602935497,0.2071821503410714
0.5882352941176471,0.8717651602935497,0.2071628808691948
0.5884424192212097,0.8717651602935497,0.2071412263962927
0.5886495443247721,0.8717651602935497,0.2070939241793496
0.5888566694283347,0.8717651602935497,0.2070884638286641
0.5890637945318973,0.8717651602935497,0.2070456264836341
0.5892709196354599,0.8717651602935497,0.207009155747561
0.5894780447390223,0.8717651602935497,0.2069350596717314
0.5896851698425849,0.8717651602935497,0.2069062990832496
0.5898922949461475,0.8717651602935497,0.2068226762703814
0.59009942004971,0.8717651602935497,0.2067785669586261
0.5903065451532725,0.8717651602935497,0.2067550143824254
0.5905136702568351,0.8717651602935497,0.2066128090311308
0.5907207953603977,0.8717651602935497,0.2065639920515009
0.5909279204639603,0.8717651602935497,0.2065038741877637
0.5911350455675228,0.8717651602935497,0.2063105590972496
0.5913421706710853,0.8717651602935497,0.206244561400833
0.5913421706710853,0.8721514098107377,0.206230189544918
0.5915492957746479,0.8721514098107377,0.2062020318145652
0.5917564208782105,0.8721514098107377,0.2061208367392147
0.591963545981773,0.8721514098107377,0.2060528064977061
0.5921706710853355,0.8721514098107377,0.2059916772195931
0.5923777961888981,0.8721514098107377,0.2059476578152045
0.5925849212924607,0.8721514098107377,0.2057836264025284
0.5925849212924607,0.8725376593279258,0.2056900121756892
0.5925849212924607,0.872923908845114,0.2056277023989705
0.5927920463960232,0.872923908845114,0.2056133358405257
0.5929991714995857,0.872923908845114,0.2055963254062214
0.5932062966031483,0.872923908845114,0.205588769468943
0.5932062966031483,0.8733101583623021,0.2055422324198803
0.5934134217067109,0.8733101583623021,0.2054548811787046
0.5936205468102734,0.8733101583623021,0.2054519858242738
0.593827671913836,0.8733101583623021,0.2054050037547671
0.593827671913836,0.8736964078794901,0.2053879799773505
0.5940347970173985,0.8736964078794901,0.2053869724670488
0.5940347970173985,0.8740826573966782,0.2053761304672712
0.5940347970173985,0.8744689069138664,0.2053737851285546
0.594241922120961,0.8744689069138664,0.2053664785717079
0.5944490472245236,0.8744689069138664,0.2053437197328636
0.5946561723280862,0.8744689069138664,0.2053049082581798
0.5948632974316487,0.8744689069138664,0.2052641495352664
0.5948632974316487,0.8748551564310545,0.2052175717952785
0.5950704225352113,0.8748551564310545,0.2051927425807342
0.5950704225352113,0.8752414059482425,0.2050593043327
0.5952775476387738,0.8752414059482425,0.2049533094346241
0.5954846727423364,0.8752414059482425,0.2048119012483791
0.5956917978458989,0.8752414059482425,0.2047925480280352
0.5958989229494615,0.8752414059482425,0.2047903891814109
0.596106048053024,0.8752414059482425,0.2046426646521502
0.5963131731565866,0.8752414059482425,0.2046259748233597
0.5965202982601492,0.8752414059482425,0.2045262600328926
0.5967274233637117,0.8752414059482425,0.2044917952372714
0.5969345484672742,0.8752414059482425,0.2044574929664769
0.5971416735708368,0.8752414059482425,0.2044539004503308
0.5973487986743994,0.8752414059482425,0.204424151906314
0.5975559237779619,0.8752414059482425,0.2043567937928026
0.5975559237779619,0.8756276554654306,0.2043184990932639
0.5975559237779619,0.8760139049826188,0.2042808494082033
0.5977630488815244,0.8760139049826188,0.2042757709897694
0.597970173985087,0.8760139049826188,0.2042698845298644
0.5981772990886496,0.8760139049826188,0.2042383030488203
0.598384424192212,0.8760139049826188,0.2042241626732027
0.598384424192212,0.8764001544998069,0.2042191110276291
0.5985915492957746,0.8764001544998069,0.2041395163550515
0.5987986743993372,0.8764001544998069,0.2041062728485625
0.5990057995028998,0.8764001544998069,0.2040602008428803
0.5992129246064622,0.8764001544998069,0.2040504564291608
0.5994200497100248,0.8764001544998069,0.204048134520796
0.5994200497100248,0.8767864040169949,0.2040375666437414
0.5996271748135874,0.8767864040169949,0.2039585357534912
0.5996271748135874,0.8771726535341831,0.2038859054615838
0.59983429991715,0.8771726535341831,0.2038535246668113
0.6000414250207126,0.8771726535341831,0.2038305685154578
0.600248550124275,0.8771726535341831,0.2038281782789732
0.6004556752278376,0.8771726535341831,0.2038239845966716
0.6004556752278376,0.8775589030513712,0.2038088557515285
0.6006628003314002,0.8775589030513712,0.2037432116187288
0.6008699254349628,0.8775589030513712,0.2035737779502606
0.6010770505385252,0.8775589030513712,0.2035553200617318
0.6012841756420878,0.8775589030513712,0.2035506972173536
0.6012841756420878,0.8779451525685593,0.2034382841380784
0.6014913007456504,0.8779451525685593,0.2034073122277075
0.601698425849213,0.8779451525685593,0.2033997371072608
0.6019055509527754,0.8779451525685593,0.2033896269189698
0.6019055509527754,0.8783314020857474,0.2033582840794305
0.602112676056338,0.8783314020857474,0.2033312484048818
0.6023198011599006,0.8783314020857474,0.2032906050392595
0.6025269262634632,0.8783314020857474,0.2032630622276639
0.6027340513670257,0.8783314020857474,0.2032291818088669
0.6029411764705882,0.8783314020857474,0.203210096356456
0.6031483015741508,0.8783314020857474,0.2031142333919538
0.6033554266777134,0.8783314020857474,0.2030579770709583
0.6033554266777134,0.8787176516029355,0.2029930601213815
0.6035625517812759,0.8787176516029355,0.2029592808132249
0.6037696768848384,0.8787176516029355,0.2029392437249901
0.603976801988401,0.8787176516029355,0.2029099975126843
0.6041839270919636,0.8787176516029355,0.2029037242255934
0.6043910521955261,0.8787176516029355,0.202868055605999
0.6045981772990886,0.8787176516029355,0.2027482029135301
0.6048053024026512,0.8787176516029355,0.2027448012835094
0.6050124275062138,0.8787176516029355,0.2026570094020078
0.6052195526097763,0.8787176516029355,0.2025691932946135
0.6054266777133389,0.8787176516029355,0.2024810222469409
0.6054266777133389,0.8791039011201236,0.2024570869395021
0.6056338028169014,0.8791039011201236,0.2024371876141593
0.6056338028169014,0.8794901506373117,0.2024230133646488
0.605840927920464,0.8794901506373117,0.202393035808455
0.6060480530240265,0.8794901506373117,0.2023911539896499
0.6060480530240265,0.8798764001544999,0.2023546911055077
0.6060480530240265,0.8802626496716879,0.2023233760306562
0.6062551781275891,0.8802626496716879,0.202295114328233
0.6062551781275891,0.880648899188876,0.2022229647191027
0.6064623032311516,0.880648899188876,0.2022035714176292
0.6066694283347142,0.880648899188876,0.2021646410802195
0.6068765534382767,0.880648899188876,0.2021600092488615
0.6070836785418393,0.880648899188876,0.2021374847386172
0.6072908036454018,0.880648899188876,0.202070981780854
0.6074979287489644,0.880648899188876,0.2020459055411548
0.6077050538525269,0.880648899188876,0.2019749972698218
0.6079121789560895,0.880648899188876,0.2019372640931485
0.608119304059652,0.880648899188876,0.2018549900683207
0.6083264291632146,0.880648899188876,0.2018348372025656
0.6085335542667771,0.880648899188876,0.2018242648686732
0.6085335542667771,0.8810351487060641,0.201769095156042
0.6087406793703397,0.8810351487060641,0.201749408894524
0.6089478044739023,0.8810351487060641,0.2017447833976431
0.6089478044739023,0.8814213982232523,0.2017408514586011
0.6091549295774648,0.8814213982232523,0.2017317720961667
0.6093620546810273,0.8814213982232523,0.2017135479070013
0.6095691797845899,0.8814213982232523,0.2017062791393059
0.6097763048881525,0.8814213982232523,0.2016942463806727
0.609983429991715,0.8814213982232523,0.2015894186528932
0.6101905550952775,0.8814213982232523,0.2015609584387444
0.6103976801988401,0.8814213982232523,0.2014990989254075
0.6106048053024027,0.8814213982232523,0.2013860301686753
0.6108119304059652,0.8814213982232523,0.2013767153552963
0.6108119304059652,0.8818076477404403,0.201324348065248
0.6110190555095277,0.8818076477404403,0.2013002232912882
0.6112261806130903,0.8818076477404403,0.201294411274026
0.6114333057166529,0.8818076477404403,0.2012699300574924
0.6116404308202155,0.8818076477404403,0.2012309322761372
0.6118475559237779,0.8818076477404403,0.2011944569125852
0.6120546810273405,0.8818076477404403,0.2011737156375326
0.6120546810273405,0.8821938972576284,0.2010385904290272
0.6122618061309031,0.8821938972576284,0.2010086608191655
0.6124689312344657,0.8821938972576284,0.2009950980118188
0.6124689312344657,0.8825801467748166,0.2009540356514336
0.6126760563380281,0.8825801467748166,0.2009424842393059
0.6126760563380281,0.8829663962920047,0.2008995166617167
0.6128831814415907,0.8829663962920047,0.2008952270119496
0.6128831814415907,0.8833526458091927,0.2008545189559148
0.6130903065451533,0.8833526458091927,0.2008500773526338
0.6132974316487159,0.8833526458091927,0.2008139001707291
0.6135045567522783,0.8833526458091927,0.2007729309373399
0.6137116818558409,0.8833526458091927,0.2007512921700097
0.6139188069594035,0.8833526458091927,0.2007086465168149
0.6141259320629661,0.8833526458091927,0.2006977057693365
0.6143330571665285,0.8833526458091927,0.2005942217173724
0.6145401822700911,0.8833526458091927,0.2005255490590773
0.6147473073736537,0.8833526458091927,0.2005142494657796
0.6149544324772163,0.8833526458091927,0.2005019286085178
0.6149544324772163,0.8837388953263808,0.2004786023337212
0.6149544324772163,0.884125144843569,0.200395384244302
0.6149544324772163,0.8845113943607571,0.200331947521733
0.6151615575807788,0.8845113943607571,0.2002217993416611
0.6151615575807788,0.8848976438779451,0.200198555613232
0.6153686826843413,0.8848976438779451,0.2001869638842937
0.6155758077879039,0.8848976438779451,0.2001785111076892
0.6157829328914665,0.8848976438779451,0.200164045216578
0.615990057995029,0.8848976438779451,0.2000789917353382
0.6161971830985915,0.8848976438779451,0.2000636312144539
0.6161971830985915,0.8852838933951332,0.1999860955923297
0.6164043082021541,0.8852838933951332,0.1999787687219076
0.6164043082021541,0.8856701429123214,0.1999699655030744
0.6166114333057167,0.8856701429123214,0.1999329352631076
0.6168185584092792,0.8856701429123214,0.1999066418295888
0.6168185584092792,0.8860563924295095,0.1999005676643496
0.6168185584092792,0.8864426419466975,0.1998844877940412
0.6170256835128417,0.8864426419466975,0.1998778283837429
0.6172328086164043,0.8864426419466975,0.1998171970505085
0.6174399337199669,0.8864426419466975,0.1997962877397845
0.6176470588235294,0.8864426419466975,0.1997803428748398
0.617854183927092,0.8864426419466975,0.199746976548368
0.6180613090306545,0.8864426419466975,0.1997332389357857
0.6182684341342171,0.8864426419466975,0.1996987151114826
0.6184755592377796,0.8864426419466975,0.199643373429754
0.6186826843413422,0.8864426419466975,0.1995752999474914
0.6188898094449047,0.8864426419466975,0.1995583852484011
0.6188898094449047,0.8868288914638857,0.1994698518342528
0.6188898094449047,0.8872151409810738,0.1994471633081202
0.6190969345484673,0.8872151409810738,0.1994422647341514
0.6193040596520298,0.8872151409810738,0.1994188259941715
0.6193040596520298,0.8876013904982619,0.1993909390098289
0.6195111847555924,0.8876013904982619,0.1992863088793529
0.6197183098591549,0.8876013904982619,0.1992610873328957
0.6199254349627175,0.8876013904982619,0.1991243666367905
0.62013256006628,0.8876013904982619,0.1990828878793461
0.6203396851698426,0.8876013904982619,0.1990669997599825
0.6205468102734052,0.8876013904982619,0.1990254362884031
0.6205468102734052,0.8879876400154499,0.1990089700213383
0.6207539353769677,0.8879876400154499,0.1989627929304211
0.6209610604805302,0.8879876400154499,0.1989002062783702
0.6209610604805302,0.8883738895326381,0.1988767618684937
0.6211681855840928,0.8883738895326381,0.1987996654315759
0.6211681855840928,0.8887601390498262,0.1987886472161855
0.6213753106876554,0.8887601390498262,0.1987016486273864
0.6213753106876554,0.8891463885670143,0.1986991183897986
0.6215824357912179,0.8891463885670143,0.1985224781227533
0.6217895608947804,0.8891463885670143,0.1984991307260885
0.621996685998343,0.8891463885670143,0.1984617156730218
0.6222038111019056,0.8891463885670143,0.1984019796727
0.6224109362054681,0.8891463885670143,0.1983840994595467
0.6224109362054681,0.8895326380842024,0.1983498761344933
0.6226180613090306,0.8895326380842024,0.1983228964943417
0.6228251864125932,0.8895326380842024,0.198267285518002
0.6230323115161558,0.8895326380842024,0.1982060184692947
0.6232394366197183,0.8895326380842024,0.198179666784232
0.6232394366197183,0.8899188876013905,0.1980976261531426
0.6234465617232808,0.8899188876013905,0.1980749614819488
0.6236536868268434,0.8899188876013905,0.1979450974884589
0.623860811930406,0.8899188876013905,0.1979274836054988
0.623860811930406,0.8903051371185786,0.1978649902785323
0.6240679370339686,0.8903051371185786,0.1977525841642776
0.624275062137531,0.8903051371185786,0.1977368142126686
0.6244821872410936,0.8903051371185786,0.1977352612721584
0.6246893123446562,0.8903051371185786,0.1976890264955819
0.6248964374482188,0.8903051371185786,0.1976662065080438
0.6251035625517812,0.8903051371185786,0.1976548439688122
0.6251035625517812,0.8906913866357667,0.1975977564399056
0.6253106876553438,0.8906913866357667,0.1975901130555084
0.6255178127589064,0.8906913866357667,0.197537310769226
0.625724937862469,0.8906913866357667,0.1975142785222712
0.6259320629660314,0.8906913866357667,0.1974575797640293
0.626139188069594,0.8906913866357667,0.1974290493365235
0.6263463131731566,0.8906913866357667,0.1974223501882779
0.6265534382767192,0.8906913866357667,0.1973411021665544
0.6267605633802817,0.8906913866357667,0.1973292330152943
0.6269676884838442,0.8906913866357667,0.1972970634753059
0.6271748135874068,0.8906913866357667,0.1972159465144793
0.6273819386909694,0.8906913866357667,0.1971592350049489
0.6273819386909694,0.8910776361529548,0.1971153181657259
0.6275890637945319,0.8910776361529548,0.1970256300692519
0.6275890637945319,0.8914638856701429,0.1969908768901545
0.6277961888980944,0.8914638856701429,0.1969720005635963
0.628003314001657,0.8914638856701429,0.1969531462139974
0.6282104391052196,0.8914638856701429,0.1969265514696287
0.6284175642087821,0.8914638856701429,0.1968901317743853
0.6286246893123446,0.8914638856701429,0.1968419576309563
0.6288318144159072,0.8914638856701429,0.1968124613984271
0.6290389395194698,0.8914638856701429,0.1968086455507098
0.6292460646230323,0.8914638856701429,0.1967790286321246
0.6294531897265948,0.8914638856701429,0.1967317356966768
0.6294531897265948,0.891850135187331,0.1967127501485041
0.6294531897265948,0.8922363847045192,0.1966362513713863
0.6296603148301574,0.8922363847045192,0.1965896378318175
0.62986743993372,0.8922363847045192,0.1965079039723352
0.62986743993372,0.8926226342217072,0.1964411630151698
0.6300745650372825,0.8926226342217072,0.1963698781599221
0.6302816901408451,0.8926226342217072,0.1963651106268071
0.6304888152444076,0.8926226342217072,0.1963577959628987
0.6306959403479702,0.8926226342217072,0.1963225844150575
0.6306959403479702,0.8930088837388953,0.1962913585164452
0.6306959403479702,0.8933951332560834,0.1961118126865697
0.6309030654515327,0.8933951332560834,0.1960596066804907
0.6311101905550953,0.8933951332560834,0.1960578034484269
0.6313173156586578,0.8933951332560834,0.1960255427967815
0.6315244407622204,0.8933951332560834,0.1960248605080656
0.6317315658657829,0.8933951332560834,0.1960185960952447
0.6319386909693455,0.8933951332560834,0.1960181676838532
0.632145816072908,0.8933951332560834,0.1959422465853151
0.632145816072908,0.8937813827732716,0.1959155151395358
0.6323529411764706,0.8937813827732716,0.1958642784169535
0.6325600662800331,0.8937813827732716,0.1958034298995109
0.6327671913835957,0.8937813827732716,0.1957338849507753
0.6327671913835957,0.8941676322904596,0.195633267812872
0.6329743164871583,0.8941676322904596,0.195475983692823
0.6331814415907208,0.8941676322904596,0.195466789878577
0.6333885666942833,0.8941676322904596,0.195266721416252
0.6335956917978459,0.8941676322904596,0.195204163445403
0.6338028169014085,0.8941676322904596,0.1951857031987689
0.6338028169014085,0.8945538818076477,0.1951248990293475
0.634009942004971,0.8945538818076477,0.1950984366308008
0.6342170671085335,0.8945538818076477,0.1950867498426913
0.6344241922120961,0.8945538818076477,0.1949456310005577
0.6344241922120961,0.8949401313248359,0.1948005625398212
0.6346313173156587,0.8949401313248359,0.1947987095593887
0.6348384424192212,0.8949401313248359,0.1947462191117084
0.6350455675227837,0.8949401313248359,0.1947087627562991
0.6350455675227837,0.895326380842024,0.1946763046865853
0.6352526926263463,0.895326380842024,0.1945626125310771
0.6354598177299089,0.895326380842024,0.1945240773792306
0.6356669428334715,0.895326380842024,0.1944375688361696
0.6358740679370339,0.895326380842024,0.1944137678055394
0.6360811930405965,0.895326380842024,0.1943469759433032
0.6362883181441591,0.895326380842024,0.1942901881969295
0.6364954432477217,0.895326380842024,0.1942798298104555
0.6367025683512841,0.895326380842024,0.1942782603369621
0.6369096934548467,0.895326380842024,0.1942771463226426
0.6369096934548467,0.895712630359212,0.1942406419895421
0.6371168185584093,0.895712630359212,0.1941524837751672
0.6373239436619719,0.895712630359212,0.1940235586393967
0.6375310687655343,0.895712630359212,0.1939880415178429
0.6377381938690969,0.895712630359212,0.1939408503044075
0.6379453189726595,0.895712630359212,0.1938963587165408
0.6381524440762221,0.895712630359212,0.193873087275915
0.6383595691797845,0.895712630359212,0.1938318010491245
0.6385666942833471,0.895712630359212,0.19381551002523
0.6387738193869097,0.895712630359212,0.1937143258129749
0.6387738193869097,0.8960988798764001,0.1936841029289957
0.6389809444904723,0.8960988798764001,0.1935511878735224
0.6391880695940348,0.8960988798764001,0.1935358408296198
0.6393951946975973,0.8960988798764001,0.1935265297652516
0.6396023198011599,0.8960988798764001,0.1935237403448051
0.6398094449047225,0.8960988798764001,0.1934709774888399
0.6398094449047225,0.8964851293935883,0.1934235087661079
0.6398094449047225,0.8968713789107764,0.1933362510431488
0.640016570008285,0.8968713789107764,0.1933034553252645
0.640016570008285,0.8972576284279644,0.1933022867740176
0.6402236951118475,0.8972576284279644,0.1932603694633362
0.6404308202154101,0.8972576284279644,0.1931460673774185
0.6406379453189727,0.8972576284279644,0.1930503461720139
0.6408450704225352,0.8972576284279644,0.1929023615725345
0.6408450704225352,0.8976438779451525,0.1927827904793785
0.6410521955260977,0.8976438779451525,0.1927785287564167
0.6412593206296603,0.8976438779451525,0.1927118037549661
0.6414664457332229,0.8976438779451525,0.192667013027238
0.6416735708367854,0.8976438779451525,0.1925486693011113
0.641880695940348,0.8976438779451525,0.19254354063822
0.6420878210439105,0.8976438779451525,0.1924864745593482
0.6422949461474731,0.8976438779451525,0.1923979333238519
0.6425020712510356,0.8976438779451525,0.1923693819909125
0.6427091963545982,0.8976438779451525,0.1923130147456724
0.6429163214581607,0.8976438779451525,0.1923116017706974
0.6431234465617233,0.8976438779451525,0.1922672344977968
0.6433305716652858,0.8976438779451525,0.1922162143361635
0.6435376967688484,0.8976438779451525,0.1922017660774148
0.6437448218724109,0.8976438779451525,0.1921725820483836
0.6437448218724109,0.8980301274623407,0.1921417069806314
0.6439519469759735,0.8980301274623407,0.1921378320540592
0.644159072079536,0.8980301274623407,0.1920938120447141
0.6443661971830986,0.8980301274623407,0.1920596660849592
0.6443661971830986,0.8984163769795288,0.1920548906095068
0.6445733222866611,0.8984163769795288,0.1920177040999063
0.6447804473902237,0.8984163769795288,0.1919853562656695
0.6449875724937862,0.8984163769795288,0.1919539634416289
0.6451946975973488,0.8984163769795288,0.1919316919121952
0.6454018227009114,0.8984163769795288,0.1918962771764757
0.6456089478044739,0.8984163769795288,0.1918674308808006
0.6458160729080364,0.8984163769795288,0.1918604848500391
0.646023198011599,0.8984163769795288,0.1918512764003449
0.6462303231151616,0.8984163769795288,0.1917030446093564
0.6464374482187241,0.8984163769795288,0.1916340712115808
0.6466445733222866,0.8984163769795288,0.1916298948334343
0.6468516984258492,0.8984163769795288,0.1915994504837545
0.6470588235294118,0.8984163769795288,0.1915980009565457
0.6472659486329743,0.8984163769795288,0.191277687086379
0.6474730737365368,0.8984163769795288,0.1912068744170002
0.6476801988400994,0.8984163769795288,0.1912030171902406
0.647887323943662,0.8984163769795288,0.1911209072732973
0.647887323943662,0.8988026264967168,0.191117767710723
0.6480944490472246,0.8988026264967168,0.191110330339331
0.648301574150787,0.8988026264967168,0.1911094463010065
0.6485086992543496,0.8988026264967168,0.1911023742145571
0.6487158243579122,0.8988026264967168,0.1910491037248486
0.6489229494614748,0.8988026264967168,0.1910478298865876
0.6491300745650372,0.8988026264967168,0.1910357879166879
0.6491300745650372,0.899188876013905,0.1910122118464133
0.6491300745650372,0.8995751255310931,0.1909683480513439
0.6493371996685998,0.8995751255310931,0.1908988921945496
0.6495443247721624,0.8995751255310931,0.190887336463071
0.6495443247721624,0.8999613750482812,0.19085555355987
0.649751449875725,0.8999613750482812,0.1908367641818088
0.6499585749792874,0.8999613750482812,0.1907631180911397
0.65016570008285,0.8999613750482812,0.1907337684717719
0.6503728251864126,0.8999613750482812,0.1906603649698753
0.6505799502899752,0.8999613750482812,0.1906086818371352
0.6507870753935378,0.8999613750482812,0.1905870675200878
0.6509942004971002,0.8999613750482812,0.190521195353924
0.6512013256006628,0.8999613750482812,0.1905093157799057
0.6514084507042254,0.8999613750482812,0.1904218898988505
0.651615575807788,0.8999613750482812,0.1904186361028326
0.6518227009113504,0.8999613750482812,0.1903597134682622
0.652029826014913,0.8999613750482812,0.1902687303425905
0.6522369511184756,0.8999613750482812,0.1902370795935988
0.6524440762220381,0.8999613750482812,0.190208344130068
0.6526512013256006,0.8999613750482812,0.1901116025693222
0.6528583264291632,0.8999613750482812,0.1900718815173843
0.6530654515327258,0.8999613750482812,0.1900571357436919
0.6532725766362883,0.8999613750482812,0.1900421895236744
0.6534797017398508,0.8999613750482812,0.1900038617953605
0.6536868268434134,0.8999613750482812,0.1899551055106825
0.653893951946976,0.8999613750482812,0.1899351892612101
0.6541010770505385,0.8999613750482812,0.1898516895800124
0.6543082021541011,0.8999613750482812,0.1898258510070919
0.6545153272576636,0.8999613750482812,0.1898021829288333
0.6545153272576636,0.9003476245654692,0.1897779503801093
0.6547224523612262,0.9003476245654692,0.1897609071558165
0.6549295774647887,0.9003476245654692,0.1897475947192822
0.6551367025683513,0.9003476245654692,0.1897284150998623
0.6553438276719138,0.9003476245654692,0.1897197374144706
0.6555509527754764,0.9003476245654692,0.1896736769492576
0.6555509527754764,0.9007338740826574,0.189644213262703
0.655758077879039,0.9007338740826574,0.1895865898452006
0.6559652029826015,0.9007338740826574,0.1895723907968416
0.656172328086164,0.9007338740826574,0.1895305907046062
0.6563794531897266,0.9007338740826574,0.1892346467323471
0.6563794531897266,0.9011201235998455,0.1891374592360752
0.6563794531897266,0.9015063731170336,0.1891358838576827
0.6565865782932891,0.9015063731170336,0.1891004368126857
0.6567937033968517,0.9015063731170336,0.1890179523747628
0.6570008285004143,0.9015063731170336,0.1890090827192243
0.6572079536039768,0.9015063731170336,0.1890054434888323
0.6574150787075393,0.9015063731170336,0.1889810310555753
0.6574150787075393,0.9018926226342217,0.1888916330239805
0.6576222038111019,0.9018926226342217,0.1888853885479976
0.6578293289146645,0.9018926226342217,0.1888737178043668
0.658036454018227,0.9018926226342217,0.1887688594787223
0.658036454018227,0.9022788721514098,0.1886509758069168
0.6582435791217895,0.9022788721514098,0.1886383660402471
0.6584507042253521,0.9022788721514098,0.1885449312695574
0.6586578293289147,0.9022788721514098,0.1885315981473861
0.6588649544324772,0.9022788721514098,0.1885048027204371
0.6590720795360397,0.9022788721514098,0.188456581456147
0.6592792046396023,0.9022788721514098,0.1884492840049041
0.6594863297431649,0.9022788721514098,0.188404327777
0.6596934548467275,0.9022788721514098,0.1883876236362096
0.65990057995029,0.9022788721514098,0.1883155856757082
0.6601077050538525,0.9022788721514098,0.1882399612851488
0.6603148301574151,0.9022788721514098,0.1880437304411048
0.6605219552609777,0.9022788721514098,0.188014721688012
0.6607290803645401,0.9022788721514098,0.1879281384579438
0.6609362054681027,0.9022788721514098,0.187927407020169
0.6611433305716653,0.9022788721514098,0.1877910780814076
0.6611433305716653,0.9026651216685979,0.1877909021807673
0.6611433305716653,0.903051371185786,0.1877330840014414
0.6611433305716653,0.9034376207029742,0.1876849274524375
0.6613504556752279,0.9034376207029742,0.1876663373857324
0.6615575807787903,0.9034376207029742,0.1876412361944624
0.6617647058823529,0.9034376207029742,0.1876325148601363
0.6619718309859155,0.9034376207029742,0.1874641314511194
0.6621789560894781,0.9034376207029742,0.1874314037794337
0.6621789560894781,0.9038238702201622,0.1873890351759109
0.6623860811930405,0.9038238702201622,0.1872941233161028
0.6625932062966031,0.9038238702201622,0.1872756061735837
0.6628003314001657,0.9038238702201622,0.1872165045422405
0.6630074565037283,0.9038238702201622,0.1871136082467017
0.6632145816072909,0.9038238702201622,0.1871079783494679
0.6632145816072909,0.9042101197373503,0.1870660348489964
0.6634217067108533,0.9042101197373503,0.1870095605726335
0.6636288318144159,0.9042101197373503,0.1869904307835466
0.6638359569179785,0.9042101197373503,0.1868482704943494
0.664043082021541,0.9042101197373503,0.186847830912026
0.664043082021541,0.9045963692545385,0.1868465781724927
0.664043082021541,0.9049826187717266,0.1868219391473111
0.6642502071251035,0.9049826187717266,0.1866817574248727
0.6644573322286661,0.9049826187717266,0.1866573459517786
0.6646644573322287,0.9049826187717266,0.1866480069574246
0.6648715824357913,0.9049826187717266,0.1865487685320867
0.6650787075393537,0.9049826187717266,0.1865037069410327
0.6652858326429163,0.9049826187717266,0.1864869853607172
0.6654929577464789,0.9049826187717266,0.1864820586248154
0.6657000828500415,0.9049826187717266,0.1864535490462565
0.6657000828500415,0.9053688682889146,0.1864450836604205
0.665907207953604,0.9053688682889146,0.1864151806392109
0.6661143330571665,0.9053688682889146,0.1864046258151687
0.6663214581607291,0.9053688682889146,0.1863825175322101
0.6665285832642917,0.9053688682889146,0.1863460569835341
0.6667357083678542,0.9053688682889146,0.186337063281639
0.6669428334714167,0.9053688682889146,0.1863006822484805
0.6671499585749793,0.9053688682889146,0.1862978639328217
0.6673570836785419,0.9053688682889146,0.1862654743376845
0.6675642087821044,0.9053688682889146,0.1862200842762219
0.6677713338856669,0.9053688682889146,0.1861912324357106
0.6679784589892295,0.9053688682889146,0.1861868811731941
0.668185584092792,0.9053688682889146,0.1861662845892781
0.6683927091963546,0.9053688682889146,0.1861424029250259
0.6685998342999171,0.9053688682889146,0.1861233924848984
0.6688069594034797,0.9053688682889146,0.1860201332143697
0.6688069594034797,0.9057551178061027,0.1859965049924271
0.6690140845070423,0.9057551178061027,0.1859940244815512
0.6692212096106048,0.9057551178061027,0.1858369643559435
0.6694283347141674,0.9057551178061027,0.1857335361409724
0.6696354598177299,0.9057551178061027,0.1857020959070759
0.6698425849212924,0.9057551178061027,0.1856816211822987
0.670049710024855,0.9057551178061027,0.1856741443085357
0.6702568351284176,0.9057551178061027,0.1856710879450233
0.6702568351284176,0.9061413673232909,0.1854506822792143
0.6704639602319801,0.9061413673232909,0.1853809954725233
0.6704639602319801,0.906527616840479,0.1853398141971373
0.6706710853355426,0.906527616840479,0.1852306586757529
0.6708782104391052,0.906527616840479,0.1849897053769613
0.6710853355426678,0.906527616840479,0.1849662078119216
0.6712924606462303,0.906527616840479,0.1849661818050228
0.6712924606462303,0.906913866357667,0.184911803248144
0.6712924606462303,0.9073001158748552,0.1849091646544331
0.6714995857497928,0.9073001158748552,0.1848697123331696
0.6714995857497928,0.9076863653920433,0.1848288070217817
0.6714995857497928,0.9080726149092314,0.1847953943881315
0.6717067108533554,0.9080726149092314,0.1847605374663339
0.671913835956918,0.9080726149092314,0.1847260594703095
0.6721209610604806,0.9080726149092314,0.1846349257339772
0.672328086164043,0.9080726149092314,0.1846147729185393
0.6725352112676056,0.9080726149092314,0.1845747401823937
0.6727423363711682,0.9080726149092314,0.1844601995655498
0.6729494614747308,0.9080726149092314,0.184449602355575
0.6731565865782932,0.9080726149092314,0.1844186390053789
0.6733637116818558,0.9080726149092314,0.1843495842582997
0.6735708367854184,0.9080726149092314,0.1842748527737623
0.6735708367854184,0.9084588644264194,0.1842095654693023
0.673777961888981,0.9084588644264194,0.1841767317251027
0.6739850869925434,0.9084588644264194,0.1841503808131012
0.674192212096106,0.9084588644264194,0.1841407111717194
0.6743993371996686,0.9084588644264194,0.1841245717175312
0.6746064623032312,0.9084588644264194,0.1840511800814278
0.6746064623032312,0.9088451139436076,0.1839186739694177
0.6748135874067938,0.9088451139436076,0.1838932295323615
0.6750207125103562,0.9088451139436076,0.1836413149457822
0.6752278376139188,0.9088451139436076,0.1835528631041459
0.6754349627174814,0.9088451139436076,0.1835153500945086
0.675642087821044,0.9088451139436076,0.183480729951481
0.6758492129246064,0.9088451139436076,0.1834463818287391
0.676056338028169,0.9088451139436076,0.1833542617605452
0.6762634631317316,0.9088451139436076,0.1831968756096139
0.6764705882352942,0.9088451139436076,0.1831852054966757
0.6766777133388566,0.9088451139436076,0.1831388900660518
0.6768848384424192,0.9088451139436076,0.1831037510215999
0.6770919635459818,0.9088451139436076,0.1830834662685452
0.6770919635459818,0.9092313634607957,0.1830735870954578
0.6772990886495444,0.9092313634607957,0.183022293430833
0.6775062137531068,0.9092313634607957,0.1829672767874634
0.6777133388566694,0.9092313634607957,0.1829473454357562
0.677920463960232,0.9092313634607957,0.1828397500382161
0.677920463960232,0.9096176129779838,0.1828371514631657
0.6781275890637946,0.9096176129779838,0.1827565946103859
0.6783347141673571,0.9096176129779838,0.1827459090002328
0.6785418392709196,0.9096176129779838,0.1827421285782982
0.6787489643744822,0.9096176129779838,0.1826946249716792
0.6789560894780448,0.9096176129779838,0.1826823581878708
0.6791632145816073,0.9096176129779838,0.1826647239122531
0.6793703396851698,0.9096176129779838,0.1826365604627621
0.6793703396851698,0.9100038624951718,0.1825913204621158
0.6795774647887324,0.9100038624951718,0.1825864175629253
0.679784589892295,0.9100038624951718,0.1825855997379074
0.6799917149958575,0.9100038624951718,0.1825482881114265
0.68019884009942,0.9100038624951718,0.1824647279525957
0.68019884009942,0.91039011201236,0.1824309073401847
0.6804059652029826,0.91039011201236,0.1823749606009394
0.6804059652029826,0.9107763615295481,0.182364364962672
0.6806130903065452,0.9107763615295481,0.1823558481483718
0.6808202154101077,0.9107763615295481,0.1822406203820521
0.6808202154101077,0.9111626110467362,0.1822061677513755
0.6810273405136703,0.9111626110467362,0.1821431573407479
0.6812344656172328,0.9111626110467362,0.182035954600829
0.6814415907207954,0.9111626110467362,0.1820297530724044
0.6816487158243579,0.9111626110467362,0.1819556588735567
0.6818558409279205,0.9111626110467362,0.1819250860450844
0.682062966031483,0.9111626110467362,0.1819192029487365
0.6822700911350456,0.9111626110467362,0.1818691222780665
0.6824772162386081,0.9111626110467362,0.1818433061036125
0.6826843413421707,0.9111626110467362,0.1817244292355567
0.6828914664457332,0.9111626110467362,0.1816739495161259
0.6830985915492958,0.9111626110467362,0.1816181521353708
0.6833057166528583,0.9111626110467362,0.1815453271442129
0.6835128417564209,0.9111626110467362,0.1815263455096993
0.6837199668599834,0.9111626110467362,0.1815105471888119
0.6837199668599834,0.9115488605639243,0.1815064533606286
0.683927091963546,0.9115488605639243,0.181490957295378
0.6841342170671085,0.9115488605639243,0.1814748873118204
0.6843413421706711,0.9115488605639243,0.181442463186825
0.6845484672742337,0.9115488605639243,0.1814244409245111
0.6847555923777962,0.9115488605639243,0.1813281869422565
0.6849627174813587,0.9115488605639243,0.1812062846420422
0.6849627174813587,0.9119351100811124,0.1812054399687125
0.6851698425849213,0.9119351100811124,0.1811786340467046
0.6853769676884839,0.9119351100811124,0.1811433846120164
0.6855840927920464,0.9119351100811124,0.1810568861514184
0.6857912178956089,0.9119351100811124,0.1810481893481799
0.6859983429991715,0.9119351100811124,0.1809292603575031
0.6862054681027341,0.9119351100811124,0.1809269798547828
0.6864125932062966,0.9119351100811124,0.1808735057681447
0.6864125932062966,0.9123213595983005,0.1808147233015816
0.6864125932062966,0.9127076091154886,0.1807985789754621
0.6866197183098591,0.9127076091154886,0.1807644574066596
0.6868268434134217,0.9127076091154886,0.1807492342216488
0.6868268434134217,0.9130938586326767,0.1807114493323995
0.6870339685169843,0.9130938586326767,0.1806880938421284
0.6872410936205469,0.9130938586326767,0.1806751398031568
0.6874482187241093,0.9130938586326767,0.1806548143188368
0.6876553438276719,0.9130938586326767,0.1806237717081454
0.6878624689312345,0.9130938586326767,0.1805728385317556
0.6880695940347971,0.9130938586326767,0.1805664860323313
0.6882767191383595,0.9130938586326767,0.1805393121625167
0.6884838442419221,0.9130938586326767,0.1804852842959516
0.6886909693454847,0.9130938586326767,0.1804808716754747
0.6888980944490473,0.9130938586326767,0.1804691973290582
0.6891052195526097,0.9130938586326767,0.1804227019058424
0.6893123446561723,0.9130938586326767,0.1803750167951513
0.6893123446561723,0.9134801081498648,0.1803631468395538
0.6895194697597349,0.9134801081498648,0.1803378686741589
0.6897265948632975,0.9134801081498648,0.1803150929915978
0.68993371996686,0.9134801081498648,0.1803092913751041
0.6901408450704225,0.9134801081498648,0.1803008127759101
0.6903479701739851,0.9134801081498648,0.1802925507819596
0.6905550952775477,0.9134801081498648,0.1802814461905939
0.6907622203811102,0.9134801081498648,0.1802412156784497
0.6909693454846727,0.9134801081498648,0.1802355969276147
0.6911764705882353,0.9134801081498648,0.180229126592271
0.6911764705882353,0.9138663576670529,0.1802255724776873
0.6913835956917979,0.9138663576670529,0.1802142917890236
0.6915907207953604,0.9138663576670529,0.1801988525268625
0.6917978458989229,0.9138663576670529,0.1801755009259196
0.6920049710024855,0.9138663576670529,0.1801343687297812
0.6922120961060481,0.9138663576670529,0.1801144788116181
0.6924192212096106,0.9138663576670529,0.1800988975050947
0.6924192212096106,0.9142526071842411,0.1800897340294325
0.6926263463131731,0.9142526071842411,0.1800791096760184
0.6928334714167357,0.9142526071842411,0.1800553754904839
0.6928334714167357,0.9146388567014291,0.1800506156289028
0.6930405965202983,0.9146388567014291,0.1800474837718775
0.6932477216238608,0.9146388567014291,0.1800273742197417
0.6934548467274234,0.9146388567014291,0.1798532346466348
0.6936619718309859,0.9146388567014291,0.1797840401194244
0.6938690969345485,0.9146388567014291,0.1797261664624706
0.6938690969345485,0.9150251062186172,0.1796948478907853
0.694076222038111,0.9150251062186172,0.1796918378785143
0.6942833471416736,0.9150251062186172,0.1796548774541813
0.6944904722452361,0.9150251062186172,0.1795225687247158
0.6946975973487987,0.9150251062186172,0.1794785602194817
0.6949047224523612,0.9150251062186172,0.179473729581232
0.6951118475559238,0.9150251062186172,0.1794302616758116
0.6953189726594863,0.9150251062186172,0.1793637236239039
0.6955260977630489,0.9150251062186172,0.1793341636759593
0.6957332228666114,0.9150251062186172,0.1793248587788011
0.6957332228666114,0.9154113557358053,0.1793052078750758
0.695940347970174,0.9154113557358053,0.1792904582864474
0.695940347970174,0.9157976052529935,0.179289502459534
0.6961474730737366,0.9157976052529935,0.1792663607933003
0.6963545981772991,0.9157976052529935,0.1792119931443315
0.6963545981772991,0.9161838547701815,0.1791416857140598
0.6965617232808616,0.9161838547701815,0.1791061550008161
0.6967688483844242,0.9161838547701815,0.1790987792116823
0.6969759734879868,0.9161838547701815,0.1790333730475554
0.6971830985915493,0.9161838547701815,0.178964997933616
0.6973902236951118,0.9161838547701815,0.178954372497132
0.6973902236951118,0.9165701042873696,0.1789304329261289
0.6975973487986744,0.9165701042873696,0.17885527027761
0.697804473902237,0.9165701042873696,0.1788372177122437
0.6980115990057995,0.9165701042873696,0.1787860390971861
0.6980115990057995,0.9169563538045578,0.1786631222987255
0.698218724109362,0.9169563538045578,0.1786288986979308
0.6984258492129246,0.9169563538045578,0.1786218006958981
0.6984258492129246,0.9173426033217459,0.1786028394031152
0.6986329743164872,0.9173426033217459,0.1785884221144563
0.6988400994200498,0.9173426033217459,0.1784592946579726
0.6990472245236122,0.9173426033217459,0.1784466401212151
0.6992543496271748,0.9173426033217459,0.1784448534528965
0.6994614747307374,0.9173426033217459,0.1784444231391335
0.6996685998343,0.9173426033217459,0.1784255275596168
0.6998757249378624,0.9173426033217459,0.1782810416245759
0.700082850041425,0.9173426033217459,0.1782360916484539
0.7002899751449876,0.9173426033217459,0.1781612423729377
0.7002899751449876,0.9177288528389339,0.1781147312600287
0.7004971002485502,0.9177288528389339,0.1780736073018217
0.7007042253521126,0.9177288528389339,0.1779481201597182
0.7007042253521126,0.918115102356122,0.1778092155652326
0.7009113504556752,0.918115102356122,0.1777789190730961
0.7011184755592378,0.918115102356122,0.1777085521411974
0.7013256006628004,0.918115102356122,0.1776473612199162
0.7015327257663628,0.918115102356122,0.1776265639687973
0.7015327257663628,0.9185013518733102,0.1776251302467592
0.7015327257663628,0.9188876013904983,0.1776140701265606
0.7017398508699254,0.9188876013904983,0.1776023434706342
0.701946975973488,0.9188876013904983,0.1775663071385224
0.7021541010770506,0.9188876013904983,0.1774706684451614
0.7023612261806131,0.9188876013904983,0.1774648995782982
0.7023612261806131,0.9192738509076863,0.1774275331726465
0.7023612261806131,0.9196601004248744,0.1774104126063692
0.7025683512841756,0.9196601004248744,0.1772835386565213
0.7027754763877382,0.9196601004248744,0.1772667022362379
0.7029826014913008,0.9196601004248744,0.1771859265519785
0.7031897265948633,0.9196601004248744,0.1771763277489304
0.7033968516984258,0.9196601004248744,0.1771689041988121
0.7036039768019884,0.9196601004248744,0.1771483832072734
0.7036039768019884,0.9200463499420626,0.1771456768069161
0.703811101905551,0.9200463499420626,0.1771309633927916
0.7040182270091135,0.9200463499420626,0.1771098319276571
0.704225352112676,0.9200463499420626,0.1770446428486576
0.7044324772162386,0.9200463499420626,0.1770412840659533
0.7044324772162386,0.9204325994592507,0.1769554191389236
0.7046396023198012,0.9204325994592507,0.1769509952300059
0.7048467274233637,0.9204325994592507,0.1769422755861951
0.7050538525269263,0.9204325994592507,0.1769098689829192
0.7052609776304888,0.9204325994592507,0.1769016784960418
0.7054681027340514,0.9204325994592507,0.1768865150625471
0.7056752278376139,0.9204325994592507,0.1768601906948895
0.7056752278376139,0.9208188489764387,0.1768435344501682
0.7058823529411765,0.9208188489764387,0.1767997867933753
0.706089478044739,0.9208188489764387,0.17677677889326
0.7062966031483016,0.9208188489764387,0.176697068427365
0.7065037282518641,0.9208188489764387,0.1766812355262307
0.7067108533554267,0.9208188489764387,0.1766438914537048
0.7069179784589892,0.9208188489764387,0.1765648605482011
0.7071251035625518,0.9208188489764387,0.1765144110881132
0.7073322286661143,0.9208188489764387,0.1764600418557986
0.7075393537696769,0.9208188489764387,0.1764039396214208
0.7077464788732394,0.9208188489764387,0.17640050885099
0.707953603976802,0.9208188489764387,0.1763825459976393
0.7081607290803645,0.9208188489764387,0.1762420886464111
0.7083678541839271,0.9208188489764387,0.1762355291660932
0.7085749792874897,0.9208188489764387,0.176159052380189
0.7087821043910522,0.9208188489764387,0.1760914109423838
0.7089892294946147,0.9208188489764387,0.1760688936738526
0.7091963545981773,0.9208188489764387,0.1760603653879936
0.7094034797017399,0.9208188489764387,0.1760236312100921
0.7096106048053024,0.9208188489764387,0.1760026125681959
0.7098177299088649,0.9208188489764387,0.1758888053801988
0.7100248550124275,0.9208188489764387,0.1758477174444179
0.7102319801159901,0.9208188489764387,0.1758262905032218
0.7104391052195526,0.9208188489764387,0.1758119210099032
0.7106462303231151,0.9208188489764387,0.1758006178364436
0.7108533554266777,0.9208188489764387,0.1757381758876176
0.7110604805302403,0.9208188489764387,0.1756945989023756
0.7112676056338029,0.9208188489764387,0.175632473616778
0.7114747307373653,0.9208188489764387,0.1756116958166899
0.7116818558409279,0.9208188489764387,0.1756093975810719
0.7118889809444905,0.9208188489764387,0.1756070038227173
0.7120961060480531,0.9208188489764387,0.1755661521390129
0.7123032311516155,0.9208188489764387,0.1755425353597335
0.7125103562551781,0.9208188489764387,0.1755419559026942
0.7127174813587407,0.9208188489764387,0.1755141235086007
0.7129246064623033,0.9208188489764387,0.1754746253077291
0.7131317315658657,0.9208188489764387,0.1754707879853543
0.7133388566694283,0.9208188489764387,0.1753825505138813
0.7135459817729909,0.9208188489764387,0.1753591114813713
0.7137531068765535,0.9208188489764387,0.175356478326272
0.713960231980116,0.9208188489764387,0.1753197515727723
0.7141673570836785,0.9208188489764387,0.1752990950762806
0.7143744821872411,0.9208188489764387,0.1752616185635865
0.7145816072908037,0.9208188489764387,0.1752412036264538
0.7147887323943662,0.9208188489764387,0.1752225558649542
0.7149958574979287,0.9208188489764387,0.1749840079022939
0.7152029826014913,0.9208188489764387,0.1749552386623531
0.7154101077050539,0.9208188489764387,0.1748414297149798
0.7156172328086164,0.9208188489764387,0.1748406167197677
0.7158243579121789,0.9208188489764387,0.1747516102726129
0.7160314830157415,0.9208188489764387,0.17472640016252
0.7162386081193041,0.9208188489764387,0.1747243231198594
0.7164457332228666,0.9208188489764387,0.1746050033971663
0.7166528583264291,0.9208188489764387,0.1745692082842727
0.7168599834299917,0.9208188489764387,0.1745471526972278
0.7170671085335543,0.9208188489764387,0.174543778382463
0.7170671085335543,0.9212050984936269,0.1744555592795817
0.7172742336371168,0.9212050984936269,0.1744266260378256
0.7174813587406794,0.9212050984936269,0.1743841296998584
0.7176884838442419,0.9212050984936269,0.1743504158328425
0.7178956089478045,0.9212050984936269,0.1743380315987653
0.718102734051367,0.9212050984936269,0.1743250899001857
0.7183098591549296,0.9212050984936269,0.1742494548860625
0.7185169842584921,0.9212050984936269,0.1742022247853304
0.7187241093620547,0.9212050984936269,0.174112270229348
0.7189312344656172,0.9212050984936269,0.1741077771687832
0.7191383595691798,0.9212050984936269,0.1741026145041721
0.7191383595691798,0.921591348010815,0.1740724717189528
0.7193454846727423,0.921591348010815,0.1740598223129014
0.7193454846727423,0.9219775975280031,0.1740352025234399
0.7195526097763049,0.9219775975280031,0.1739852240070817
0.7195526097763049,0.9223638470451911,0.1739620585039771
0.7197597348798674,0.9223638470451911,0.1738983933327463
0.71996685998343,0.9223638470451911,0.1738140518417223
0.7201739850869926,0.9223638470451911,0.1737127543673659
0.7203811101905551,0.9223638470451911,0.1736859798348385
0.7205882352941176,0.9223638470451911,0.173679188948335
0.7205882352941176,0.9227500965623793,0.1736733128930143
0.7207953603976802,0.9227500965623793,0.1736404966026075
0.7210024855012428,0.9227500965623793,0.1736114231637084
0.7212096106048053,0.9227500965623793,0.1735428617413103
0.7212096106048053,0.9231363460795674,0.1734756197004751
0.7212096106048053,0.9235225955967555,0.1734349919064782
0.7214167357083678,0.9235225955967555,0.1734281950687359
0.7216238608119304,0.9235225955967555,0.1733976365553279
0.721830985915493,0.9235225955967555,0.1732502430457623
0.7220381110190555,0.9235225955967555,0.1732444294573706
0.722245236122618,0.9235225955967555,0.173221281483579
0.7224523612261806,0.9235225955967555,0.1732127702130652
0.7226594863297432,0.9235225955967555,0.1732120346899638
0.7226594863297432,0.9239088451139436,0.1730995733081061
0.7228666114333057,0.9239088451139436,0.1730669997338643
0.7230737365368682,0.9239088451139436,0.1730658474739291
0.7232808616404308,0.9239088451139436,0.1730646441796286
0.7234879867439934,0.9239088451139436,0.1729894523751634
0.723695111847556,0.9239088451139436,0.1729575700558325
0.7239022369511184,0.9239088451139436,0.1728341238773445
0.724109362054681,0.9239088451139436,0.1728039099213825
0.7243164871582436,0.9239088451139436,0.1727955490430678
0.7245236122618062,0.9239088451139436,0.172705924764201
0.7247307373653686,0.9239088451139436,0.1726618703790413
0.7249378624689312,0.9239088451139436,0.1726380758516875
0.7249378624689312,0.9242950946311317,0.1726137811429879
0.7251449875724938,0.9242950946311317,0.1725578297967176
0.7253521126760564,0.9242950946311317,0.1725408283390373
0.7255592377796188,0.9242950946311317,0.1725379344370469
0.7257663628831814,0.9242950946311317,0.1723840575005795
0.725973487986744,0.9242950946311317,0.1723658631419468
0.7261806130903066,0.9242950946311317,0.1723479737419936
0.7263877381938691,0.9242950946311317,0.172342856970151
0.7265948632974316,0.9242950946311317,0.1722514672543222
0.7268019884009942,0.9242950946311317,0.1722435458157792
0.7270091135045568,0.9242950946311317,0.1721999120160786
0.7272162386081193,0.9242950946311317,0.1721962692035328
0.7274233637116818,0.9242950946311317,0.1721845140185425
0.7274233637116818,0.9246813441483198,0.1719315050080044
0.7276304888152444,0.9246813441483198,0.1718525381418963
0.7276304888152444,0.925067593665508,0.1718487405292131
0.727837613918807,0.925067593665508,0.1718358735903268
0.7280447390223695,0.925067593665508,0.1717741786024159
0.728251864125932,0.925067593665508,0.1717737730218413
0.728251864125932,0.925453843182696,0.1717082466869996
0.7284589892294946,0.925453843182696,0.1717040835527237
0.7286661143330572,0.925453843182696,0.1716791572520147
0.7288732394366197,0.925453843182696,0.1716437807371498
0.7290803645401823,0.925453843182696,0.1716261803453616
0.7292874896437448,0.925453843182696,0.1715485975510964
0.7294946147473074,0.925453843182696,0.1715349024181411
0.72970173985087,0.925453843182696,0.1715171780100748
0.7299088649544325,0.925453843182696,0.1714737835819499
0.7299088649544325,0.9258400926998841,0.171463249730094
0.7299088649544325,0.9262263422170722,0.1714197124432147
0.730115990057995,0.9262263422170722,0.171395253298659
0.7303231151615576,0.9262263422170722,0.171389492600701
0.7305302402651201,0.9262263422170722,0.1713246681517733
0.7305302402651201,0.9266125917342604,0.1712545831576907
0.7307373653686827,0.9266125917342604,0.171250218606473
0.7309444904722452,0.9266125917342604,0.1712176816413926
0.7311516155758078,0.9266125917342604,0.1709846031623068
0.7313587406793703,0.9266125917342604,0.1709559142755594
0.7315658657829329,0.9266125917342604,0.1709544004897297
0.7315658657829329,0.9269988412514485,0.1706937541450145
0.7315658657829329,0.9273850907686365,0.1706738720548231
0.7317729908864954,0.9273850907686365,0.1706233753001413
0.731980115990058,0.9273850907686365,0.170573671452126
0.7321872410936205,0.9273850907686365,0.1705264655519524
0.7321872410936205,0.9277713402858246,0.1704901490826399
0.7323943661971831,0.9277713402858246,0.1704355331410394
0.7326014913007457,0.9277713402858246,0.1704141432253063
0.7326014913007457,0.9281575898030128,0.1703928249098474
0.7328086164043082,0.9281575898030128,0.1703841769277489
0.7328086164043082,0.9285438393202009,0.170349874944357
0.7330157415078707,0.9285438393202009,0.1703172270630777
0.7332228666114333,0.9285438393202009,0.1703140955537177
0.7334299917149959,0.9285438393202009,0.1703069734526402
0.7336371168185584,0.9285438393202009,0.1701587277241728
0.7338442419221209,0.9285438393202009,0.1701069531315676
0.7340513670256835,0.9285438393202009,0.1700748690926398
0.7342584921292461,0.9285438393202009,0.1699602525648862
0.7344656172328086,0.9285438393202009,0.1699404506409045
0.7346727423363711,0.9285438393202009,0.1699306725768141
0.7348798674399337,0.9285438393202009,0.1697297481800896
0.7348798674399337,0.9289300888373889,0.1697072785349195
0.7348798674399337,0.929316338354577,0.1696807149166541
0.7348798674399337,0.9297025878717652,0.1696504543611595
0.7350869925434963,0.9297025878717652,0.1696449083343821
0.7352941176470589,0.9297025878717652,0.1696261503020467
0.7355012427506213,0.9297025878717652,0.169619938320715
0.7357083678541839,0.9297025878717652,0.1696060575944399
0.7359154929577465,0.9297025878717652,0.1695045470817314
0.7361226180613091,0.9297025878717652,0.1695010208971669
0.7363297431648715,0.9297025878717652,0.1694332594754266
0.7365368682684341,0.9297025878717652,0.169380102682795
0.7365368682684341,0.9300888373889533,0.169363078359786
0.7365368682684341,0.9304750869061413,0.1693193119459656
0.7367439933719967,0.9304750869061413,0.1691775294186011
0.7369511184755593,0.9304750869061413,0.1691206119908116
0.7371582435791217,0.9304750869061413,0.1690630118895342
0.7371582435791217,0.9308613364233295,0.1690490166500603
0.7373653686826843,0.9308613364233295,0.169032035507762
0.7375724937862469,0.9308613364233295,0.1690153038389783
0.7377796188898095,0.9308613364233295,0.1689243673907217
0.737986743993372,0.9308613364233295,0.1687907755642744
0.7381938690969345,0.9308613364233295,0.1687218039618039
0.7384009942004971,0.9308613364233295,0.1687155714454697
0.7384009942004971,0.9312475859405176,0.1687086902988719
0.7384009942004971,0.9316338354577057,0.1686764164600326
0.7384009942004971,0.9320200849748937,0.1686180010830199
0.7386081193040597,0.9320200849748937,0.1686083482494094
0.7388152444076223,0.9320200849748937,0.1685383993028472
0.7390223695111847,0.9320200849748937,0.1685234073671553
0.7392294946147473,0.9320200849748937,0.168488153455025
0.7392294946147473,0.9324063344920819,0.1684593513387883
0.7394366197183099,0.9324063344920819,0.1683547495492004
0.7396437448218725,0.9324063344920819,0.1683139820387703
0.7398508699254349,0.9324063344920819,0.1682740145253502
0.7400579950289975,0.9324063344920819,0.1681326181425957
0.7402651201325601,0.9324063344920819,0.1680566625162347
0.7402651201325601,0.93279258400927,0.1680474091549195
0.7404722452361227,0.93279258400927,0.1679323003681657
0.7404722452361227,0.9331788335264581,0.1678918222476763
0.7406793703396851,0.9331788335264581,0.1678835486603409
0.7408864954432477,0.9331788335264581,0.1678828082101124
0.7410936205468103,0.9331788335264581,0.1677467092339057
0.7413007456503728,0.9331788335264581,0.1677215940458571
0.7415078707539354,0.9331788335264581,0.1676951649192726
0.7417149958574979,0.9331788335264581,0.1676867288706542
0.7417149958574979,0.9335650830436462,0.167514816551462
0.7419221209610605,0.9335650830436462,0.1674348052542034
0.742129246064623,0.9335650830436462,0.1674314293198337
0.7423363711681856,0.9335650830436462,0.1673756166969509
0.7425434962717481,0.9335650830436462,0.167341353521215
0.7427506213753107,0.9335650830436462,0.1672628556356413
0.7429577464788732,0.9335650830436462,0.1672611758677821
0.7431648715824358,0.9335650830436462,0.1672341158015623
0.7433719966859983,0.9335650830436462,0.1672154037740057
0.7433719966859983,0.9339513325608343,0.1672115465142277
0.7435791217895609,0.9339513325608343,0.1671346093246314
0.7437862468931234,0.9339513325608343,0.1671199029847058
0.743993371996686,0.9339513325608343,0.1670971530677585
0.7442004971002486,0.9339513325608343,0.1669757473428333
0.7442004971002486,0.9343375820780224,0.1669169257552433
0.7444076222038111,0.9343375820780224,0.1669125826639881
0.7446147473073736,0.9343375820780224,0.1669124954579163
0.7448218724109362,0.9343375820780224,0.1667772437608243
0.7450289975144988,0.9343375820780224,0.1667164494617161
0.7452361226180613,0.9343375820780224,0.1666992024010681
0.7454432477216238,0.9343375820780224,0.1666501464057416
0.7456503728251864,0.9343375820780224,0.1665784147099436
0.745857497928749,0.9343375820780224,0.1665157489690467
0.7460646230323115,0.9343375820780224,0.166481620459042
0.7460646230323115,0.9347238315952106,0.1664303866531941
0.746271748135874,0.9347238315952106,0.166414423551217
0.7464788732394366,0.9347238315952106,0.1664006348561726
0.7466859983429992,0.9347238315952106,0.1663919788214031
0.7468931234465617,0.9347238315952106,0.1663592802146019
0.7471002485501242,0.9347238315952106,0.1663421721285957
0.7471002485501242,0.9351100811123986,0.1663009052971578
0.7473073736536868,0.9351100811123986,0.1662225951407248
0.7475144987572494,0.9351100811123986,0.1661923082633778
0.747721623860812,0.9351100811123986,0.1661750756356749
0.7479287489643744,0.9351100811123986,0.1661169151759365
0.748135874067937,0.9351100811123986,0.1660728320753065
0.7483429991714996,0.9351100811123986,0.1660677286583625
0.7485501242750622,0.9351100811123986,0.1660654584459371
0.7487572493786246,0.9351100811123986,0.1660225129165543
0.7489643744821872,0.9351100811123986,0.1660220894647639
0.7491714995857498,0.9351100811123986,0.1658941188808173
0.7493786246893124,0.9351100811123986,0.1658106630943108
0.7495857497928748,0.9351100811123986,0.1657729542451805
0.7497928748964374,0.9351100811123986,0.1657683295934205
0.75,0.9351100811123986,0.1657674331601536
0.7502071251035626,0.9351100811123986,0.1655792842314012
0.7504142502071252,0.9351100811123986,0.1655682737511926
0.7506213753106876,0.9351100811123986,0.1655395017496684
0.7508285004142502,0.9351100811123986,0.1654833412494796
0.7510356255178128,0.9351100811123986,0.1654657116254366
0.7512427506213754,0.9351100811123986,0.1654558138686782
0.7514498757249378,0.9351100811123986,0.1653274552487762
0.7516570008285004,0.9351100811123986,0.1652685167508996
0.7516570008285004,0.9354963306295867,0.1652566573220635
0.751864125932063,0.9354963306295867,0.1651932644960372
0.7520712510356256,0.9354963306295867,0.1651187945370872
0.752278376139188,0.9354963306295867,0.1650376659093521
0.752278376139188,0.9358825801467748,0.1649694509267572
0.752278376139188,0.936268829663963,0.164849560259518
0.7524855012427506,0.936268829663963,0.164813596728365
0.7526926263463132,0.936268829663963,0.1647988959153924
0.7528997514498758,0.936268829663963,0.1647793288362437
0.7531068765534383,0.936268829663963,0.1646942215975586
0.7533140016570008,0.936268829663963,0.1646158209406204
0.7535211267605634,0.936268829663963,0.1646141454645948
0.753728251864126,0.936268829663963,0.1645258872179389
0.7539353769676885,0.936268829663963,0.1644793678547187
0.754142502071251,0.936268829663963,0.1644434217607437
0.754142502071251,0.936655079181151,0.1644320898916517
0.7543496271748136,0.936655079181151,0.1643774203161283
0.7545567522783762,0.936655079181151,0.1643494948583869
0.7547638773819387,0.936655079181151,0.1643384341168612
0.7549710024855012,0.936655079181151,0.1642632278732549
0.7551781275890638,0.936655079181151,0.1641610140686043
0.7553852526926264,0.936655079181151,0.1641553340169199
0.7555923777961889,0.936655079181151,0.164107931046064
0.7557995028997514,0.936655079181151,0.1640842487950268
0.756006628003314,0.936655079181151,0.1640522324788122
0.7562137531068766,0.936655079181151,0.1640016794281273
0.7564208782104391,0.936655079181151,0.1639960792402766
0.7566280033140017,0.936655079181151,0.163937339447302
0.7568351284175642,0.936655079181151,0.1639000180446399
0.7568351284175642,0.9370413286983391,0.1638793982353376
0.7570422535211268,0.9370413286983391,0.1638769743062943
0.7572493786246893,0.9370413286983391,0.1638756298807387
0.7572493786246893,0.9374275782155272,0.1638270951994492
0.7574565037282519,0.9374275782155272,0.1637914700116962
0.7576636288318144,0.9374275782155272,0.163690856352038
0.7576636288318144,0.9378138277327154,0.1636782896642244
0.757870753935377,0.9378138277327154,0.1636055335852314
0.7580778790389395,0.9378138277327154,0.16359075818133
0.7580778790389395,0.9382000772499034,0.163536108639749
0.7580778790389395,0.9385863267670915,0.1635275653742166
0.7582850041425021,0.9385863267670915,0.1635019768653035
0.7584921292460646,0.9385863267670915,0.1634608925323384
0.7586992543496272,0.9385863267670915,0.1632758665763116
0.7589063794531897,0.9385863267670915,0.1632241878571521
0.7591135045567523,0.9385863267670915,0.1631877360973323
0.7593206296603149,0.9385863267670915,0.1631481686606731
0.7595277547638773,0.9385863267670915,0.1630891828810171
0.7597348798674399,0.9385863267670915,0.1630676967640448
0.7597348798674399,0.9389725762842797,0.1629389200792141
0.7599420049710025,0.9389725762842797,0.1629082962083956
0.7601491300745651,0.9389725762842797,0.1628819020181744
0.7601491300745651,0.9393588258014678,0.1628466043965292
0.7603562551781275,0.9393588258014678,0.1628156302011601
0.7605633802816901,0.9393588258014678,0.1627541092270024
0.7607705053852527,0.9393588258014678,0.1626963538129688
0.7609776304888153,0.9393588258014678,0.162591486493268
0.7611847555923777,0.9393588258014678,0.1625692143446769
0.7613918806959403,0.9393588258014678,0.1625681133870899
0.7615990057995029,0.9393588258014678,0.1625653100881368
0.7618061309030655,0.9393588258014678,0.1624313359400039
0.7618061309030655,0.9397450753186558,0.1624277672419087
0.762013256006628,0.9397450753186558,0.1623410023148236
0.762013256006628,0.9401313248358439,0.1622958753315093
0.7622203811101905,0.9401313248358439,0.1622286409965412
0.7624275062137531,0.9401313248358439,0.1622214276328251
0.7626346313173157,0.9401313248358439,0.1622143087629827
0.7628417564208783,0.9401313248358439,0.1620943024659946
0.7630488815244407,0.9401313248358439,0.1620334075066189
0.7632560066280033,0.9401313248358439,0.1620212636346542
0.7634631317315659,0.9401313248358439,0.1620110685144799
0.7636702568351285,0.9401313248358439,0.1619459438950746
0.7638773819386909,0.9401313248358439,0.1619414424834399
0.7640845070422535,0.9401313248358439,0.1618783694884565
0.7640845070422535,0.9405175743530321,0.1618777170158759
0.7642916321458161,0.9405175743530321,0.1617945064584057
0.7644987572493787,0.9405175743530321,0.1617671115790251
0.7647058823529411,0.9405175743530321,0.1617665205919189
0.7649130074565037,0.9405175743530321,0.1617538909846348
0.7651201325600663,0.9405175743530321,0.161753008694481
0.7653272576636289,0.9405175743530321,0.161719647248957
0.7655343827671914,0.9405175743530321,0.1616805262423225
0.7657415078707539,0.9405175743530321,0.1616449950623611
0.7657415078707539,0.9409038238702202,0.1616245811035697
0.7659486329743165,0.9409038238702202,0.1615596822311802
0.7661557580778791,0.9409038238702202,0.1615180432887889
0.7663628831814416,0.9409038238702202,0.1613979953332405
0.7665700082850041,0.9409038238702202,0.1613276373166575
0.7667771333885667,0.9409038238702202,0.1612906015515326
0.7669842584921293,0.9409038238702202,0.1612841398929515
0.7671913835956918,0.9409038238702202,0.1612490889693081
0.7673985086992543,0.9409038238702202,0.161189018379413
0.7676056338028169,0.9409038238702202,0.1611301075810065
0.7678127589063795,0.9409038238702202,0.1609179066196016
0.768019884009942,0.9409038238702202,0.1608791723311788
0.7682270091135046,0.9409038238702202,0.1608757706998282
0.7684341342170671,0.9409038238702202,0.1608600986728701
0.7686412593206297,0.9409038238702202,0.1608331044181424
0.7688483844241922,0.9409038238702202,0.1607387884957089
0.7690555095277548,0.9409038238702202,0.1606652579954008
0.7690555095277548,0.9412900733874082,0.1606207833051599
0.7692626346313173,0.9412900733874082,0.1605746190481726
0.7694697597348799,0.9412900733874082,0.1605666890403584
0.7696768848384424,0.9412900733874082,0.1605562848305647
0.769884009942005,0.9412900733874082,0.1605161399235174
0.7700911350455675,0.9412900733874082,0.1601794025453376
0.77029826014913,0.9412900733874082,0.1601442852397587
0.7705053852526926,0.9412900733874082,0.1599359910993511
0.7707125103562552,0.9412900733874082,0.1599072926378855
0.7709196354598177,0.9412900733874082,0.1598867158885792
0.7711267605633803,0.9412900733874082,0.1598359193686006
0.7713338856669428,0.9412900733874082,0.1598308257912488
0.7715410107705054,0.9412900733874082,0.1595756708526179
0.771748135874068,0.9412900733874082,0.1595098706395208
0.771748135874068,0.9416763229045964,0.1595007708425721
0.7719552609776305,0.9416763229045964,0.1595004644901856
0.772162386081193,0.9416763229045964,0.1594634314045668
0.7723695111847556,0.9416763229045964,0.1594234479762069
0.7725766362883182,0.9416763229045964,0.1593660123915836
0.7727837613918807,0.9416763229045964,0.1593204163394793
0.7729908864954432,0.9416763229045964,0.1592212660937993
0.7731980115990058,0.9416763229045964,0.1591805885170226
0.7731980115990058,0.9420625724217845,0.1591559646401102
0.7734051367025684,0.9420625724217845,0.1590382145317105
0.7736122618061309,0.9420625724217845,0.1590334632445268
0.7736122618061309,0.9424488219389726,0.1589859004923674
0.7736122618061309,0.9428350714561606,0.158955817903973
0.7738193869096934,0.9428350714561606,0.1588370133681059
0.774026512013256,0.9428350714561606,0.1588367101369228
0.7742336371168186,0.9428350714561606,0.1587995082103618
0.7742336371168186,0.9432213209733488,0.158686156387959
0.7744407622203812,0.9432213209733488,0.1586721913622315
0.7744407622203812,0.9436075704905369,0.1586637597890263
0.7746478873239436,0.9436075704905369,0.1586491965691294
0.7748550124275062,0.9436075704905369,0.158602572591428
0.7750621375310688,0.9436075704905369,0.1585703380754664
0.7752692626346314,0.9436075704905369,0.1584116697635623
0.7754763877381938,0.9436075704905369,0.1584050419797393
0.7756835128417564,0.9436075704905369,0.1583869987721019
0.775890637945319,0.9436075704905369,0.1581102128091064
0.7760977630488816,0.9436075704905369,0.1580955939304218
0.7760977630488816,0.943993820007725,0.1580664743893559
0.776304888152444,0.943993820007725,0.1580494832161842
0.776304888152444,0.944380069524913,0.1579651303387111
0.776304888152444,0.9447663190421012,0.1579515628299021
0.7765120132560066,0.9447663190421012,0.1577670999789395
0.7767191383595692,0.9447663190421012,0.1577334244400456
0.7769262634631318,0.9447663190421012,0.1577128562967444
0.7771333885666943,0.9447663190421012,0.1577117366763958
0.7771333885666943,0.9451525685592893,0.157673434933384
0.7771333885666943,0.9455388180764774,0.1576243865103815
0.7773405136702568,0.9455388180764774,0.1576123136498219
0.7773405136702568,0.9459250675936655,0.1575556979914345
0.7775476387738194,0.9459250675936655,0.1575366330732284
0.777754763877382,0.9459250675936655,0.1574936439949317
0.7779618889809445,0.9459250675936655,0.1573703570657567
0.778169014084507,0.9459250675936655,0.1573689147736662
0.7783761391880696,0.9459250675936655,0.1573109973119634
0.7785832642916322,0.9459250675936655,0.157293767501548
0.7787903893951947,0.9459250675936655,0.1572739640214825
0.7789975144987572,0.9459250675936655,0.1572369941532112
0.7792046396023198,0.9459250675936655,0.1572305230305161
0.7792046396023198,0.9463113171108536,0.1572295840355404
0.7794117647058824,0.9463113171108536,0.1572060749229991
0.7794117647058824,0.9466975666280417,0.1570374626201437
0.7796188898094449,0.9466975666280417,0.1570197152397186
0.7798260149130074,0.9466975666280417,0.1569845500027835
0.7798260149130074,0.9470838161452299,0.1569830998124882
0.78003314001657,0.9470838161452299,0.1569771369214138
0.7802402651201326,0.9470838161452299,0.1569646981186888
0.7804473902236951,0.9470838161452299,0.1569484621009469
0.7806545153272577,0.9470838161452299,0.156931400204718
0.7808616404308202,0.9470838161452299,0.1569192701944773
0.7810687655343828,0.9470838161452299,0.1567620770731601
0.7812758906379453,0.9470838161452299,0.1567502704740292
0.7814830157415079,0.9470838161452299,0.1566823192232889
0.7816901408450704,0.9470838161452299,0.1566302099272421
0.781897265948633,0.9470838161452299,0.1566285466927427
0.7821043910521955,0.9470838161452299,0.1565465080086155
0.7821043910521955,0.9474700656624179,0.1564962640502259
0.7821043910521955,0.947856315179606,0.156480201286195
0.7823115161557581,0.947856315179606,0.156453713456928
0.7825186412593206,0.947856315179606,0.1564326930796697
0.7825186412593206,0.9482425646967941,0.1564084427980888
0.7827257663628832,0.9482425646967941,0.1564062866176812
0.7829328914664457,0.9482425646967941,0.1563565420980769
0.7829328914664457,0.9486288142139823,0.1563548782197696
0.7831400165700083,0.9486288142139823,0.1563432185512811
0.7833471416735709,0.9486288142139823,0.1562957341596764
0.7835542667771334,0.9486288142139823,0.1561176829766592
0.7837613918806959,0.9486288142139823,0.1561023741934534
0.7839685169842585,0.9486288142139823,0.155926128427656
0.7841756420878211,0.9486288142139823,0.1558705555924293
0.7843827671913836,0.9486288142139823,0.1557577727714363
0.7845898922949461,0.9486288142139823,0.1555272910827419
0.7847970173985087,0.9486288142139823,0.1555075680566756
0.7847970173985087,0.9490150637311703,0.1554992331408054
0.7850041425020713,0.9490150637311703,0.1554966150760733
0.7852112676056338,0.9490150637311703,0.1554712065062842
0.7854183927091963,0.9490150637311703,0.1553689059942727
0.7856255178127589,0.9490150637311703,0.1553663465883721
0.7858326429163215,0.9490150637311703,0.1553448611503864
0.7858326429163215,0.9494013132483584,0.1553392348117236
0.786039768019884,0.9494013132483584,0.1553271818932405
0.7862468931234465,0.9494013132483584,0.1552074224873819
0.7864540182270091,0.9494013132483584,0.1552068360079927
0.7866611433305717,0.9494013132483584,0.1551525588446742
0.7868682684341343,0.9494013132483584,0.1551332430042689
0.7870753935376967,0.9494013132483584,0.1551236164147752
0.7870753935376967,0.9497875627655465,0.1551218086332205
0.7872825186412593,0.9497875627655465,0.1550243422890055
0.7874896437448219,0.9497875627655465,0.1548532179705339
0.7876967688483845,0.9497875627655465,0.154813564974561
0.7879038939519469,0.9497875627655465,0.1548009524176972
0.7879038939519469,0.9501738122827347,0.1547616847209223
0.7881110190555095,0.9501738122827347,0.1547333222809769
0.7883181441590721,0.9501738122827347,0.1547219389263434
0.7885252692626347,0.9501738122827347,0.1546685392558865
0.7887323943661971,0.9501738122827347,0.154627065052623
0.7887323943661971,0.9505600617999227,0.1546021198034308
0.7889395194697597,0.9505600617999227,0.1545765797652079
0.7891466445733223,0.9505600617999227,0.1545138930497834
0.7893537696768849,0.9505600617999227,0.1544453441326011
0.7895608947804474,0.9505600617999227,0.1544406444686794
0.7895608947804474,0.9509463113171108,0.1543627981439827
0.7895608947804474,0.951332560834299,0.1543093054526856
0.7897680198840099,0.951332560834299,0.1542942179999935
0.7899751449875725,0.951332560834299,0.1540807999804228
0.7901822700911351,0.951332560834299,0.1539447411552676
0.7901822700911351,0.9517188103514871,0.1538842675801612
0.7903893951946976,0.9517188103514871,0.1538685555740467
0.7905965202982601,0.9517188103514871,0.1538100967702248
0.7908036454018227,0.9517188103514871,0.153713100696116
0.7908036454018227,0.9521050598686752,0.153695780069621
0.7910107705053853,0.9521050598686752,0.1536129157929002
0.7912178956089478,0.9521050598686752,0.153607037389669
0.7912178956089478,0.9524913093858632,0.1535697342025826
0.7914250207125103,0.9524913093858632,0.1535109199464809
0.7916321458160729,0.9524913093858632,0.1534400195372145
0.7918392709196355,0.9524913093858632,0.1533329341313585
0.792046396023198,0.9524913093858632,0.1533119308403707
0.7922535211267606,0.9524913093858632,0.1532784488055634
0.7924606462303231,0.9524913093858632,0.1532552242876195
0.7926677713338857,0.9524913093858632,0.1532006520736598
0.7928748964374482,0.9524913093858632,0.1530272488134357
0.7930820215410108,0.9524913093858632,0.1529250802969024
0.7932891466445733,0.9524913093858632,0.152879058826343
0.7934962717481359,0.9524913093858632,0.1527109587196694
0.7937033968516984,0.9524913093858632,0.1526922683635473
0.793910521955261,0.9524913093858632,0.1526627473191135
0.793910521955261,0.9528775589030514,0.1525612047827867
0.7941176470588235,0.9528775589030514,0.1525273000531463
0.7943247721623861,0.9528775589030514,0.1524698376759382
0.7945318972659486,0.9528775589030514,0.152452283108909
0.7947390223695112,0.9528775589030514,0.1524505995879082
0.7949461474730737,0.9528775589030514,0.1524155478005789
0.7951532725766363,0.9528775589030514,0.1523819786740969
0.7953603976801988,0.9528775589030514,0.1523420610690404
0.7953603976801988,0.9532638084202395,0.1523291093850234
0.7955675227837614,0.9532638084202395,0.1522744842974313
0.7955675227837614,0.9536500579374276,0.1521948988035076
0.795774647887324,0.9536500579374276,0.1521304386083846
0.7959817729908865,0.9536500579374276,0.1520714011984011
0.796188898094449,0.9536500579374276,0.1520327592291973
0.7963960231980116,0.9536500579374276,0.1517762330960458
0.7966031483015742,0.9536500579374276,0.1516970394610955
0.7968102734051367,0.9536500579374276,0.1516420104807169
0.7970173985086992,0.9536500579374276,0.1515751744382838
0.7970173985086992,0.9540363074546157,0.1515479664214549
0.7972245236122618,0.9540363074546157,0.1515436736369567
0.7972245236122618,0.9544225569718038,0.1515168913624477
0.7974316487158244,0.9544225569718038,0.1514578688672463
0.7976387738193869,0.9544225569718038,0.1514476492642587
0.7978458989229494,0.9544225569718038,0.1513995729743668
0.798053024026512,0.9544225569718038,0.1513505398278325
0.7982601491300746,0.9544225569718038,0.1513253246364516
0.7984672742336372,0.9544225569718038,0.1511693463274923
0.7986743993371996,0.9544225569718038,0.1511096375259359
0.7988815244407622,0.9544225569718038,0.1510620292474622
0.7988815244407622,0.9548088064889919,0.1509724975941957
0.7990886495443248,0.9548088064889919,0.150884709053559
0.7992957746478874,0.9548088064889919,0.1508244197329696
0.7995028997514498,0.9548088064889919,0.150745943518499
0.7997100248550124,0.9548088064889919,0.150713716054983
0.799917149958575,0.9548088064889919,0.150709936790353
0.799917149958575,0.95519505600618,0.1507088669027426
0.8001242750621376,0.95519505600618,0.150695898477251
0.8003314001657,0.95519505600618,0.1506705547369175
0.8003314001657,0.9555813055233681,0.1506523590087754
0.8003314001657,0.9559675550405562,0.1505311632375265
0.8005385252692626,0.9559675550405562,0.1504831394428895
0.8007456503728252,0.9559675550405562,0.1503668154259601
0.8009527754763878,0.9559675550405562,0.1503182396134447
0.8011599005799502,0.9559675550405562,0.1502394063515706
0.8013670256835128,0.9559675550405562,0.150153524648844
0.8015741507870754,0.9559675550405562,0.1501208033735747
0.801781275890638,0.9559675550405562,0.1500566485850715
0.8019884009942005,0.9559675550405562,0.1499966068501383
0.802195526097763,0.9559675550405562,0.1499875063554773
0.802195526097763,0.9563538045577443,0.1498800409952129
0.8024026512013256,0.9563538045577443,0.1498434101041903
0.8026097763048882,0.9563538045577443,0.1497906264928514
0.8028169014084507,0.9563538045577443,0.14978526718715
0.8030240265120132,0.9563538045577443,0.1497708037437047
0.8032311516155758,0.9563538045577443,0.1496046582332692
0.8034382767191384,0.9563538045577443,0.1495984312697854
0.8034382767191384,0.9567400540749325,0.1495903317343129
0.8036454018227009,0.9567400540749325,0.1495117368369408
0.8038525269262634,0.9567400540749325,0.1494777141227528
0.804059652029826,0.9567400540749325,0.1494361741299053
0.8042667771333886,0.9567400540749325,0.1493719099953719
0.8044739022369511,0.9567400540749325,0.1493317309591407
0.8046810273405137,0.9567400540749325,0.1492964250689836
0.8048881524440762,0.9567400540749325,0.1491636003773687
0.8050952775476388,0.9567400540749325,0.1490908262104814
0.8053024026512013,0.9567400540749325,0.1489521488808493
0.8053024026512013,0.9571263035921205,0.1489281754544289
0.8055095277547639,0.9571263035921205,0.148909479315713
0.8057166528583264,0.9571263035921205,0.148871213609974
0.805923777961889,0.9571263035921205,0.1488300513906922
0.805923777961889,0.9575125531093086,0.1488066127298465
0.8061309030654515,0.9575125531093086,0.1487444288727531
0.8063380281690141,0.9575125531093086,0.1486633895577328
0.8065451532725766,0.9575125531093086,0.1486483953545595
0.8067522783761392,0.9575125531093086,0.148610536283786
0.8067522783761392,0.9578988026264967,0.1485789546516032
0.8069594034797017,0.9578988026264967,0.1485265073822148
0.8071665285832643,0.9578988026264967,0.1484179094367192
0.8073736536868269,0.9578988026264967,0.1484101669036254
0.8075807787903894,0.9578988026264967,0.1484017851095196
0.8077879038939519,0.9578988026264967,0.1483835451193189
0.8079950289975145,0.9578988026264967,0.1483427176709887
0.8082021541010771,0.9578988026264967,0.1482811182754002
0.8084092792046396,0.9578988026264967,0.1482343080893278
0.8086164043082021,0.9578988026264967,0.1482270427503142
0.8086164043082021,0.9582850521436849,0.1481347540488094
0.8088235294117647,0.9582850521436849,0.1481085722599012
0.8090306545153273,0.9582850521436849,0.1480514879031229
0.8092377796188898,0.9582850521436849,0.1480032470123247
0.8094449047224523,0.9582850521436849,0.1478956862573734
0.8096520298260149,0.9582850521436849,0.1478009202240577
0.8098591549295775,0.9582850521436849,0.1477648613106593
0.81006628003314,0.9582850521436849,0.1477021814508458
0.8102734051367025,0.9582850521436849,0.147672231531933
0.8102734051367025,0.9586713016608729,0.1476455392736059
0.8104805302402651,0.9586713016608729,0.1475709930117265
0.8106876553438277,0.9586713016608729,0.1473144990529207
0.8108947804473903,0.9586713016608729,0.147252150569372
0.8111019055509527,0.9586713016608729,0.1472340313665809
0.8113090306545153,0.9586713016608729,0.1471889249708451
0.8115161557580779,0.9586713016608729,0.1471646417100558
0.8117232808616405,0.9586713016608729,0.147163581830633
0.8119304059652029,0.9586713016608729,0.1471467709833338
0.8121375310687655,0.9586713016608729,0.1471219478938321
0.8123446561723281,0.9586713016608729,0.1469989320903912
0.8125517812758907,0.9586713016608729,0.1469714372538942
0.8125517812758907,0.959057551178061,0.1469223212095862
0.8127589063794531,0.959057551178061,0.1468782121741381
0.8129660314830157,0.959057551178061,0.1468255099871863
0.8131731565865783,0.959057551178061,0.1468154639408692
0.8133802816901409,0.959057551178061,0.1467601018173678
0.8135874067937034,0.959057551178061,0.1466679835739764
0.8137945318972659,0.959057551178061,0.146656478221381
0.8140016570008285,0.959057551178061,0.1466407168032254
0.8142087821043911,0.959057551178061,0.1466346612637888
0.8142087821043911,0.9594438006952491,0.146583761980285
0.8144159072079536,0.9594438006952491,0.1465208361272189
0.8146230323115161,0.9594438006952491,0.1464726691174748
0.8146230323115161,0.9598300502124373,0.146455163345344
0.8146230323115161,0.9602162997296253,0.1464451377442861
0.8148301574150787,0.9602162997296253,0.1464085593455385
0.8150372825186413,0.9602162997296253,0.1464084265310369
0.8152444076222038,0.9602162997296253,0.1462732238535316
0.8154515327257663,0.9602162997296253,0.1461640143598107
0.8156586578293289,0.9602162997296253,0.1461603573396915
0.8158657829328915,0.9602162997296253,0.1461551196330508
0.816072908036454,0.9602162997296253,0.1461126395449921
0.816072908036454,0.9606025492468134,0.1460452523479579
0.8162800331400166,0.9606025492468134,0.1460166402109524
0.8164871582435791,0.9606025492468134,0.1459943379923729
0.8164871582435791,0.9609887987640016,0.145988804760896
0.8166942833471417,0.9609887987640016,0.1459364377754285
0.8169014084507042,0.9609887987640016,0.145908962866857
0.8171085335542668,0.9609887987640016,0.1458992057632119
0.8173156586578293,0.9609887987640016,0.1457748256658235
0.8175227837613919,0.9609887987640016,0.14577441760921
0.8177299088649544,0.9609887987640016,0.1457642997981555
0.817937033968517,0.9609887987640016,0.1457006261824005
0.8181441590720795,0.9609887987640016,0.145689959270393
0.8183512841756421,0.9609887987640016,0.1456686987834782
0.8185584092792046,0.9609887987640016,0.145641665275074
0.8187655343827672,0.9609887987640016,0.145617060086853
0.8189726594863297,0.9609887987640016,0.1453547842275634
0.8189726594863297,0.9613750482811897,0.1452719425176632
0.8191797845898923,0.9613750482811897,0.1451876202767595
0.8193869096934548,0.9613750482811897,0.1451648250870037
0.8195940347970174,0.9613750482811897,0.1451337099605745
0.8195940347970174,0.9617612977983777,0.1449203781430928
0.81980115990058,0.9617612977983777,0.1449190085999019
0.8200082850041425,0.9617612977983777,0.144898878779534
0.820215410107705,0.9617612977983777,0.1446923187044666
0.8204225352112676,0.9617612977983777,0.144685986059082
0.8206296603148302,0.9617612977983777,0.1446850116714414
0.8208367854183927,0.9617612977983777,0.1446079396484624
0.8210439105219552,0.9617612977983777,0.1446031284297033
0.8212510356255178,0.9617612977983777,0.1445679786933568
0.8212510356255178,0.9621475473155658,0.1444984959635043
0.8214581607290804,0.9621475473155658,0.1444588019328291
0.8216652858326429,0.9621475473155658,0.1444240872952828
0.8218724109362054,0.9621475473155658,0.1444219154417854
0.822079536039768,0.9621475473155658,0.1443898309632253
0.8222866611433306,0.9621475473155658,0.1443252935711094
0.8224937862468932,0.9621475473155658,0.1442291651479565
0.8227009113504556,0.9621475473155658,0.1442124770899079
0.8229080364540182,0.9621475473155658,0.1441956844166055
0.8231151615575808,0.9621475473155658,0.1441551567623909
0.8233222866611434,0.9621475473155658,0.1441171403248397
0.8235294117647058,0.9621475473155658,0.1440676552139573
0.8237365368682684,0.9621475473155658,0.1440359762381703
0.823943661971831,0.9621475473155658,0.1439947776339077
0.8241507870753936,0.9621475473155658,0.143881050611276
0.824357912178956,0.9621475473155658,0.1438620686973803
0.8245650372825186,0.9621475473155658,0.1438135601237559
0.8247721623860812,0.9621475473155658,0.1438042378071686
0.8249792874896438,0.9621475473155658,0.1437969111356798
0.8251864125932062,0.9621475473155658,0.1437328632690343
0.8253935376967688,0.9621475473155658,0.1436751178349143
0.8253935376967688,0.962533796832754,0.1436412429971159
0.8256006628003314,0.962533796832754,0.143629384120795
0.825807787903894,0.962533796832754,0.1435635779039487
0.8260149130074566,0.962533796832754,0.1435448886760928
0.8260149130074566,0.9629200463499421,0.1434332116648424
0.826222038111019,0.9629200463499421,0.1434320972103615
0.8264291632145816,0.9629200463499421,0.1433769617844685
0.8266362883181442,0.9629200463499421,0.1433436733766959
0.8268434134217068,0.9629200463499421,0.1432699665467763
0.8270505385252692,0.9629200463499421,0.1432581504573609
0.8272576636288318,0.9629200463499421,0.1432341718884902
0.8274647887323944,0.9629200463499421,0.1432191295049742
0.8274647887323944,0.9633062958671301,0.1431992559691139
0.827671913835957,0.9633062958671301,0.1430999107091461
0.8278790389395194,0.9633062958671301,0.1430620604959651
0.828086164043082,0.9633062958671301,0.143008789345619
0.8282932891466446,0.9633062958671301,0.1429856400630909
0.8285004142502072,0.9633062958671301,0.1429373682787265
0.8287075393537697,0.9633062958671301,0.142881488253329
0.8289146644573322,0.9633062958671301,0.1428803110369347
0.8289146644573322,0.9636925453843183,0.1428389482230637
0.8291217895608948,0.9636925453843183,0.1427947492890519
0.8293289146644574,0.9636925453843183,0.1427443084803287
0.8293289146644574,0.9640787949015064,0.1426051651554977
0.8295360397680199,0.9640787949015064,0.1423451888155193
0.8295360397680199,0.9644650444186945,0.142291072395021
0.8297431648715824,0.9644650444186945,0.1422812296605886
0.829950289975145,0.9644650444186945,0.1422447211903086
0.829950289975145,0.9648512939358825,0.1421946694677107
0.8301574150787076,0.9648512939358825,0.142145859231341
0.8303645401822701,0.9648512939358825,0.1421282163901657
0.8305716652858326,0.9648512939358825,0.14200292209647
0.8307787903893952,0.9648512939358825,0.1419810588726703
0.8309859154929577,0.9648512939358825,0.1419065285725805
0.8311930405965203,0.9648512939358825,0.1418180181765808
0.8311930405965203,0.9652375434530707,0.1418177017075957
0.8314001657000829,0.9652375434530707,0.1417935780085101
0.8314001657000829,0.9656237929702588,0.1417909262786158
0.8316072908036454,0.9656237929702588,0.1417674188586488
0.831814415907208,0.9656237929702588,0.1417137808817249
0.8320215410107705,0.9656237929702588,0.1416586586599755
0.8322286661143331,0.9656237929702588,0.1415986167953573
0.8322286661143331,0.9660100424874469,0.1415690236658831
0.8324357912178956,0.9660100424874469,0.1415087625041462
0.8326429163214581,0.9660100424874469,0.1413860628375588
0.8326429163214581,0.966396292004635,0.1413854010495549
0.8328500414250207,0.966396292004635,0.1413780506732746
0.8330571665285833,0.966396292004635,0.1412600333739022
0.8330571665285833,0.9667825415218231,0.1412529897532366
0.8332642916321458,0.9667825415218231,0.1412164379735246
0.8334714167357083,0.9667825415218231,0.1412062802952554
0.8336785418392709,0.9667825415218231,0.1411977980717972
0.8338856669428335,0.9667825415218231,0.141102251894791
0.834092792046396,0.9667825415218231,0.140994760558433
0.8342999171499585,0.9667825415218231,0.1409683277313274
0.8345070422535211,0.9667825415218231,0.1409545622967968
0.8347141673570837,0.9667825415218231,0.1409121954263627
0.8347141673570837,0.9671687910390112,0.1408948068974359
0.8349212924606463,0.9671687910390112,0.14085967764799
0.8351284175642087,0.9671687910390112,0.1408267688560559
0.8353355426677713,0.9671687910390112,0.1408088966785982
0.8355426677713339,0.9671687910390112,0.1407728522568649
0.8357497928748965,0.9671687910390112,0.1407645231858369
0.835956917978459,0.9671687910390112,0.1407625660508274
0.835956917978459,0.9675550405561993,0.1407027307512935
0.8361640430820215,0.9675550405561993,0.1406937065009894
0.8363711681855841,0.9675550405561993,0.1406020523551801
0.8363711681855841,0.9679412900733874,0.1405519090442518
0.8365782932891467,0.9679412900733874,0.1405212230440341
0.8367854183927091,0.9679412900733874,0.1404992015955168
0.8369925434962717,0.9679412900733874,0.1404809969226935
0.8371996685998343,0.9679412900733874,0.1404656868882715
0.8371996685998343,0.9683275395905755,0.1403616880122909
0.8371996685998343,0.9687137891077636,0.1403299921150686
0.8374067937033969,0.9687137891077636,0.1403252341380553
0.8376139188069595,0.9687137891077636,0.140317718663328
0.8378210439105219,0.9687137891077636,0.1400436028374258
0.8380281690140845,0.9687137891077636,0.1400432429715254
0.8382352941176471,0.9687137891077636,0.1399118903279591
0.8384424192212097,0.9687137891077636,0.1398806527498604
0.8386495443247721,0.9687137891077636,0.139813937686463
0.8388566694283347,0.9687137891077636,0.1397788923905854
0.8388566694283347,0.9691000386249518,0.1396006023399399
0.8390637945318973,0.9691000386249518,0.1395935661034251
0.8392709196354599,0.9691000386249518,0.1395716590430527
0.8392709196354599,0.9694862881421398,0.1395699114717986
0.8392709196354599,0.9698725376593279,0.1395218803842752
0.8394780447390223,0.9698725376593279,0.1394439347864551
0.8394780447390223,0.970258787176516,0.1394115374889852
0.8396851698425849,0.970258787176516,0.1393262643798525
0.8398922949461475,0.970258787176516,0.1390671889587829
0.84009942004971,0.970258787176516,0.1389127931350395
0.8403065451532725,0.970258787176516,0.1388335329121001
0.8405136702568351,0.970258787176516,0.1388062743564529
0.8407207953603977,0.970258787176516,0.1387677737958468
0.8409279204639603,0.970258787176516,0.1387105956193331
0.8411350455675228,0.970258787176516,0.1385220368621746
0.8413421706710853,0.970258787176516,0.1383618781416506
0.8415492957746479,0.970258787176516,0.1383175911435343
0.8417564208782105,0.970258787176516,0.1382943906061727
0.841963545981773,0.970258787176516,0.1382830258635862
0.8421706710853355,0.970258787176516,0.1382768890788861
0.8423777961888981,0.970258787176516,0.1382522981925567
0.8425849212924607,0.970258787176516,0.1381619910329392
0.8427920463960232,0.970258787176516,0.138138397389906
0.8429991714995857,0.970258787176516,0.1380930034952272
0.8432062966031483,0.970258787176516,0.1380731420730825
0.8434134217067109,0.970258787176516,0.1380575928572329
0.8436205468102734,0.970258787176516,0.1379521151186421
0.8436205468102734,0.9706450366937042,0.1379120613828602
0.843827671913836,0.9706450366937042,0.1378973405097089
0.8440347970173985,0.9706450366937042,0.1378404428104426
0.844241922120961,0.9706450366937042,0.1378334684871794
0.8444490472245236,0.9706450366937042,0.1377485648543323
0.8446561723280862,0.9706450366937042,0.1377198776577544
0.8448632974316487,0.9706450366937042,0.1377156505169964
0.8450704225352113,0.9706450366937042,0.137441507123333
0.8452775476387738,0.9706450366937042,0.1373958147544836
0.8454846727423364,0.9706450366937042,0.1373815615411837
0.8456917978458989,0.9706450366937042,0.1373416097036403
0.8456917978458989,0.9710312862108922,0.1372853531219756
0.8458989229494615,0.9710312862108922,0.1372524039234511
0.846106048053024,0.9710312862108922,0.1372472215261288
0.8463131731565866,0.9710312862108922,0.1371876606459764
0.8465202982601492,0.9710312862108922,0.1371606161566238
0.8467274233637117,0.9710312862108922,0.1370955204728305
0.8469345484672742,0.9710312862108922,0.1370624753604063
0.8471416735708368,0.9710312862108922,0.1370057628214362
0.8473487986743994,0.9710312862108922,0.1369759719051333
0.8475559237779619,0.9710312862108922,0.1369659827117801
0.8477630488815244,0.9710312862108922,0.1368473565763762
0.847970173985087,0.9710312862108922,0.1368280673023197
0.8481772990886496,0.9710312862108922,0.1368221110001181
0.8481772990886496,0.9714175357280803,0.1367110820197672
0.848384424192212,0.9714175357280803,0.1366535757681554
0.8485915492957746,0.9714175357280803,0.1365947091313087
0.8487986743993372,0.9714175357280803,0.1365783561987006
0.8490057995028998,0.9714175357280803,0.1365337604555304
0.8492129246064622,0.9714175357280803,0.136458972993435
0.8494200497100248,0.9714175357280803,0.1364553512300312
0.8496271748135874,0.9714175357280803,0.1364428202841689
0.84983429991715,0.9714175357280803,0.1363782281234459
0.8500414250207126,0.9714175357280803,0.136282991633406
0.850248550124275,0.9714175357280803,0.1362240004018974
0.8504556752278376,0.9714175357280803,0.136104232692887
0.8506628003314002,0.9714175357280803,0.1360293823469653
0.8508699254349628,0.9714175357280803,0.1360074733369957
0.8510770505385252,0.9714175357280803,0.1359115937727884
0.8512841756420878,0.9714175357280803,0.1358185381283806
0.8514913007456504,0.9714175357280803,0.1356235088122263
0.851698425849213,0.9714175357280803,0.1354045922907143
0.8519055509527754,0.9714175357280803,0.1353898668254554
0.8519055509527754,0.9718037852452684,0.1353812247339885
0.8519055509527754,0.9721900347624566,0.1352882031180683
0.852112676056338,0.9721900347624566,0.1352675691050279
0.8523198011599006,0.9721900347624566,0.1352209474557761
0.8525269262634632,0.9721900347624566,0.1351677091962355
0.8525269262634632,0.9725762842796446,0.135127237459505
0.8527340513670257,0.9725762842796446,0.1350228524619189
0.8529411764705882,0.9725762842796446,0.1349911379423939
0.8529411764705882,0.9729625337968327,0.1349244180537437
0.8531483015741508,0.9729625337968327,0.1348636212880634
0.8533554266777134,0.9729625337968327,0.1348134218302264
0.8535625517812759,0.9729625337968327,0.1347771782018208
0.8537696768848384,0.9729625337968327,0.1347549783364609
0.853976801988401,0.9729625337968327,0.1346739970923922
0.8541839270919636,0.9729625337968327,0.1345114075020209
0.8543910521955261,0.9729625337968327,0.134503171593582
0.8545981772990886,0.9729625337968327,0.1344908097782796
0.8548053024026512,0.9729625337968327,0.1344434190486782
0.8550124275062138,0.9729625337968327,0.1343307669191322
0.8552195526097763,0.9729625337968327,0.1342225055994717
0.8554266777133389,0.9729625337968327,0.133897916833139
0.8556338028169014,0.9729625337968327,0.1338465667612917
0.855840927920464,0.9729625337968327,0.1337680138133172
0.8560480530240265,0.9729625337968327,0.1337557892371303
0.8562551781275891,0.9729625337968327,0.1336509887728589
0.8564623032311516,0.9729625337968327,0.1335800987908311
0.8566694283347142,0.9729625337968327,0.133555666306418
0.8568765534382767,0.9729625337968327,0.133526789043775
0.8570836785418393,0.9729625337968327,0.1335257522570815
0.8572908036454018,0.9729625337968327,0.1335006770773282
0.8574979287489644,0.9729625337968327,0.1334834376100039
0.8577050538525269,0.9729625337968327,0.133423368855852
0.8579121789560895,0.9729625337968327,0.1333910048057709
0.858119304059652,0.9729625337968327,0.133350035055636
0.8583264291632146,0.9729625337968327,0.133344314473631
0.8585335542667771,0.9729625337968327,0.1332430385046214
0.8587406793703397,0.9729625337968327,0.1331974944788095
0.8589478044739023,0.9729625337968327,0.1331468575386183
0.8591549295774648,0.9729625337968327,0.1331243545134756
0.8593620546810273,0.9729625337968327,0.1330566523505562
0.8595691797845899,0.9729625337968327,0.1330250269180915
0.8597763048881525,0.9729625337968327,0.1329987416280776
0.859983429991715,0.9729625337968327,0.132933816809295
0.8601905550952775,0.9729625337968327,0.1329122711629918
0.8603976801988401,0.9729625337968327,0.1328978867619085
0.8606048053024027,0.9729625337968327,0.1328487051680235
0.8608119304059652,0.9729625337968327,0.1328485985924482
0.8610190555095277,0.9729625337968327,0.1327816812320759
0.8612261806130903,0.9729625337968327,0.1326730120951486
0.8614333057166529,0.9729625337968327,0.1326311795741104
0.8616404308202155,0.9729625337968327,0.1324632496752371
0.8616404308202155,0.9733487833140209,0.1323528113723021
0.8618475559237779,0.9733487833140209,0.1321020973517574
0.8620546810273405,0.9733487833140209,0.1320671467439926
0.8622618061309031,0.9733487833140209,0.132001767676884
0.8624689312344657,0.9733487833140209,0.1318698135917008
0.8626760563380281,0.9733487833140209,0.1317454168675266
0.8628831814415907,0.9733487833140209,0.1317348565992408
0.8630903065451533,0.9733487833140209,0.1315384941824514
0.8632974316487159,0.9733487833140209,0.1315349616858044
0.8632974316487159,0.973735032831209,0.1313340118398463
0.8635045567522783,0.973735032831209,0.131273136862078
0.8637116818558409,0.973735032831209,0.1312637388421912
0.8639188069594035,0.973735032831209,0.1312180670066592
0.8641259320629661,0.973735032831209,0.1311537006783586
0.8643330571665285,0.973735032831209,0.131118244055077
0.8643330571665285,0.974121282348397,0.1310750100019821
0.8645401822700911,0.974121282348397,0.1310546995106647
0.8647473073736537,0.974121282348397,0.131008488916729
0.8649544324772163,0.974121282348397,0.1310041290214203
0.8651615575807788,0.974121282348397,0.1310009923773319
0.8653686826843413,0.974121282348397,0.1308776885197825
0.8655758077879039,0.974121282348397,0.1308430038641266
0.8657829328914665,0.974121282348397,0.1307600531322936
0.865990057995029,0.974121282348397,0.1306830653446644
0.8661971830985915,0.974121282348397,0.1306205522303758
0.8661971830985915,0.9745075318655851,0.1304895399853147
0.8664043082021541,0.9745075318655851,0.1304135694951231
0.8666114333057167,0.9745075318655851,0.1303819697799039
0.8668185584092792,0.9745075318655851,0.1303578500932831
0.8670256835128417,0.9745075318655851,0.1303091557252098
0.8672328086164043,0.9745075318655851,0.1303075919019165
0.8674399337199669,0.9745075318655851,0.1301863795726764
0.8676470588235294,0.9745075318655851,0.1301748359170162
0.867854183927092,0.9745075318655851,0.1301731217239861
0.8680613090306545,0.9745075318655851,0.1301369383318061
0.8682684341342171,0.9745075318655851,0.1301316070465016
0.8682684341342171,0.9748937813827733,0.1301219559009751
0.8684755592377796,0.9748937813827733,0.1299882707201699
0.8686826843413422,0.9748937813827733,0.1297044881648877
0.8688898094449047,0.9748937813827733,0.1296307802612729
0.8690969345484673,0.9748937813827733,0.1296304815113599
0.8693040596520298,0.9748937813827733,0.1296227867298368
0.8695111847555924,0.9748937813827733,0.1296073105711072
0.8697183098591549,0.9748937813827733,0.1295487881048118
0.8699254349627175,0.9748937813827733,0.1294955517524595
0.87013256006628,0.9748937813827733,0.1294905344416682
0.8703396851698426,0.9748937813827733,0.129376824174962
0.8705468102734052,0.9748937813827733,0.1293365020624274
0.8707539353769677,0.9748937813827733,0.1291052699730842
0.8709610604805302,0.9748937813827733,0.1290995372846559
0.8711681855840928,0.9748937813827733,0.1290939699922177
0.8713753106876554,0.9748937813827733,0.1289754181288004
0.8715824357912179,0.9748937813827733,0.1288936581431381
0.8717895608947804,0.9748937813827733,0.1288102966397022
0.871996685998343,0.9748937813827733,0.1287805902974668
0.8722038111019056,0.9748937813827733,0.1287636165288155
0.8724109362054681,0.9748937813827733,0.1287116310325458
0.8724109362054681,0.9752800308999614,0.1286309907144996
0.8726180613090306,0.9752800308999614,0.1285808378937915
0.8728251864125932,0.9752800308999614,0.1284472057625652
0.8730323115161558,0.9752800308999614,0.1283650066209467
0.8732394366197183,0.9752800308999614,0.1283228882732071
0.8734465617232808,0.9752800308999614,0.128246957523674
0.8736536868268434,0.9752800308999614,0.1281822048003469
0.873860811930406,0.9752800308999614,0.128177984714281
0.8740679370339686,0.9752800308999614,0.1281686334378856
0.8740679370339686,0.9756662804171495,0.1280345440629349
0.874275062137531,0.9756662804171495,0.1279951282782346
0.874275062137531,0.9760525299343376,0.1279936238443969
0.8744821872410936,0.9760525299343376,0.1279394484757667
0.8746893123446562,0.9760525299343376,0.1278592789122475
0.8746893123446562,0.9764387794515257,0.1277937063410084
0.8748964374482188,0.9764387794515257,0.1277143317676025
0.8751035625517812,0.9764387794515257,0.1276407603315665
0.8753106876553438,0.9764387794515257,0.1275806127537148
0.8755178127589064,0.9764387794515257,0.1275464161913329
0.875724937862469,0.9764387794515257,0.1274183882438376
0.8759320629660314,0.9764387794515257,0.1274011334162373
0.8759320629660314,0.9768250289687138,0.1273397522539763
0.8759320629660314,0.977211278485902,0.127313440217735
0.876139188069594,0.977211278485902,0.1272971512187532
0.8763463131731566,0.977211278485902,0.1272833992371452
0.8765534382767192,0.977211278485902,0.1272796322754753
0.8767605633802817,0.977211278485902,0.1272571873803052
0.8769676884838442,0.977211278485902,0.1272238868057795
0.8771748135874068,0.977211278485902,0.1271513161408204
0.8773819386909694,0.977211278485902,0.1270821823647248
0.8775890637945319,0.977211278485902,0.126997505504773
0.8777961888980944,0.977211278485902,0.1269947514886959
0.878003314001657,0.977211278485902,0.12696333770723
0.8782104391052196,0.977211278485902,0.1267801725645558
0.8784175642087821,0.977211278485902,0.1267354095235771
0.8786246893123446,0.977211278485902,0.1266778433090524
0.8788318144159072,0.977211278485902,0.1265088049783939
0.8790389395194698,0.977211278485902,0.1264324364513247
0.8792460646230323,0.977211278485902,0.1262642045202527
0.8794531897265948,0.977211278485902,0.1261556256367977
0.8796603148301574,0.977211278485902,0.1261484170988696
0.87986743993372,0.977211278485902,0.1260409079361045
0.8800745650372825,0.977211278485902,0.1259942033641423
0.8802816901408451,0.977211278485902,0.1259504935443524
0.8804888152444076,0.977211278485902,0.125903632766556
0.8806959403479702,0.977211278485902,0.1258294769066112
0.8809030654515327,0.977211278485902,0.1257568957341004
0.8811101905550953,0.977211278485902,0.125564960752427
0.8813173156586578,0.977211278485902,0.1255008444731216
0.8815244407622204,0.977211278485902,0.1254717891512389
0.8817315658657829,0.977211278485902,0.125427910537386
0.8819386909693455,0.977211278485902,0.1252918063532688
0.882145816072908,0.977211278485902,0.1250884245686044
0.8823529411764706,0.977211278485902,0.1250203990545922
0.8825600662800331,0.977211278485902,0.1248717516220818
0.8827671913835957,0.977211278485902,0.1248232482547542
0.8829743164871583,0.977211278485902,0.1247715559284117
0.8831814415907208,0.977211278485902,0.1247516799354867
0.8833885666942833,0.977211278485902,0.124703307421239
0.8835956917978459,0.977211278485902,0.1246887519570848
0.8838028169014085,0.977211278485902,0.1246681055132777
0.884009942004971,0.977211278485902,0.1246595100355315
0.8842170671085335,0.977211278485902,0.1245849434993638
0.8844241922120961,0.977211278485902,0.1245462498331377
0.8846313173156587,0.977211278485902,0.1245339019581417
0.8846313173156587,0.97759752800309,0.1244342063642432
0.8848384424192212,0.97759752800309,0.1243976597051421
0.8850455675227837,0.97759752800309,0.1243961922945769
0.8852526926263463,0.97759752800309,0.124382618707198
0.8854598177299089,0.97759752800309,0.1243763566925958
0.8856669428334715,0.97759752800309,0.1242669409696974
0.8858740679370339,0.97759752800309,0.1239929054851301
0.8860811930405965,0.97759752800309,0.123791900943614
0.8862883181441591,0.97759752800309,0.1236936352726801
0.8864954432477217,0.97759752800309,0.1236703610421887
0.8864954432477217,0.9779837775202781,0.1236465427219226
0.8867025683512841,0.9779837775202781,0.1235830369437319
0.8869096934548467,0.9779837775202781,0.1234798383037304
0.8871168185584093,0.9779837775202781,0.1234267508166168
0.8873239436619719,0.9779837775202781,0.1234069063502509
0.8875310687655343,0.9779837775202781,0.1234010051561576
0.8877381938690969,0.9779837775202781,0.1232076344289527
0.8879453189726595,0.9779837775202781,0.1230635013357704
0.8881524440762221,0.9779837775202781,0.123009793497756
0.8883595691797845,0.9779837775202781,0.1228758445743825
0.8885666942833471,0.9779837775202781,0.1228390555126388
0.8887738193869097,0.9779837775202781,0.1227791240070251
0.8889809444904723,0.9779837775202781,0.1226889350073989
0.8891880695940348,0.9779837775202781,0.1225983721103588
0.8893951946975973,0.9779837775202781,0.1225945512585858
0.8896023198011599,0.9779837775202781,0.1225252108737852
0.8898094449047225,0.9779837775202781,0.1225214559523069
0.890016570008285,0.9779837775202781,0.1224870993921378
0.8902236951118475,0.9779837775202781,0.1223506179724104
0.8904308202154101,0.9779837775202781,0.1222817488834347
0.8904308202154101,0.9783700270374662,0.1222366654709652
0.8906379453189727,0.9783700270374662,0.1221211814576791
0.8908450704225352,0.9783700270374662,0.1219901948005674
0.8910521955260977,0.9783700270374662,0.1219837723456839
0.8912593206296603,0.9783700270374662,0.1218331979876501
0.8914664457332229,0.9783700270374662,0.1218325267743814
0.8916735708367854,0.9783700270374662,0.1217071328046916
0.891880695940348,0.9783700270374662,0.1216809430036839
0.8920878210439105,0.9783700270374662,0.1216567123073184
0.8920878210439105,0.9787562765546544,0.1216070296704957
0.8922949461474731,0.9787562765546544,0.1215654275540086
0.8925020712510356,0.9787562765546544,0.1215253781096879
0.8925020712510356,0.9791425260718424,0.1214106597909032
0.8927091963545982,0.9791425260718424,0.1213584754033898
0.8927091963545982,0.9795287755890305,0.1213533291821064
0.8929163214581607,0.9795287755890305,0.1213474924317059
0.8931234465617233,0.9795287755890305,0.1212764462479899
0.8933305716652858,0.9795287755890305,0.1211427768672603
0.8935376967688484,0.9795287755890305,0.1211123919047663
0.8937448218724109,0.9795287755890305,0.1210612449549194
0.8939519469759735,0.9795287755890305,0.1209450218303899
0.894159072079536,0.9795287755890305,0.1209238590660077
0.8943661971830986,0.9795287755890305,0.120846383399184
0.8945733222866611,0.9795287755890305,0.1207761657355749
0.8947804473902237,0.9795287755890305,0.1207259668237954
0.8949875724937862,0.9795287755890305,0.1206556808247386
0.8951946975973488,0.9795287755890305,0.120635077559291
0.8954018227009114,0.9795287755890305,0.1206197256019757
0.8956089478044739,0.9795287755890305,0.1206096814626746
0.8958160729080364,0.9795287755890305,0.1205678630963132
0.896023198011599,0.9795287755890305,0.1205201046059679
0.896023198011599,0.9799150251062186,0.1203855946343002
0.8962303231151616,0.9799150251062186,0.1203221334797795
0.8964374482187241,0.9799150251062186,0.1201707315152241
0.8966445733222866,0.9799150251062186,0.1200328356798479
0.8966445733222866,0.9803012746234068,0.1199046358056139
0.8968516984258492,0.9803012746234068,0.1198811827398664
0.8970588235294118,0.9803012746234068,0.119858686078213
0.8972659486329743,0.9803012746234068,0.1198277914566933
0.8974730737365368,0.9803012746234068,0.1197934735580288
0.8976801988400994,0.9803012746234068,0.1196981417485552
0.8976801988400994,0.9806875241405948,0.1196208814781886
0.897887323943662,0.9806875241405948,0.1194229509246407
0.8980944490472246,0.9806875241405948,0.1192940465992114
0.898301574150787,0.9806875241405948,0.1191908351339186
0.898301574150787,0.9810737736577829,0.1188389332620385
0.8985086992543496,0.9810737736577829,0.1187936610242395
0.8987158243579122,0.9810737736577829,0.1186058594368244
0.8989229494614748,0.9810737736577829,0.1185707744208058
0.8991300745650372,0.9810737736577829,0.1185552338864514
0.8993371996685998,0.9810737736577829,0.1184639854745042
0.8995443247721624,0.9810737736577829,0.1183523248779329
0.899751449875725,0.9810737736577829,0.1183324448885885
0.8999585749792874,0.9810737736577829,0.1183248372974217
0.90016570008285,0.9810737736577829,0.1182957028926133
0.90016570008285,0.981460023174971,0.1182617278858191
0.9003728251864126,0.981460023174971,0.1180903700005407
0.9005799502899752,0.981460023174971,0.1180865646932633
0.9007870753935378,0.981460023174971,0.1180366525193401
0.9007870753935378,0.9818462726921592,0.1180175771839764
0.9009942004971002,0.9818462726921592,0.1179998178602151
0.9012013256006628,0.9818462726921592,0.1179284977459071
0.9014084507042254,0.9818462726921592,0.1179040785639158
0.901615575807788,0.9818462726921592,0.1178312625700822
0.9018227009113504,0.9818462726921592,0.1177505054309452
0.902029826014913,0.9818462726921592,0.117537243157893
0.9022369511184756,0.9818462726921592,0.1175173622006458
0.9024440762220381,0.9818462726921592,0.1174002150945519
0.9026512013256006,0.9818462726921592,0.1173135805505976
0.9028583264291632,0.9818462726921592,0.1173066659330846
0.9030654515327258,0.9818462726921592,0.1172267836430851
0.9032725766362883,0.9818462726921592,0.1171636402879533
0.9034797017398508,0.9818462726921592,0.1170747146359804
0.9036868268434134,0.9818462726921592,0.1170267170852055
0.903893951946976,0.9818462726921592,0.1168882886719398
0.9041010770505385,0.9818462726921592,0.1168492459132936
0.9041010770505385,0.9822325222093472,0.1167353777443608
0.9043082021541011,0.9822325222093472,0.1166898650839927
0.9045153272576636,0.9822325222093472,0.1166543905799673
0.9047224523612262,0.9822325222093472,0.1166439186613562
0.9049295774647887,0.9822325222093472,0.1165917268106215
0.9051367025683513,0.9822325222093472,0.1163713437612495
0.9051367025683513,0.9826187717265353,0.116314750766312
0.9053438276719138,0.9826187717265353,0.1163101350817623
0.9055509527754764,0.9826187717265353,0.1162548986248963
0.905758077879039,0.9826187717265353,0.1161927909399389
0.9059652029826015,0.9826187717265353,0.1160735645702772
0.906172328086164,0.9826187717265353,0.1159201721670905
0.9063794531897266,0.9826187717265353,0.1159100815450958
0.9065865782932891,0.9826187717265353,0.1155175364283459
0.9067937033968517,0.9826187717265353,0.1154821658986602
0.9070008285004143,0.9826187717265353,0.1153688989189171
0.9070008285004143,0.9830050212437235,0.1153507610615487
0.9072079536039768,0.9830050212437235,0.1152563665829169
0.9074150787075393,0.9830050212437235,0.1150964899017992
0.9076222038111019,0.9830050212437235,0.1150107449527018
0.9078293289146645,0.9830050212437235,0.1149599798904376
0.908036454018227,0.9830050212437235,0.1146613863973748
0.9082435791217895,0.9830050212437235,0.1146481716617963
0.9084507042253521,0.9830050212437235,0.1146438299460504
0.9086578293289147,0.9830050212437235,0.1145935113521256
0.9088649544324772,0.9830050212437235,0.1145921050096375
0.9090720795360397,0.9830050212437235,0.1143413250330736
0.9092792046396023,0.9830050212437235,0.1143117580846758
0.9094863297431649,0.9830050212437235,0.1142519263256541
0.9096934548467275,0.9830050212437235,0.1141895571526355
0.9096934548467275,0.9833912707609116,0.114115941663234
0.90990057995029,0.9833912707609116,0.1140457921198215
0.9101077050538525,0.9833912707609116,0.1140208395243621
0.9101077050538525,0.9837775202780996,0.1140106475330943
0.9103148301574151,0.9837775202780996,0.114006865333221
0.9105219552609777,0.9837775202780996,0.113899140826316
0.9107290803645401,0.9837775202780996,0.1137638163359668
0.9109362054681027,0.9837775202780996,0.1136957841328703
0.9109362054681027,0.9841637697952877,0.1136360756413652
0.9111433305716653,0.9841637697952877,0.1135373547247981
0.9113504556752279,0.9841637697952877,0.1135203728395853
0.9113504556752279,0.9845500193124759,0.1132296550781594
0.9115575807787903,0.9845500193124759,0.1131557365043378
0.9117647058823529,0.9845500193124759,0.1130795855902652
0.9119718309859155,0.9845500193124759,0.1130617485597019
0.9121789560894781,0.9845500193124759,0.1128898025432486
0.9121789560894781,0.984936268829664,0.1126631149432884
0.9123860811930405,0.984936268829664,0.1125179307110677
0.9125932062966031,0.984936268829664,0.1121127136802009
0.9128003314001657,0.984936268829664,0.1120932032782853
0.9130074565037283,0.984936268829664,0.1119284316750842
0.9132145816072909,0.984936268829664,0.1118867100149916
0.9132145816072909,0.985322518346852,0.1117996234661759
0.9134217067108533,0.985322518346852,0.1116053738214346
0.9136288318144159,0.985322518346852,0.111413621719315
0.9136288318144159,0.9857087678640402,0.1113972236101349
0.9138359569179785,0.9857087678640402,0.1113678685363741
0.914043082021541,0.9857087678640402,0.1112536384789454
0.9142502071251035,0.9857087678640402,0.1110718369986729
0.9144573322286661,0.9857087678640402,0.1110554076786038
0.9146644573322287,0.9857087678640402,0.1110308348714507
0.9146644573322287,0.9860950173812283,0.1110171922630921
0.9148715824357913,0.9860950173812283,0.1110005282858809
0.9148715824357913,0.9864812668984164,0.1109387744001701
0.9150787075393537,0.9864812668984164,0.1107913979275594
0.9152858326429163,0.9864812668984164,0.1107405254727699
0.9154929577464789,0.9864812668984164,0.1106493618351311
0.9154929577464789,0.9868675164156044,0.110647700747348
0.9157000828500415,0.9868675164156044,0.1106025756325445
0.915907207953604,0.9868675164156044,0.1106004619736744
0.9161143330571665,0.9868675164156044,0.1105056071240082
0.9163214581607291,0.9868675164156044,0.1104993920403692
0.9165285832642917,0.9868675164156044,0.1104159538361
0.9167357083678542,0.9868675164156044,0.1103576850057474
0.9169428334714167,0.9868675164156044,0.1103172236725447
0.9171499585749793,0.9868675164156044,0.110306176978996
0.9173570836785419,0.9868675164156044,0.1102434293582597
0.9175642087821044,0.9868675164156044,0.1102136803829072
0.9177713338856669,0.9868675164156044,0.1100254711631887
0.9177713338856669,0.9872537659327926,0.1099884911685393
0.9179784589892295,0.9872537659327926,0.1099605649038829
0.918185584092792,0.9872537659327926,0.109932613657715
0.9183927091963546,0.9872537659327926,0.1099165721888306
0.9185998342999171,0.9872537659327926,0.1099100941350317
0.9188069594034797,0.9872537659327926,0.1098482326471602
0.9190140845070423,0.9872537659327926,0.1098134429973268
0.9192212096106048,0.9872537659327926,0.1097674952899697
0.9194283347141674,0.9872537659327926,0.1096266959491054
0.9196354598177299,0.9872537659327926,0.1095599203166373
0.9198425849212924,0.9872537659327926,0.1094879637531669
0.920049710024855,0.9872537659327926,0.109430820287375
0.9202568351284176,0.9872537659327926,0.1092750787356376
0.9202568351284176,0.9876400154499807,0.1091350116253649
0.9204639602319801,0.9876400154499807,0.109078373254985
0.9206710853355426,0.9876400154499807,0.1090596749789292
0.9208782104391052,0.9876400154499807,0.1090517164536988
0.9210853355426678,0.9876400154499807,0.1090383734539907
0.9212924606462303,0.9876400154499807,0.1090028442157382
0.9214995857497928,0.9876400154499807,0.1089423262268272
0.9217067108533554,0.9876400154499807,0.1088867123590568
0.921913835956918,0.9876400154499807,0.108720397855787
0.9221209610604806,0.9876400154499807,0.1086156597465164
0.922328086164043,0.9876400154499807,0.1085647754135087
0.9225352112676056,0.9876400154499807,0.1085451954079901
0.9227423363711682,0.9876400154499807,0.108532788966908
0.9229494614747308,0.9876400154499807,0.1085078337537749
0.9231565865782932,0.9876400154499807,0.1084906529422272
0.9233637116818558,0.9876400154499807,0.1083813803682982
0.9235708367854184,0.9876400154499807,0.1083570335572235
0.923777961888981,0.9876400154499807,0.1083445841672839
0.9239850869925434,0.9876400154499807,0.1082565266573227
0.924192212096106,0.9876400154499807,0.1082504203224565
0.9243993371996686,0.9876400154499807,0.108157330287747
0.9246064623032312,0.9876400154499807,0.1081573097812565
0.9248135874067938,0.9876400154499807,0.1081148005949791
0.9248135874067938,0.9880262649671688,0.1079959638118076
0.9250207125103562,0.9880262649671688,0.1076798484911438
0.9252278376139188,0.9880262649671688,0.1075919118799898
0.9254349627174814,0.9880262649671688,0.1075890774659237
0.9254349627174814,0.9884125144843569,0.1075550991583405
0.925642087821044,0.9884125144843569,0.1074736843816252
0.9258492129246064,0.9884125144843569,0.1074315450848542
0.926056338028169,0.9884125144843569,0.1072119298756071
0.9262634631317316,0.9884125144843569,0.1071881999192947
0.9264705882352942,0.9884125144843569,0.1070760194616326
0.9264705882352942,0.988798764001545,0.1068983488010118
0.9266777133388566,0.988798764001545,0.1068960344665579
0.9268848384424192,0.988798764001545,0.106878349238146
0.9270919635459818,0.988798764001545,0.1067903116543248
0.9272990886495444,0.988798764001545,0.1066845828742791
0.9275062137531068,0.988798764001545,0.1066831971638759
0.9277133388566694,0.988798764001545,0.106641019040329
0.927920463960232,0.988798764001545,0.1064600231601453
0.9281275890637946,0.988798764001545,0.1062025988553688
0.9283347141673571,0.988798764001545,0.1061854919784705
0.9285418392709196,0.988798764001545,0.1058805279039685
0.9287489643744822,0.988798764001545,0.1056608237439405
0.9289560894780448,0.988798764001545,0.1056179122742534
0.9291632145816073,0.988798764001545,0.1055869829676977
0.9293703396851698,0.988798764001545,0.1055527997745768
0.9295774647887324,0.988798764001545,0.105310342661415
0.929784589892295,0.988798764001545,0.1053080954496669
0.9299917149958575,0.988798764001545,0.1051781395123216
0.93019884009942,0.988798764001545,0.1051548139734529
0.9304059652029826,0.988798764001545,0.1051246951263361
0.9306130903065452,0.988798764001545,0.105036914142268
0.9308202154101077,0.988798764001545,0.1050096093164863
0.9310273405136703,0.988798764001545,0.1050089891313629
0.9312344656172328,0.988798764001545,0.1049508613731799
0.9314415907207954,0.988798764001545,0.1049258915069254
0.9316487158243579,0.988798764001545,0.1047365129791716
0.9318558409279205,0.988798764001545,0.1045075328981332
0.932062966031483,0.988798764001545,0.1044963665064971
0.9322700911350456,0.988798764001545,0.1044783526836507
0.9324772162386081,0.988798764001545,0.1044714562978183
0.9326843413421707,0.988798764001545,0.1044215620793472
0.9328914664457332,0.988798764001545,0.1043625013635554
0.9330985915492958,0.988798764001545,0.1043411023178486
0.9333057166528583,0.988798764001545,0.1041394694951874
0.9335128417564209,0.988798764001545,0.1040700563955423
0.9335128417564209,0.9891850135187331,0.1039481436221926
0.9337199668599834,0.9891850135187331,0.1038264168050487
0.9337199668599834,0.9895712630359212,0.1037920171826235
0.933927091963546,0.9895712630359212,0.1036688556491353
0.9341342170671085,0.9895712630359212,0.1036211336467516
0.9343413421706711,0.9895712630359212,0.1035424151486605
0.9345484672742337,0.9895712630359212,0.1033512265708585
0.9347555923777962,0.9895712630359212,0.103197881918041
0.9349627174813587,0.9895712630359212,0.103011918254368
0.9351698425849213,0.9895712630359212,0.1028833545223942
0.9353769676884839,0.9895712630359212,0.1027257306327188
0.9355840927920464,0.9895712630359212,0.1027033432798021
0.9357912178956089,0.9895712630359212,0.1023531371193711
0.9359983429991715,0.9895712630359212,0.1023529454452431
0.9362054681027341,0.9895712630359212,0.1023140820981936
0.9364125932062966,0.9895712630359212,0.102247902139649
0.9366197183098591,0.9895712630359212,0.1021606860062913
0.9368268434134217,0.9895712630359212,0.1021485263551781
0.9368268434134217,0.9899575125531093,0.1020908233838282
0.9370339685169843,0.9899575125531093,0.1020880130100658
0.9372410936205469,0.9899575125531093,0.1019919597638509
0.9374482187241093,0.9899575125531093,0.101875658485147
0.9376553438276719,0.9899575125531093,0.101708761870299
0.9378624689312345,0.9899575125531093,0.1016656025087751
0.9380695940347971,0.9899575125531093,0.1016168016844374
0.9382767191383595,0.9899575125531093,0.1016160641406274
0.9384838442419221,0.9899575125531093,0.1015316017316649
0.9386909693454847,0.9899575125531093,0.1014006617426149
0.9388980944490473,0.9899575125531093,0.1013391660431911
0.9391052195526097,0.9899575125531093,0.101291308301466
0.9393123446561723,0.9899575125531093,0.1012730060858936
0.9395194697597349,0.9899575125531093,0.1011877296363005
0.9397265948632975,0.9899575125531093,0.1011294740730404
0.9397265948632975,0.9903437620702974,0.1011254930250399
0.9397265948632975,0.9907300115874855,0.1010093768100484
0.93993371996686,0.9907300115874855,0.1006420706167085
0.9401408450704225,0.9907300115874855,0.1006216935334531
0.9403479701739851,0.9907300115874855,0.1005290496617777
0.9405550952775477,0.9907300115874855,0.1003767110773565
0.9407622203811102,0.9907300115874855,0.1000461536269562
0.9407622203811102,0.9911162611046737,0.0999451537265446
0.9409693454846727,0.9911162611046737,0.0997639428340987
0.9411764705882353,0.9911162611046737,0.0997555285728879
0.9413835956917979,0.9911162611046737,0.0996604381602544
0.9415907207953604,0.9911162611046737,0.0996025706862448
0.9417978458989229,0.9911162611046737,0.0995725605737555
0.9420049710024855,0.9911162611046737,0.0995000635070876
0.9422120961060481,0.9911162611046737,0.0991080423704678
0.9424192212096106,0.9911162611046737,0.0990991826924858
0.9426263463131731,0.9911162611046737,0.0990714996353464
0.9426263463131731,0.9915025106218617,0.0990052688734792
0.9428334714167357,0.9915025106218617,0.0988494200766769
0.9430405965202983,0.9915025106218617,0.0987992655781847
0.9432477216238608,0.9915025106218617,0.0986547800382838
0.9434548467274234,0.9915025106218617,0.0985931199076329
0.9436619718309859,0.9915025106218617,0.0985613515011066
0.9438690969345485,0.9915025106218617,0.0985402088026251
0.944076222038111,0.9915025106218617,0.0984441836328482
0.9442833471416736,0.9915025106218617,0.0984410148537827
0.9444904722452361,0.9915025106218617,0.0983760885361769
0.9446975973487987,0.9915025106218617,0.0982397079979065
0.9449047224523612,0.9915025106218617,0.0980180156357493
0.9451118475559238,0.9915025106218617,0.0978753900285936
0.9453189726594863,0.9915025106218617,0.0978372202478911
0.9455260977630489,0.9915025106218617,0.097828437983585
0.9457332228666114,0.9915025106218617,0.0977789211238284
0.945940347970174,0.9915025106218617,0.0976780495799311
0.9461474730737366,0.9915025106218617,0.097601931278586
0.9463545981772991,0.9915025106218617,0.0975186590505989
0.9465617232808616,0.9915025106218617,0.0973624591633085
0.9465617232808616,0.9918887601390498,0.0973215055661137
0.9467688483844242,0.9918887601390498,0.0972101507936373
0.9469759734879868,0.9918887601390498,0.0971549106084516
0.9471830985915493,0.9918887601390498,0.0971423985957173
0.9473902236951118,0.9918887601390498,0.0969910585025599
0.9475973487986744,0.9918887601390498,0.0967234124114874
0.947804473902237,0.9918887601390498,0.0966029778272397
0.9480115990057995,0.9918887601390498,0.0965636837405083
0.948218724109362,0.9918887601390498,0.0963383578472263
0.9484258492129246,0.9918887601390498,0.0961753795817414
0.9486329743164872,0.9918887601390498,0.096136792463502
0.9488400994200498,0.9918887601390498,0.0960941457708634
0.9490472245236122,0.9918887601390498,0.0960399681999091
0.9492543496271748,0.9918887601390498,0.0960371000643124
0.9494614747307374,0.9918887601390498,0.0956690076349657
0.9496685998343,0.9918887601390498,0.0954177053479806
0.9498757249378624,0.9918887601390498,0.0952952650217463
0.950082850041425,0.9918887601390498,0.0952578400992807
0.9502899751449876,0.9918887601390498,0.0952089011914627
0.9504971002485502,0.9918887601390498,0.0950631501732259
0.9507042253521126,0.9918887601390498,0.0943611614507499
0.9509113504556752,0.9918887601390498,0.0942192599015836
0.9509113504556752,0.9922750096562379,0.0941912860069868
0.9511184755592378,0.9922750096562379,0.0941343919682404
0.9511184755592378,0.9926612591734261,0.0940743276273894
0.9513256006628004,0.9926612591734261,0.0940007242043722
0.9515327257663628,0.9926612591734261,0.0939893477706852
0.9517398508699254,0.9926612591734261,0.0937889429341579
0.951946975973488,0.9926612591734261,0.0937794506255849
0.9521541010770506,0.9926612591734261,0.0936950510325739
0.9523612261806131,0.9926612591734261,0.0936813293903428
0.9525683512841756,0.9926612591734261,0.0936334027657671
0.9527754763877382,0.9926612591734261,0.093619473406027
0.9529826014913008,0.9926612591734261,0.0935341463043137
0.9531897265948633,0.9926612591734261,0.0934773445951795
0.9533968516984258,0.9926612591734261,0.0934460448053664
0.9536039768019884,0.9926612591734261,0.0934359826708194
0.953811101905551,0.9926612591734261,0.0934215633057604
0.9540182270091135,0.9926612591734261,0.0932607095303965
0.9540182270091135,0.9930475086906141,0.0931597794789564
0.954225352112676,0.9930475086906141,0.093125213540668
0.9544324772162386,0.9930475086906141,0.0928010600381329
0.9546396023198012,0.9930475086906141,0.0927947864143841
0.9548467274233637,0.9930475086906141,0.0927392682947769
0.9550538525269263,0.9930475086906141,0.0926609151474494
0.9552609776304888,0.9930475086906141,0.0925154345662182
0.9554681027340514,0.9930475086906141,0.0924589791607077
0.9556752278376139,0.9930475086906141,0.0924194918564948
0.9558823529411765,0.9930475086906141,0.092386466505663
0.956089478044739,0.9930475086906141,0.0923247649306865
0.9562966031483016,0.9930475086906141,0.092290367912306
0.9565037282518641,0.9930475086906141,0.0922867344954063
0.9567108533554267,0.9930475086906141,0.0922805568089055
0.9569179784589892,0.9930475086906141,0.0922805476749436
0.9571251035625518,0.9930475086906141,0.0922591112354091
0.9573322286661143,0.9930475086906141,0.091946079806231
0.9573322286661143,0.9934337582078022,0.0919325293857954
0.9575393537696769,0.9934337582078022,0.0918992883821865
0.9577464788732394,0.9934337582078022,0.0917208878342553
0.957953603976802,0.9934337582078022,0.0914099812627547
0.9581607290803645,0.9934337582078022,0.0913936795240908
0.9583678541839271,0.9934337582078022,0.0912333303764876
0.9585749792874897,0.9934337582078022,0.0911135435535422
0.9587821043910522,0.9934337582078022,0.0910285787727952
0.9589892294946147,0.9934337582078022,0.0909744537651366
0.9589892294946147,0.9938200077249904,0.0908834741656676
0.9591963545981773,0.9938200077249904,0.0908708319089909
0.9594034797017399,0.9938200077249904,0.090676445741554
0.9596106048053024,0.9938200077249904,0.0904680429131471
0.9596106048053024,0.9942062572421785,0.0902804906738835
0.9598177299088649,0.9942062572421785,0.0902450621739053
0.9600248550124275,0.9942062572421785,0.0902151505014673
0.9602319801159901,0.9942062572421785,0.0901363107044735
0.9604391052195526,0.9942062572421785,0.0900042817891386
0.9606462303231151,0.9942062572421785,0.0899848942525086
0.9608533554266777,0.9942062572421785,0.08993377799588
0.9610604805302403,0.9942062572421785,0.0899284865572029
0.9612676056338029,0.9942062572421785,0.0898608510584036
0.9612676056338029,0.9945925067593665,0.0895293786996448
0.9614747307373653,0.9945925067593665,0.0893771479550602
0.9616818558409279,0.9945925067593665,0.0890919975909511
0.9618889809444905,0.9945925067593665,0.089086536554231
0.9620961060480531,0.9945925067593665,0.0889127540224245
0.9623032311516155,0.9945925067593665,0.0888592220903426
0.9625103562551781,0.9945925067593665,0.0886374377346339
0.9627174813587407,0.9945925067593665,0.0881830961791064
0.9629246064623033,0.9945925067593665,0.0880205450152371
0.9631317315658657,0.9945925067593665,0.0878656839796421
0.9633388566694283,0.9945925067593665,0.0878555731477442
0.9635459817729909,0.9945925067593665,0.0876552305077259
0.9635459817729909,0.9949787562765546,0.0875792014248688
0.9637531068765535,0.9949787562765546,0.0875743972501313
0.963960231980116,0.9949787562765546,0.0872231465363772
0.9641673570836785,0.9949787562765546,0.087215581530027
0.9643744821872411,0.9949787562765546,0.087129585492682
0.9645816072908037,0.9949787562765546,0.0871086196796584
0.9647887323943662,0.9949787562765546,0.0868553007973791
0.9649958574979287,0.9949787562765546,0.0868312097752627
0.9649958574979287,0.9953650057937428,0.0866530572953155
0.9652029826014913,0.9953650057937428,0.0865452157362521
0.9654101077050539,0.9953650057937428,0.0863946013760271
0.9656172328086164,0.9953650057937428,0.0863714375899731
0.9658243579121789,0.9953650057937428,0.0861907857728882
0.9660314830157415,0.9953650057937428,0.0860003142901967
0.9662386081193041,0.9953650057937428,0.0859618827410383
0.9664457332228666,0.9953650057937428,0.0858077514987887
0.9666528583264291,0.9953650057937428,0.0857924432827989
0.9668599834299917,0.9953650057937428,0.0857413252613047
0.9668599834299917,0.9957512553109309,0.0853434936827377
0.9670671085335543,0.9957512553109309,0.0853169931439329
0.9672742336371168,0.9957512553109309,0.085291295941117
0.9674813587406794,0.9957512553109309,0.0851723715428845
0.9676884838442419,0.9957512553109309,0.0851592728673483
0.9678956089478045,0.9957512553109309,0.0850934435051236
0.968102734051367,0.9957512553109309,0.0849719759003634
0.9683098591549296,0.9957512553109309,0.0849643926907159
0.9685169842584921,0.9957512553109309,0.0849167665462156
0.9687241093620547,0.9957512553109309,0.084869963297647
0.9689312344656172,0.9957512553109309,0.0848404458659663
0.9691383595691798,0.9957512553109309,0.0848363985634988
0.9693454846727423,0.9957512553109309,0.0845748698920117
0.9695526097763049,0.9957512553109309,0.0845421249445127
0.9697597348798674,0.9957512553109309,0.0843973557437894
0.9697597348798674,0.9961375048281189,0.0841153991258826
0.96996685998343,0.9961375048281189,0.083893971141261
0.9701739850869926,0.9961375048281189,0.0838663984595169
0.9701739850869926,0.996523754345307,0.083678750070091
0.9703811101905551,0.996523754345307,0.0834134864785329
0.9705882352941176,0.996523754345307,0.0833548149655626
0.9707953603976802,0.996523754345307,0.083173080178281
0.9710024855012428,0.996523754345307,0.0831545516007953
0.9712096106048053,0.996523754345307,0.0829693869133843
0.9714167357083678,0.996523754345307,0.0828452614387726
0.9716238608119304,0.996523754345307,0.0827890397945281
0.971830985915493,0.996523754345307,0.0825545558274975
0.9720381110190555,0.996523754345307,0.0823341058486461
0.972245236122618,0.996523754345307,0.0821489585012639
0.9724523612261806,0.996523754345307,0.0817400202392698
0.9726594863297432,0.996523754345307,0.0815849057123823
0.9728666114333057,0.996523754345307,0.0814927737634088
0.9730737365368682,0.996523754345307,0.0813324018410833
0.9732808616404308,0.996523754345307,0.0812494924072775
0.9734879867439934,0.996523754345307,0.081235183783435
0.973695111847556,0.996523754345307,0.0811875695061814
0.9739022369511184,0.996523754345307,0.0802534333091801
0.974109362054681,0.996523754345307,0.0802205481821445
0.9743164871582436,0.996523754345307,0.0801389889473188
0.9745236122618062,0.996523754345307,0.0801375279653781
0.9745236122618062,0.9969100038624952,0.0800236200034243
0.9747307373653686,0.9969100038624952,0.0799613295182174
0.9749378624689312,0.9969100038624952,0.0796769560640104
0.9751449875724938,0.9969100038624952,0.0795509545446203
0.9753521126760564,0.9969100038624952,0.0794548164362908
0.9753521126760564,0.9972962533796833,0.0793998951930621
0.9755592377796188,0.9972962533796833,0.0793437106078071
0.9757663628831814,0.9972962533796833,0.0789086645517006
0.975973487986744,0.9972962533796833,0.0787311927416295
0.9761806130903066,0.9972962533796833,0.0786596061406784
0.9763877381938691,0.9972962533796833,0.0786324141789568
0.9765948632974316,0.9972962533796833,0.0785360759570687
0.9768019884009942,0.9972962533796833,0.0785326687415522
0.9770091135045568,0.9972962533796833,0.0780421443626862
0.9772162386081193,0.9972962533796833,0.078005309614523
0.9774233637116818,0.9972962533796833,0.0779431080246926
0.9776304888152444,0.9972962533796833,0.0779072561230507
0.977837613918807,0.9972962533796833,0.0777084103687596
0.9780447390223695,0.9972962533796833,0.0776540170450569
0.978251864125932,0.9972962533796833,0.0776293384020959
0.9784589892294946,0.9972962533796833,0.0775855356864363
0.9784589892294946,0.9976825028968713,0.0773588078377338
0.9786661143330572,0.9976825028968713,0.0769755905790137
0.9788732394366197,0.9976825028968713,0.076917125099453
0.9790803645401823,0.9976825028968713,0.0767061938396859
0.9792874896437448,0.9976825028968713,0.0763246799598196
0.9794946147473074,0.9976825028968713,0.07610239427191
0.97970173985087,0.9976825028968713,0.0760152701348361
0.9799088649544325,0.9976825028968713,0.0759040549537916
0.980115990057995,0.9976825028968713,0.0755334255719587
0.9803231151615576,0.9976825028968713,0.0754707810796391
0.9805302402651201,0.9976825028968713,0.075467603879321
0.9805302402651201,0.9980687524140595,0.0752501601574595
0.9807373653686827,0.9980687524140595,0.0750146820065784
0.9809444904722452,0.9980687524140595,0.0748674068728315
0.9811516155758078,0.9980687524140595,0.0745365644784938
0.9813587406793703,0.9980687524140595,0.0743570090472865
0.9815658657829329,0.9980687524140595,0.0742637649904682
0.9817729908864954,0.9980687524140595,0.0742400579273013
0.981980115990058,0.9980687524140595,0.0736593084419139
0.9821872410936205,0.9980687524140595,0.0733847144006922
0.9823943661971831,0.9980687524140595,0.0730988320968627
0.9826014913007457,0.9980687524140595,0.072982013170993
0.9826014913007457,0.9984550019312476,0.0728734752714769
0.9828086164043082,0.9984550019312476,0.0728454453617565
0.9830157415078707,0.9984550019312476,0.0727975002632073
0.9832228666114333,0.9984550019312476,0.0726118458590391
0.9834299917149959,0.9984550019312476,0.072422447388867
0.9836371168185584,0.9984550019312476,0.0722451461934885
0.9838442419221209,0.9984550019312476,0.0721206385890418
0.9840513670256835,0.9984550019312476,0.0717720322856201
0.9842584921292461,0.9984550019312476,0.0716036253847884
0.9844656172328086,0.9984550019312476,0.0715557980506468
0.9846727423363711,0.9984550019312476,0.0714166137008397
0.9848798674399337,0.9984550019312476,0.0713220908250081
0.9850869925434963,0.9984550019312476,0.0711343024729913
0.9852941176470589,0.9984550019312476,0.0708607301179458
0.9855012427506213,0.9984550019312476,0.0707784193920584
0.9857083678541839,0.9984550019312476,0.0701152188057445
0.9859154929577465,0.9984550019312476,0.0700253482711024
0.9861226180613091,0.9984550019312476,0.0697289564706489
0.9863297431648715,0.9984550019312476,0.068944862606439
0.9865368682684341,0.9984550019312476,0.0687816686181561
0.9867439933719967,0.9984550019312476,0.0686028968359248
0.9869511184755593,0.9984550019312476,0.0683847426738956
0.9871582435791217,0.9984550019312476,0.0679424560143009
0.9873653686826843,0.9984550019312476,0.0678268229379781
0.9875724937862469,0.9984550019312476,0.0676089442194631
0.9877796188898095,0.9984550019312476,0.0670138224169088
0.987986743993372,0.9984550019312476,0.0665633259171292
0.9881938690969345,0.9984550019312476,0.0664550589233516
0.9881938690969345,0.9988412514484357,0.0662924393040659
0.9884009942004971,0.9988412514484357,0.0660016181788105
0.9886081193040597,0.9988412514484357,0.0656948737341231
0.9888152444076223,0.9988412514484357,0.0653709742590343
0.9890223695111847,0.9988412514484357,0.063734332495881
0.9892294946147473,0.9988412514484357,0.0635859346707329
0.9894366197183099,0.9988412514484357,0.0634441492929549
0.9896437448218725,0.9988412514484357,0.0623533241089887
0.9898508699254349,0.9988412514484357,0.0620663191960683
0.9898508699254349,0.9992275009656237,0.061489178216395
0.9900579950289975,0.9992275009656237,0.0614844317832807
0.9902651201325601,0.9992275009656237,0.0613056143042253
0.9904722452361227,0.9992275009656237,0.0597806961439791
0.9906793703396851,0.9992275009656237,0.0588658286201839
0.9908864954432477,0.9992275009656237,0.0582727624006218
0.9910936205468103,0.9992275009656237,0.0581605737200398
0.9913007456503728,0.9992275009656237,0.058156979175688
0.9915078707539354,0.9992275009656237,0.0574049123174582
0.9917149958574979,0.9992275009656237,0.0570398068691617
0.9919221209610605,0.9992275009656237,0.0567018448099377
0.992129246064623,0.9992275009656237,0.0565265843166158
0.9923363711681856,0.9992275009656237,0.0557371072524508
0.9925434962717481,0.9992275009656237,0.0556555710659452
0.9927506213753107,0.9992275009656237,0.0555400449920583
0.9929577464788732,0.9992275009656237,0.0539011768204345
0.9931648715824358,0.9992275009656237,0.0534294704299948
0.9933719966859983,0.9992275009656237,0.0531355353345273
0.9935791217895609,0.9992275009656237,0.053102620391947
0.9937862468931234,0.9992275009656237,0.0528970320400148
0.993993371996686,0.9992275009656237,0.0523766603695884
0.9942004971002486,0.9992275009656237,0.0521901919390225
0.9944076222038111,0.9992275009656237,0.0520746684126605
0.9946147473073736,0.9992275009656237,0.0510717755064941
0.9948218724109362,0.9992275009656237,0.0505548196394359
0.9950289975144988,0.9992275009656237,0.0501671153647768
0.9952361226180613,0.9992275009656237,0.0501422577943498
0.9954432477216238,0.9992275009656237,0.0481181298249923
0.9956503728251864,0.9992275009656237,0.0475075143215083
0.995857497928749,0.9992275009656237,0.0460240658991499
0.9960646230323115,0.9992275009656237,0.0452958541650545
0.996271748135874,0.9992275009656237,0.0451737615731375
0.9964788732394366,0.9992275009656237,0.0444639247543648
0.9966859983429992,0.9992275009656237,0.0441239652654489
0.9968931234465617,0.9992275009656237,0.043927043992278
0.9971002485501242,0.9992275009656237,0.0428621681560444
0.9973073736536868,0.9992275009656237,0.0421822762894138
0.9975144987572494,0.9992275009656237,0.0384618936614101
0.997721623860812,0.9992275009656237,0.0380262547495062
0.997721623860812,0.9996137504828119,0.0368066014027592
0.9979287489643744,0.9996137504828119,0.0354986743509634
0.998135874067937,0.9996137504828119,0.0344301265085413
0.9983429991714996,0.9996137504828119,0.0311052306102279
0.9985501242750622,0.9996137504828119,0.0309575740137711
0.9987572493786246,0.9996137504828119,0.0305783561088075
0.9989643744821872,0.9996137504828119,0.0295375962079062
0.9991714995857498,0.9996137504828119,0.0277109435153947
0.9993786246893124,0.9996137504828119,0.0266348506610557
0.9995857497928748,0.9996137504828119,0.0233215801210372
0.9995857497928748,1.0,0.0177562330362073
0.9997928748964374,1.0,0.0070278055754999
1.0,1.0,0.0035533697990376
