fpr,tpr,threshold,ppv,acc,npv,LR+,LR-,tpr_ci_low,tpr_ci_high,ppv_ci_low,ppv_ci_high,acc_ci_low,acc_ci_high,npv_ci_low,npv_ci_high,LR+_ci_low,LR+_ci_high,LR-_ci_low,LR-_ci_high,specificity
0.0,0.0034762456546929316,0.7982019111707351,1.0,0.6521504651476338,0.6517278617710582,,0.996523754345307,0.0018299601685836412,0.006593793912635156,0.8043680064284535,1.0,0.6510582933976945,0.6532386857812879,0.6511724635374412,0.6524387216278165,,,0.9934062060873649,0.9989642463566987,1.0
0.001,0.013327153341058322,0.7626240066301253,0.877250076273772,0.6549381151408924,0.6537529202994766,,0.9876605071661079,0.010232895878373258,0.017874558330805746,0.752285161223798,0.9692726448563256,0.6529651478847139,0.6569018429486811,0.6527339273116568,0.6549260441004505,,,0.9825376740546754,0.992125242691452,0.999
0.002,0.020253600397285215,0.7501187993121653,0.8444902541826951,0.6567049442400662,0.6551195982810466,10.126800198642607,0.9817098192411972,0.01634842674776947,0.025597990643907075,0.7592661739546617,0.9315119342462301,0.6542247483130305,0.6591720729759367,0.6538338897578798,0.6565583581460673,5.761579886610155,21.293293535128203,0.9754458615101461,0.9873308089165459,0.998
0.003,0.027180047453512105,0.7376135919942053,0.829305085088186,0.6584717733392399,0.6564947611913625,9.060015817837368,0.9757471941288746,0.02224652645843747,0.03353107605132792,0.7475734908071527,0.9053457164287324,0.6554563859516908,0.661467550758636,0.6549060969120675,0.6582348798423818,5.196157186867727,17.37673034281321,0.9682083804532393,0.982664908168387,0.997
0.004,0.034106494509739,0.7251083846762453,0.8205433189609396,0.6602386024384136,0.6578784882936429,8.52662362743475,0.969772595873756,0.028688151259305645,0.04093050659036446,0.7388117246799063,0.88831378618475,0.6569040682185706,0.6635504292419929,0.6561218590300365,0.6597855928727104,5.369711282350627,14.742839427106352,0.9615299541554573,0.9774073960930916,0.996
0.005,0.04071572035534956,0.7145535569330024,0.8136669934312598,0.6618947013617364,0.6591965608806485,8.143144071069912,0.9641048036629652,0.033773224495929274,0.04901960638753941,0.7319353991502265,0.8814374606550702,0.6578955177773137,0.6658567565194362,0.6570261222282259,0.6615142699392554,4.560500958504823,14.54917817977013,0.9541921679744058,0.9734509913588228,0.995
0.006,0.04621691772885284,0.7071963358031728,0.8050915197855524,0.663164028582985,0.660261898379396,7.702819621475474,0.9595403242164459,0.039005485057920626,0.054780767643631115,0.7233599255045191,0.8646064928856022,0.6589508448242465,0.6673379868267585,0.6579824802336276,0.662687743990568,4.665524838477642,12.914175755021219,0.9491820967327218,0.9693429813370332,0.994
0.007,0.051718115102356126,0.6998391146733431,0.7984664943689166,0.6644333558042335,0.6613328410011342,7.388302157479447,0.9549666514578489,0.044148734777387455,0.06062739635092755,0.7253398729697361,0.8547816532272566,0.6599847121759588,0.6688394399626262,0.6589253109423777,0.6638856999052315,4.675147211860614,11.882277189827192,0.944093489526744,0.965298130540585,0.993
0.008,0.0572193124758594,0.6924818935435135,0.7931944349256389,0.665702683025482,0.6624094330983865,7.1524140594824255,0.9503837575848191,0.04915773534196065,0.06660251505771671,0.7200678135264584,0.8461296168581723,0.660979341242694,0.6703781210756199,0.6598420987549313,0.6651205639511789,4.605112489811615,11.23772682040608,0.9388820627094122,0.961362642619884,0.992
0.009,0.06272050984936269,0.6851246724136839,0.788899285545635,0.6669720102467304,0.6634917194928541,6.968945538818077,0.9457916146827823,0.054029288817230674,0.0727081039437685,0.7157726641464546,0.8418114025938369,0.6619322693780021,0.6719560677391457,0.660730272514753,0.666394876066643,4.478227362956734,10.84530069042052,0.933545272899225,0.9575400601138001,0.991
0.01,0.06684735288148687,0.6810460824591741,0.7818817230648601,0.6677616012687299,0.6642511151036874,6.684735288148687,0.9425784314328415,0.057973622612076406,0.07700972850703701,0.7171060965045853,0.8322670756659565,0.6625668262317385,0.6728990305023234,0.6614096265067827,0.6672335171104882,4.426916824097839,10.13434579700382,0.9300142634790485,0.9546544344606238,0.99
0.011,0.07079822718018212,0.6773872798607566,0.7753512507140874,0.6684897681231617,0.66497159925797,6.4362024709256485,0.9395366762586632,0.06164816408093002,0.08122486338375182,0.7163731293329605,0.8246953561737609,0.663111742229894,0.6738072692659539,0.6620271648917847,0.6680558110037608,4.328752775336426,9.599219856086863,0.9265747699687651,0.9520238974867256,0.989
0.012,0.0747491014788774,0.6737284772623392,0.7696028315560618,0.6692179349775939,0.6656951112922838,6.229091789906449,0.9364887636853468,0.06545058865128243,0.08531751722842179,0.7121863597574642,0.818868620866605,0.6637052519267288,0.6746687999932779,0.662681631507625,0.6688476452181742,4.289527154374258,9.099994332866734,0.9232535638043176,0.9492580349128269,0.988
0.013,0.07869997577757265,0.6700696746639218,0.7645039204872679,0.6699461018320257,0.6664216703341055,6.053844290582512,0.9334346749973935,0.06929962828819657,0.08936557491553783,0.7075687077854109,0.8139034224589824,0.6643185196475083,0.6755112774230181,0.6633522309092152,0.6696295998948903,4.268594770609019,8.665483044797742,0.9199741375152667,0.9464362371816422,0.987
0.014,0.0826508500762679,0.6664108720655042,0.7599503230255377,0.6706742686864577,0.6671512956723596,5.90363214830485,0.9303743914033794,0.07305391578538853,0.09350387996581444,0.7046102039890576,0.8084273906536177,0.664901799510102,0.6763821702602882,0.6640020904861805,0.6704380658897109,4.220570074960209,8.336211926386413,0.9166060574505323,0.9436946359829683,0.986
0.015,0.08660172437496318,0.6627520694670868,0.7558590000274266,0.6714024355408897,0.667884006759125,5.773448291664212,0.9273078940355705,0.0767325895460706,0.09771388454125934,0.7022386252010329,0.8034450267465747,0.6654614561971423,0.6772753199669007,0.6646356976574174,0.6712686280398289,4.156744839619184,8.081826514589423,0.9131673134026292,0.9410147159902623,0.985
0.016,0.09055259867365845,0.6590932668686693,0.7521629579101964,0.6721306023953217,0.6686198232113628,5.659537417103653,0.9242351639495342,0.08045662356129953,0.10188035091609184,0.7002438679502262,0.7977999433637109,0.6660394523042295,0.6781507662650125,0.6652846315696501,0.6720902088319801,4.111454740076704,7.846620445486099,0.9097681734111247,0.9382811234641326,0.984
0.017,0.0945034729723537,0.6554344642702519,0.7488075516610037,0.6728587692497537,0.6693587648126691,5.559027821903158,0.9211561821237501,0.08400725892934208,0.10621079894076595,0.6968884617010335,0.7944445371145181,0.6665592023514376,0.6790811714980033,0.6658903526852156,0.6729604421357137,4.027572351346757,7.6964958695534715,0.9062106031046332,0.9357017562331799,0.983
0.018,0.09845434727104896,0.6517756616718343,0.7457477649881465,0.6735869361041856,0.6701008515150456,5.46968595950272,0.918070929459217,0.0878167662125629,0.11029548651375003,0.6956771937816524,0.7903723904936437,0.6671714111108238,0.6799236947451163,0.6665688018509203,0.6737653295833409,4.012595066539362,7.487178583274151,0.9028841486801211,0.9328671904486812,0.982
0.019,0.10240522156974421,0.6481168590734169,0.7429461790172336,0.6743151029586177,0.6708461034406976,5.389748503670749,0.9149793867790579,0.09159768231851285,0.11440705308266959,0.6936320568008213,0.787102237906338,0.6677755657383223,0.6807736744650263,0.6672430265219127,0.6745806179860937,3.9919995361928,7.3099955852469565,0.899528831385178,0.9300504119572945,0.981
0.02,0.10635609586843948,0.6444580564749994,0.7403714344047132,0.6750432698130496,0.6715945408838513,5.317804793421974,0.911881534828123,0.09543394663954742,0.11846617390432981,0.6928102052545974,0.7836583272576407,0.6684008145692006,0.6816035731255768,0.6679358703719392,0.6753839053283692,3.984441595123714,7.137426648006253,0.896219382675622,0.927172579494252,0.98
0.021,0.11030697016713475,0.640799253876582,0.7379970524793231,0.6757714366674816,0.6723461843125964,5.252712865101655,0.9087773542725897,0.0990478146946116,0.12273479469564534,0.6904358233292073,0.7808721100158088,0.668950079916234,0.6825049536505631,0.6685708111817373,0.6762503523642468,3.9322742585298442,7.0386819098805375,0.8927092543842723,0.9244941715147984,0.979
0.022,0.11425784446583001,0.6371404512781644,0.7358005212872449,0.6764996035219136,0.6731010543707523,5.193538384810456,0.9056668256995604,0.10283168105610782,0.12684282044379866,0.6889407250626913,0.7777427782776497,0.6695602195664087,0.683348742203351,0.6692558663715149,0.6770739588295729,3.916968688509191,6.909019991216466,0.8893464312690443,0.921647458227719,0.978
0.023,0.11820871876452527,0.633481648679747,0.7337625795998195,0.6772277703763456,0.6738591718797576,5.139509511501099,0.9025499296166578,0.10668721334701561,0.13088331421908017,0.6877560834214943,0.7755444585017846,0.6701968091666158,0.6841675238172271,0.6699644365989426,0.6778809149605864,3.915783960480494,6.775231385035467,0.8860424923690146,0.918725470488993,0.977
0.024,0.12215959306322054,0.6298228460813295,0.7318666506016839,0.6779559372307776,0.6746205578405848,5.089983044300856,0.8994266464516183,0.11051132396517843,0.1349532336482237,0.6874760302915207,0.7733102414277392,0.6708237820347556,0.6849952254269043,0.6706677112506558,0.6786995161308399,3.9086486904391284,6.660532318668802,0.8827066691322987,0.9158243562649986,0.976
0.025,0.1261104673619158,0.6261640434829121,0.730098389982111,0.6786841040852096,0.6753852334356796,5.044418694476632,0.8962969565518812,0.11445741647634244,0.1389085967408527,0.6891428828050309,0.7686089943528267,0.6714945997115481,0.6857816742146812,0.6714090093815817,0.6794873610861956,3.9221730510945227,6.530763615532886,0.8794725395988479,0.9128021317967149,0.975
0.026,0.13006134166061106,0.6225052408844945,0.7284453223448467,0.6794122709396415,0.6761532200309249,5.002359294638887,0.8931608401841775,0.11812325689227024,0.1431266689370675,0.6874898151677666,0.7669559267155625,0.6720687822376307,0.6866586345445145,0.6720742999537835,0.6803561858682339,3.8889982973717414,6.467167448372329,0.8759903644988576,0.910030700034792,0.974
0.027,0.13401221595930632,0.6188464382860771,0.7268965464344519,0.6801404377940735,0.6769245391776314,4.963415405900234,0.8900182775341148,0.12186335944215035,0.14727468620426903,0.6859410392573718,0.7654071508051676,0.6726700117605228,0.6875100164569624,0.6727636661833128,0.6812079716084891,3.8693780134537032,6.3948038700328205,0.8725690194424557,0.907181805271587,0.973
0.028,0.13796309025800157,0.6151876356876597,0.7254424944481652,0.6808686046485055,0.6776992126145528,4.927253223500056,0.8868692487057597,0.1255308694131461,0.15149003132164987,0.6844869872710851,0.7639095213549253,0.6732469670304054,0.6883838349006159,0.6734348945493553,0.6820840673580917,3.839506209963882,6.341797075265348,0.8690819037033004,0.9043904207336689,0.972
0.029,0.14191396455669686,0.6115288330892422,0.7240747341991879,0.6815967715029375,0.6784772622699289,4.8935849847136845,0.8837137337212184,0.12941291029779461,0.155505037402757,0.6831192270221078,0.7618421502352222,0.6738998177222615,0.689186711781071,0.6741720270765292,0.6829023863292404,3.8433775941117263,6.254282153420121,0.8657733466552402,0.9013949283306479,0.971
0.03,0.1458648388553921,0.6078700304908247,0.7227858054872163,0.6823249383573695,0.679258710263554,4.862161295179736,0.8805517125202145,0.13298043884043914,0.15981227915640792,0.6818302983101362,0.7605532215232506,0.6744438507915385,0.6900906303238478,0.6748191768777997,0.683815237172239,3.8008035776914966,6.228241140268006,0.8621949531299086,0.8986759916313308,0.97
0.031,0.14981571315408737,0.6042112278924072,0.7215690839690806,0.6830531052118014,0.680043578908874,4.832764940454432,0.8773831649596622,0.1368005741599046,0.1638843701424142,0.6806135767920005,0.7589568150436764,0.6750769742506288,0.6909115517231038,0.6755445140083689,0.6846584747642814,3.7964297865708527,6.161368747036688,0.858825202261643,0.8957199167007523,0.969
0.032,0.15376658745278263,0.6005524252939898,0.7204186672843553,0.6837812720662335,0.680831890715109,4.805205857899457,0.8742080708132411,0.14066634917952975,0.1679140535138832,0.6794631601072753,0.7578063983589511,0.6757269009128585,0.6917167981206069,0.6762871378725124,0.6854916372984281,3.7984636445304503,6.0915057393409935,0.8554883868452836,0.8927149603391611,0.968
0.033,0.15771746175147788,0.5968936226955723,0.7193292793038114,0.6845094389206654,0.6816236683894061,4.779317022772057,0.871026409770964,0.1442404464411695,0.17221295027485403,0.6783737721267313,0.7567170103784072,0.6762758468138783,0.692615183800284,0.676943530665254,0.6864155800744713,3.760262200459925,6.073627747093407,0.8519067432156583,0.8899615309989373,0.967
0.034,0.16143847451769633,0.593979758985817,0.7180081965908779,0.6851573696273852,0.6823595168044746,4.748190426991068,0.8680761133357181,0.14780476585287586,0.1760782545259653,0.6770526894137978,0.7553959276654737,0.6768221767218826,0.6933614213012762,0.6776110545808457,0.6872182264477273,3.7464351928178496,6.015741064108781,0.848740157381426,0.8872413470051425,0.966
0.035,0.1648736557500356,0.5919922226301787,0.7163993739024744,0.6857055271318379,0.6830243773865358,4.710675878572445,0.8654159007771651,0.1511752666973528,0.17957291550981128,0.676044225000215,0.751467288382319,0.6773016160112465,0.6939775167001982,0.6782363769972013,0.687921868336501,3.7371442806890856,5.939024328353387,0.8459397443519698,0.8847288240925651,0.965
0.036,0.1683088369823748,0.5900046862745405,0.714862983040732,0.6862536846362907,0.6836919182732009,4.675245471732634,0.8627501691054202,0.1544728768008953,0.18313444255374284,0.6760546299030799,0.7497328093166898,0.6777563488925105,0.6946162155142698,0.678841397184153,0.6886505055377335,3.7188366449063945,5.87791627822154,0.8430763289481458,0.8822735743158436,0.964
0.037,0.17174401821471408,0.5880171499189022,0.71339424019434,0.6868018421407435,0.6843621557051895,4.6417302220193,0.8600789011269844,0.15788271600411877,0.1865928736577908,0.6760874229837789,0.7481077866260128,0.6782509599005386,0.6952182242494017,0.6794847652407775,0.6893471911214633,3.715341688591889,5.803971245256028,0.8402985003828448,0.879713617618574,0.963
0.038,0.17517919944705332,0.586029613563264,0.7119887737444164,0.6873499996451963,0.685035106054696,4.609978932817192,0.8574020795768678,0.16123038201579085,0.19010828647308428,0.6749567622767351,0.7465046185964259,0.678724544612902,0.6958394471266979,0.6801111605805154,0.6900656956322925,3.7043264081425007,5.743069283678816,0.8374663555090449,0.8772014491892566,0.962
0.039,0.17861438067939256,0.5840420772076258,0.7106425808054633,0.687898157149649,0.6857107858267231,4.5798559148562195,0.854719687118218,0.16462469254975554,0.19358090488507734,0.6740268704424137,0.7448655507147766,0.6792150619620184,0.6964450813011862,0.6807552948280482,0.6907723484147512,3.699216143672836,5.679143631471876,0.8346666205919991,0.8746423270827218,0.961
0.04,0.18204956191173183,0.5820545408519875,0.7093519891512363,0.6884463146541018,0.6863892116604307,4.551239047793295,0.852031706341946,0.16788554410397585,0.19717553721441236,0.6727802573899154,0.7434435250756414,0.6796596207718685,0.6970926789675416,0.6813591557952537,0.69152346126557,3.6789002475470003,5.636520412631853,0.8317571012426779,0.8721919398319797,0.96
0.041,0.18548474314407107,0.5800670044963493,0.7081136237628435,0.6889944721585546,0.6870704003305023,4.5240181254651475,0.8493381197663493,0.1712286870523204,0.20069474518706462,0.6728150151306299,0.7418767053211743,0.6801335105476185,0.6977133426964367,0.6819922380353425,0.6922516471091313,3.6686617083921806,5.58544041113275,0.8289081001716776,0.869663755690809,0.959
0.042,0.18891992437641034,0.578079468140711,0.7069243773573883,0.6895426296630074,0.6877543687485275,4.498093437533579,0.8466389098367324,0.17465082273176397,0.20414182746605936,0.6721127394969677,0.7396167411337292,0.6806355604225631,0.6983082433545766,0.6826539860193569,0.6929575180644185,3.6674648157634153,5.526941649114214,0.826115796149152,0.8670615525245593,0.958
0.043,0.19235510560874955,0.5760919317850728,0.7057813843553065,0.6900907871674602,0.688441133964401,4.473374549040687,0.8439340589250266,0.17787543162596448,0.20776876993197263,0.6709697464948858,0.7384737481316473,0.6810692248706149,0.698965362684444,0.6832534620464522,0.6937291800601649,3.644947729497189,5.495976534556002,0.8231662180776661,0.8646209841150402,0.957
0.044,0.19579028684108882,0.5741043954294345,0.7046819978272271,0.6906389446719129,0.68913071316774,4.449779246388382,0.841223549329405,0.18111325363235037,0.211383158521295,0.6698703599668064,0.737374361603568,0.6815080468198066,0.6996175546279016,0.6838593234174443,0.6945001214397205,3.6245231648990113,5.465171608055414,0.8202237908018097,0.8621613552830419,0.956
0.045,0.19922546807342806,0.5721168590737963,0.7036237690299568,0.6911871021763658,0.6898231236893181,4.427232623853957,0.8385073632738974,0.184323516062833,0.21502185171077334,0.6688121311695362,0.7363161328062977,0.6819377765024619,0.7002777026464155,0.6844576353056597,0.6952838299999636,3.60170187833764,5.439524100353635,0.8172580039114343,0.8597165828272169,0.955
0.046,0.202252607184241,0.5705421971455107,0.7021831250335248,0.6915928272886611,0.690409036946433,4.396795808353065,0.8362132000165189,0.18723368320769776,0.21815451772513203,0.6673714871731041,0.7348754888098656,0.6822632652176507,0.7007607041373369,0.6849857692411901,0.6959259102918122,3.5820905903301847,5.393366347146874,0.8147970840227678,0.8576022181662106,0.954
0.047,0.20504982618771728,0.5692001781911867,0.7005555628868156,0.69191829580693,0.6909354112574916,4.362762259313134,0.8341554814399609,0.1899866708082113,0.22099158238365843,0.6658951920778207,0.7322266644144981,0.6825343855942898,0.701140024923991,0.685479501197314,0.6964841853147573,3.5658561419138097,5.335791750709356,0.8126272446109863,0.85566346072262,0.953
0.048,0.2078470451911935,0.5678581592368628,0.698979035149248,0.6922437643251987,0.691463697169008,4.330146774816532,0.8320934399252169,0.192741991988176,0.2238265148958319,0.6656253479878642,0.7305479479001015,0.6828068028000899,0.7015181191943183,0.6859760242060754,0.6970435157888109,3.550433566250332,5.28051747837902,0.8104553893031364,0.853717896539604,0.952
0.049,0.21064426419466978,0.5665161402825388,0.6974511784942385,0.6925692328434677,0.6919939051132844,4.298862534585098,0.8300270618352579,0.19542513065565412,0.22672627303437967,0.6641544127000518,0.7287091262694518,0.6830544900524681,0.7019183754015995,0.6864491297796245,0.6976291680761902,3.528369375610528,5.235853092856756,0.8082275763167421,0.8518261006595502,0.951
0.05,0.21325608342989572,0.5652309852717926,0.6957858655106363,0.6928299851692058,0.6924758586120892,4.265121668597914,0.8281514911264255,0.19794327154918478,0.22942212471270812,0.6627992477520807,0.7268902026031715,0.6832450355844117,0.7022470025241029,0.6868809538730093,0.698159818939346,3.505362890980221,5.187141421033134,0.80620656308947,0.8501074560678792,0.95
0.051,0.2156803398995751,0.5640033576172989,0.6939839259162413,0.6930252662801671,0.6929086121484085,4.229026272540689,0.8264696102217333,0.20035651251950165,0.23185625217550976,0.6610293747734729,0.7251066698070671,0.6833994045890858,0.7024838312655305,0.6872929783766913,0.6986129625643831,3.4874574293992655,5.127727723155214,0.8044389988564741,0.8485152584046995,0.949
0.052,0.21810459636925453,0.5627757299628053,0.6922310454160746,0.6932205473911284,0.6933428216068444,4.194319160947202,0.8247841810450902,0.20275818736084703,0.23430073716869332,0.6593492724724865,0.7233347928527813,0.6835501643084475,0.702723847415265,0.6877024310125271,0.6990714340632483,3.4690577368926467,5.071994999554365,0.8026600211334936,0.8469284390175796,0.948
0.053,0.22052885283893395,0.5615481023083118,0.6905252474138679,0.6934158285020897,0.6937784943470626,4.160921751677999,0.8230951923559304,0.2050915075558643,0.23680635726284147,0.6581389279223687,0.7212521755947227,0.6836774824351355,0.7029847850817739,0.6880888789862957,0.6995548895991942,3.4449813593937293,5.025637370949386,0.8008298091751945,0.8453921133657318,0.947
0.054,0.22295310930861337,0.5603204746538181,0.6888646600892477,0.6936111096130511,0.6942156377784165,4.12876128349284,0.8214026328661593,0.20738056020339674,0.2393512823254168,0.6564783405977486,0.7195915882701025,0.6837897546814028,0.7032590363761512,0.6884604591846262,0.7000554775236694,3.4176505969380253,4.985710521005911,0.7989665399488172,0.8438860858639406,0.946
0.055,0.22537736577829276,0.5590928469993245,0.6872475095460531,0.6938063907240123,0.6946542593603673,4.09777028687805,0.8197064912399019,0.2097166396609214,0.24185407906470804,0.6550088520726015,0.7176126765450264,0.6839188370127481,0.703518187465737,0.6888503880629562,0.7005413084034314,3.395440289280731,4.942576652056473,0.7971335201642111,0.8423383315773212,0.945
0.056,0.22769007338740826,0.5579739012640225,0.6855665403201647,0.6939627342591344,0.6950637521613072,4.06589416763229,0.8181249222591014,0.2119627976689326,0.2442259427646159,0.6537260666629966,0.7157583381221662,0.6840169158202354,0.7037312499567929,0.6892189765051688,0.7009905121330948,3.373874204080565,4.896928533789822,0.7954308599473606,0.8408873895700113,0.944
0.057,0.22972064718252436,0.557129838160594,0.6836619441422251,0.6940205953290488,0.6953970050992476,4.030186792675866,0.816839186444831,0.2139567753273225,0.2462890062080682,0.6519500344039729,0.7137647008611786,0.6840273429269838,0.7038361465957854,0.6895224038750458,0.7013528395251195,3.3506813526082646,4.845063087455653,0.7940449258818896,0.8397084944103692,0.943
0.058,0.23175122097764045,0.5562857750571657,0.6818010014631859,0.6940784563989633,0.6957312863137884,3.995710706511042,0.8155507208305304,0.2159520271350769,0.24835091453080493,0.6502038444350563,0.7118267646662501,0.6840385807199202,0.7039402740970829,0.6898273735227165,0.7017156956749696,3.3283369220717,4.794960904071715,0.7926575452617565,0.8385254840377881,0.942
0.059,0.2337817947727565,0.5554417119537373,0.6799822284749443,0.6941363174688778,0.696066600571519,3.9624033012331616,0.8142595167133299,0.21795310422853545,0.2504076339133071,0.6484338657016631,0.7099939056525901,0.6840522112433176,0.7040422309925551,0.6901355910532657,0.7020774560223678,3.3071824340798823,4.746099222587148,0.791271722722004,0.8373348788462737,0.9410000000000001
0.06,0.2358123685678726,0.5545976488503088,0.6782042078633546,0.6941941785387922,0.6964029526685345,3.9302061427978767,0.8129655653533271,0.21997685374534476,0.2524442537224866,0.6466864238790574,0.7082243630951548,0.6840741048007883,0.7041368229406088,0.690453403082063,0.7024320538553845,3.2885510204098996,4.696852754405513,0.7898984925867808,0.8361239103056611,0.94
0.061,0.2378429423629887,0.5537535857468804,0.6764655851247493,0.6942520396087067,0.6967403474306658,3.899064628901454,0.811668857973388,0.221968902264495,0.25450893499948124,0.6450591073610698,0.7064078591372024,0.6840852731915117,0.7042408696303376,0.690760404274811,0.7027990415131533,3.2679020230281925,4.6521984886637,0.7885019008553796,0.8349340152859908,0.9390000000000001
0.062,0.2398735161581048,0.552909522643452,0.6747650651246371,0.6943099006786211,0.6970787897137093,3.868927679969432,0.8103693857589501,0.22393547779554562,0.2565961135483508,0.6435352608951058,0.7045591747231191,0.6840878826223512,0.7043524365676257,0.6910588447143834,0.7031762648872032,3.2458373434029086,4.611338507081452,0.7870863579360285,0.8337601868548965,0.938
0.063,0.24190408995322088,0.5520654595400235,0.6731014088801984,0.6943677617485357,0.6974182844036599,3.8397474595749346,0.8090671398578219,0.2259562241528561,0.25863537027503225,0.641921559582282,0.7028898224486164,0.6841097263451759,0.7044469505088092,0.6913788529798074,0.7035349006541082,3.228684696053019,4.5670802207793,0.785703712675455,0.8325423741120823,0.937
0.064,0.24393466374833697,0.5512213964365951,0.6714734305497878,0.69442562281845,0.6977588364169469,3.811479121067765,0.807762111379982,0.2279379412138204,0.26070907827309897,0.6404722829092473,0.7011041016073837,0.6841182645917895,0.7045531719072435,0.6916851181452827,0.7039087456912392,3.2090087377385808,4.527648007720366,0.7842934204413369,0.8313507114428662,0.9359999999999999
0.065,0.24596523754345306,0.5503773333331666,0.6698799946140639,0.6944834838883646,0.6981004507006707,3.7840805775915856,0.8064542913973763,0.2299008951631149,0.2627992603703549,0.6390088049408905,0.6994007604514095,0.6841205666785466,0.7046648304560551,0.6919852007962064,0.7042905644671099,3.1884616655664764,4.4910930909170865,0.782868981900204,0.8301696528267177,0.935
0.066,0.24799581133856916,0.5495332702297382,0.668320013234668,0.6945413449582789,0.6984431322328422,3.7575122930086233,0.8051436709437161,0.23189995029581917,0.264857580535315,0.6375474044887167,0.6977749686898767,0.6841357748326216,0.7047650627031048,0.6923001787976292,0.7046602242216644,3.171209679167396,4.4526791671386405,0.7814651693170854,0.8289586067773943,0.9339999999999999
0.067,0.25002638513368525,0.5486892071263099,0.6667924437775399,0.6945992060281936,0.6987868860226255,3.731737091547541,0.8038302410142708,0.23389532291868517,0.2669191162515673,0.6361497241189656,0.6961602357928567,0.684149995661867,0.7048661192770509,0.6926148240315585,0.7050322917855256,3.154160072927664,4.415777626595683,0.7800565846921333,0.8277471338445862,0.933
0.068,0.2520569589288013,0.5478451440228814,0.665296286489023,0.6946570670981078,0.6991317171105806,3.7067199842470777,0.8025139925656639,0.23586742610983114,0.2690010463998641,0.6348434817115848,0.6944813081088683,0.6841563859521799,0.7049740028340222,0.6929214709991323,0.705414089271004,3.1358770454994085,4.381905969617516,0.77863122612642,0.82654936263731,0.9319999999999999
0.069,0.25408753272391743,0.547001080919453,0.6638305823138703,0.6947149281680224,0.6994776305689114,3.6824280104915568,0.8011949165156633,0.23783369768305085,0.2710880070117191,0.6334973993615972,0.6929206722679268,0.6841610266747996,0.7050833563053691,0.6932268196316146,0.7057992238718407,3.117658973085799,4.3495435721386135,0.7772001315712133,0.8253523929886258,0.931
0.07,0.2561181065190335,0.5461570178160245,0.6623944108451484,0.6947727892379367,0.6998246315017128,3.6588300931290494,0.7998730037429749,0.23983860303770616,0.2731410583638981,0.6324407318819071,0.6911940075605492,0.6841794338124241,0.7051805925172776,0.6935483907801059,0.7061710014786611,3.102682536199208,4.315096529179064,0.7757902154189696,0.824124373211719,0.9299999999999999
0.071,0.25814868031414956,0.5453129547125961,0.6609868883968272,0.6948306503078513,0.7001727250452231,3.6358969058330928,0.7985482450870296,0.24179555920535764,0.27523600217605765,0.6310332094335859,0.689786485112228,0.6841813799794785,0.7052921755206726,0.6938520375604245,0.706561983496489,3.0847099006539858,4.285422561862749,0.7743491428498236,0.8229272178589973,0.929
0.072,0.2601792541092656,0.5444688916091677,0.6596071661905767,0.6948885113777657,0.7005219163680763,3.6136007515175783,0.7972206313477741,0.2437189048351233,0.2773600700616412,0.6296534872273354,0.6883483896847057,0.684171863358596,0.7054136552534238,0.6941430220887629,0.7069671293367384,3.064812357464784,4.259261373313045,0.7728866077637958,0.8217498103439554,0.928
0.073,0.26220982790438174,0.5436248285057392,0.658254428648951,0.6949463724476802,0.7008722106715586,3.5919154507449558,0.7958901532854565,0.24568807400985962,0.2794440369334554,0.6286032108488038,0.6866847668169781,0.6841786063083944,0.7055208729391935,0.6944532640791793,0.7073560711109279,3.048588190777271,4.230359070816934,0.7714490701156407,0.8205365937721344,0.927
0.074,0.26424040169949786,0.5427807654023108,0.6569278917877484,0.6950042335175948,0.7012236131898666,3.570816239182404,0.7945568016204125,0.24764949077769807,0.28153461170592725,0.6274199540427036,0.6852701474620564,0.6841829024830058,0.7056301378954111,0.6947612751560936,0.707749272112834,3.032220016996816,4.20288826125937,0.770005080987795,0.8193251050265692,0.926
0.075,0.2662709754946139,0.5419367022988825,0.6556268017008902,0.6950620945875091,0.7015761291903678,3.550279673261519,0.7932205670328497,0.24963738850198952,0.2836021390406667,0.6262625820006379,0.6838569518607768,0.6841966966807421,0.7057311033427226,0.6950811419178381,0.7081333650791057,3.0180713679392146,4.174189315316372,0.7685737838529076,0.8180921168071646,0.925
0.076,0.26830154928973005,0.541092639195454,0.6543504331316624,0.6951199556574237,0.701929763973864,3.530283543285922,0.7918814401626297,0.25166796229710564,0.28563271283578284,0.6250925811359211,0.6825102738375566,0.6842256381306211,0.7058189190615918,0.695419760725461,0.7085018322997205,3.0071661266665006,4.143091848319184,0.7671635137922316,0.8168272374129808,0.924
0.077,0.2703321230848461,0.5402485760920256,0.6530980881246342,0.695177816727338,0.7022845228748568,3.5108067933096896,0.7905394116090507,0.2536435860740472,0.2877107836244369,0.6239913611042951,0.6811229077829083,0.6842356449340512,0.7059230678520428,0.6957367473903819,0.7088930134822284,2.9928330145072173,4.116902131928132,0.7657204080685084,0.8155960229949921,0.923
0.078,0.2723626968799622,0.5394045129885972,0.651869094752986,0.6952356777972526,0.7026404112618156,3.4918294471790023,0.7891944719306266,0.25560357381728627,0.2898022289024629,0.622884423669096,0.6797851030908386,0.6842404347254512,0.7060316442331586,0.6960481582181687,0.7092916607240922,2.9777866573225733,4.092578860588176,0.7642667517714365,0.814371554812536,0.922
0.079,0.2743932706750783,0.5385604498851687,0.6506628059163725,0.6952935388671669,0.7029974345374493,3.4733325401908646,0.7878466116448661,0.25761576904313854,0.2918486221508896,0.6217555423843601,0.6785243737859138,0.6842636849522229,0.706124257882536,0.6963825477489791,0.7096707266774333,2.966532673098503,4.065127821236377,0.7628385388345952,0.8131094480653908,0.921
0.08,0.2764238444701944,0.5377163867817403,0.6494785982047999,0.6953513999370815,0.7033555981389786,3.45529805587743,0.7864958212280495,0.259597332157782,0.2939213350110119,0.6207050093208877,0.6772233200070324,0.6842764752994025,0.7062258260776458,0.6967051149953073,0.7100632035945768,2.953536323358697,4.040594921867093,0.7613916395312059,0.8118640099042709,0.92
0.081,0.2784544182653105,0.5368723236783118,0.6483158708243297,0.695409261006996,0.7037149075384129,3.4377088674729688,0.7851420911150049,0.2615643596124918,0.29600641812526135,0.6197067406560355,0.6759012687002943,0.6842844204861067,0.706331483570263,0.6970224768873079,0.7104628174256656,2.939885078037433,4.017743697555221,0.7599350526380259,0.810624312909322,0.919
0.082,0.28048499206042654,0.5360282605748834,0.6471740445807144,0.6954671220769103,0.7040753682428283,3.420548683663738,0.7837854116988817,0.26354050121474354,0.2980835682224087,0.6186961959654288,0.6746513883574353,0.6842957729354083,0.7064341460891741,0.6973447090058319,0.7108600421525033,2.9271133450427707,3.9948552344148647,0.7584809605991738,0.8093751794519273,0.918
0.083,0.28251556585554266,0.535184197471455,0.6460525609173571,0.6955249831468249,0.7044369857946495,3.4038019982595498,0.7824257733309239,0.26553620913554465,0.3001439171280832,0.6177586911364624,0.6734409957204438,0.6843141770053954,0.7065307221908519,0.697676459970236,0.7112505059729939,2.9158711728331586,3.9711863035466823,0.7570341857338035,0.808110361580997,0.917
0.084,0.2845283486816694,0.5343864712617868,0.6449365630985412,0.695576634048381,0.7047945921197053,3.3872422462103495,0.78108258877547,0.26747858394024554,0.30221668839082455,0.6166461738356631,0.6721928311491544,0.6843141819374002,0.706631416999726,0.6979885481842042,0.711651720287056,2.902395805578984,3.950378449377758,0.7555872933609273,0.806883310794854,0.916
0.085,0.2865035778902645,0.5336865541139475,0.6438099564802136,0.6956151763729128,0.7051424010604845,3.3706303281207584,0.7797775105024431,0.2694398329922134,0.30420380559863974,0.6156662253322414,0.6710020699908403,0.6843209891438232,0.7067019991766209,0.6983155336823124,0.7120198187273628,2.8923264657518484,3.9257646198812948,0.754205928411996,0.8056595559159927,0.915
0.086,0.28847880709885954,0.5329866369661083,0.6427026266385495,0.6956537186974446,0.7054913156494642,3.3544047337076695,0.7784695764782719,0.2713995559148568,0.3061922108784813,0.6146267653503011,0.6698467031916236,0.6843274742059169,0.7067728204008593,0.6986429693960253,0.7123896380264955,2.8823746770001266,3.9018591940485705,0.7528211316911472,0.8044337374884925,0.914
0.087,0.2904540363074546,0.532286719818269,0.6416140830181016,0.6956922610219766,0.7058413411671474,3.3385521414649957,0.7771587773193268,0.2733549166814224,0.30818430992275636,0.6135950886441378,0.6687189184690836,0.6843326438659013,0.7068447237164391,0.6989695976066559,0.7127623737536751,2.8723627171885053,3.878826645315403,0.7514316046888486,0.8032075192001691,0.913
0.088,0.29242926551604964,0.5315868026704297,0.6405438515682916,0.6957308033465083,0.7061924829277161,3.323059835409655,0.7758451036008227,0.2752724447648471,0.3102084367145219,0.612658193089029,0.6675260210875108,0.6843248127627536,0.70692760150711,0.6992804256872984,0.7131521565340302,2.8602479543644623,3.8588640255605533,0.750022409355251,0.8020003942785299,0.912
0.089,0.2944044947246447,0.5308868855225904,0.6394914740550617,0.6957693456710402,0.706544746279301,3.307915671063424,0.7745285458565919,0.27723821563612794,0.31219166844849355,0.611663432763505,0.6664357238059554,0.6843340226279866,0.7069960031498305,0.6996139172691653,0.7135227606014501,2.8513018267027,3.83620014166576,0.748632318905564,0.8007618647916384,0.911
0.09,0.2963797239332398,0.5301869683747512,0.6384565074066914,0.695807887995572,0.7068981366042525,3.2931080437026647,0.7732090945788574,0.2791871322195451,0.31418913584005126,0.6107034018650751,0.6653371051110916,0.684337547132649,0.7070691760862764,0.6999409553311147,0.7139016240824845,2.84152765069223,3.815164636037254,0.7472320899310428,0.7995300245744889,0.91
0.091,0.29835495314183486,0.5294870512269119,0.6374385230918159,0.6958464303201038,0.7072526593194153,3.278625858701482,0.7718867402180035,0.2811152045871848,0.31620415126941454,0.6097921470215301,0.6642277763657825,0.6843339905880642,0.7071482794983186,0.7002596338892861,0.7142905407614379,2.830710413643393,3.795964595603904,0.7458203585569683,0.7983068255288995,0.909
0.092,0.3003301823504299,0.5287871340790726,0.6364371065278139,0.6958849726446357,0.707608319876404,3.2644585038090206,0.7705614731823459,0.2830470798413132,0.31821586739503477,0.6088878362011433,0.6631215766517574,0.6843319535116892,0.7072260392242367,0.7005810343004238,0.7146790878600175,2.8203266582485553,3.7769699535024426,0.7444079773620665,0.797078010295847,0.908
0.093,0.302305411559025,0.5280872169312334,0.6354518565178467,0.6959235149691676,0.7079651237618847,3.2505958232153227,0.7692332838378996,0.28499370733345525,0.32021512029512195,0.608030223394127,0.662043869899,0.6843352551200574,0.7072992592748916,0.7009102614597744,0.7150624863232757,2.811010310186616,3.7574716099170042,0.7429992063536727,0.7958377101600068,0.907
0.094,0.30428064076762007,0.5273872997833942,0.6344823847149448,0.6959620572936993,0.7083230764978548,3.237028093272554,0.7679021625081456,0.28692766510353046,0.3222249461818438,0.6072154843228768,0.6609747877911913,0.6843343220255388,0.7073759821357491,0.701234704795022,0.7154525927290121,2.8011337242873022,3.7392155066119015,0.7415828530025524,0.7946010041786387,0.906
0.095,0.3062558699762151,0.5266873826355548,0.6335283151116362,0.6960005996182311,0.708682183641929,3.223745999749633,0.7665680994737955,0.28884829146884977,0.3242458190388659,0.6063366778809315,0.659899755289027,0.6843289192739841,0.7074563772421824,0.7015539141546142,0.715849826672411,2.79066415514103,3.7222147472666482,0.7401591034265943,0.7933678523204147,0.905
0.096,0.30823109918481023,0.5259874654877156,0.632589283553709,0.6960391419427631,0.7090424507876275,3.21074061650844,0.765231084972555,0.2907902945809635,0.3262487486678145,0.6055123328356176,0.6588698220481846,0.6843311595817777,0.7075303278034872,0.7018841682567838,0.7162389357343618,2.7816214329574827,3.704261911693006,0.7387411480697925,0.7921199556933151,0.904
0.097,0.3102063283934053,0.5252875483398763,0.6316649372767851,0.6960776842672949,0.709403883564665,3.1980033854990233,0.7638911091988867,0.29274156731931567,0.3282439148407368,0.6046624503900087,0.6578846482881103,0.684336814285643,0.707601389716958,0.7022199190252857,0.7166251443251823,2.7732802500520686,3.686126110934399,0.7373239715999107,0.7908640258048405,0.903
0.098,0.31218155760200034,0.524587631192037,0.6307549344644694,0.6961162265918267,0.7097664876392453,3.185526097979595,0.762548162303769,0.2946945367320566,0.330237640708668,0.6038792477309916,0.6568849368446276,0.684343237496248,0.7076717726127506,0.7025576169203913,0.7170117912822684,2.7651910958306867,3.668276584141798,0.7359046847938686,0.7896040438577857,0.902
0.099,0.31415678681059545,0.5238877140441978,0.6298589438269077,0.6961547689163585,0.7101302687143564,3.1733008768747015,0.7612022343944557,0.29661834642776663,0.33225549504419816,0.6030574215178849,0.6558981904009192,0.684339656205467,0.7077504037870928,0.7028824215915893,0.7174127661549536,2.7555946091692696,3.652596464319478,0.7344727974387733,0.7883551875145023,0.901
0.1,0.3161320160191905,0.5231877968963585,0.628976644198665,0.6961933112408905,0.7104952325300702,3.161320160191905,0.7598533155342327,0.2985551488657279,0.33426248084105886,0.6022810968875968,0.6549214632836411,0.684340782778194,0.7078250685787242,0.7032144929673741,0.7178092148760995,2.7468954650053927,3.6364705834022435,0.7330430314776448,0.7870963451999681,0.9
0.101,0.31810724522778555,0.5224878797485192,0.6281077241548977,0.6962318535654222,0.7108613848638439,3.149576685423619,0.758501395742174,0.3005094849591875,0.33625494074482054,0.6014798703216634,0.653997748288574,0.6843481989300197,0.707894493689713,0.7035562133995759,0.7181989386618283,2.739336474674933,3.619623270871366,0.731616300731355,0.7858257988931449,0.899
0.102,0.3200824744363806,0.5217879626006799,0.6272518816448562,0.6962703958899541,0.711228731530825,3.1380634748664766,0.7571464649928946,0.30246349631431924,0.33824763382641093,0.6006956954117996,0.6530826968201273,0.6843556687390114,0.7079638331831569,0.7038989262599002,0.7185900380510272,2.7318932309968877,3.603145335738174,0.730186724422647,0.7845521652880105,0.898
0.103,0.3220577036449757,0.5210880454528407,0.6264088236418106,0.6963089382144859,0.7115972783841596,3.1267738217958807,0.7557885132163036,0.30440292632408955,0.3402522850450602,0.5999575528002561,0.652144545251351,0.6843582135869225,0.7080371819728176,0.7042356134485003,0.7189890717415505,2.7237728734731816,3.5878761441542077,0.7287500212710013,0.7832819608477009,0.897
0.104,0.32403293285357077,0.5203881283050014,0.6255782658085486,0.6963474805390177,0.7119670313153025,3.1157012774381805,0.7544275302973541,0.3063259306127808,0.3422702855520147,0.599222474422366,0.6512251446999726,0.6843551875572885,0.7081150277712825,0.7045651433727842,0.7193970854733923,2.7148749284817244,3.573907676522125,0.7273063544288388,0.7820154015751289,0.896
0.105,0.3260081620621658,0.5196882111571621,0.6247599321776444,0.6963860228635496,0.7123379962543318,3.1048396386872934,0.7530635060757924,0.30827728845753544,0.34426500495456247,0.5985337814287005,0.6502892608640124,0.6843622197827003,0.708184585919709,0.7049099346519089,0.719793208050954,2.707686471022287,3.5585508343191945,0.725868075321445,0.7807328697764689,0.895
0.106,0.32798339127076087,0.5189882940093229,0.6239535548457401,0.6964245651880814,0.7127101791702656,3.0941829365166122,0.7516964303459052,0.3102212789690841,0.3462656816586283,0.5978454274244723,0.6493754217655588,0.6843668397424509,0.7082560641439568,0.7052521463586691,0.7201940725245888,2.7002135692502076,3.5439384240080636,0.724425203011584,0.7794500904877663,0.894
0.107,0.329958620479356,0.5182883768614837,0.6231588736811309,0.6964631075126132,0.7130835860713821,3.08372542504071,0.7503262928562643,0.3121431185887363,0.3482842425353271,0.5970694562440958,0.6485633038879042,0.68436388430315,0.7083336284135858,0.7055840820433585,0.7206068307673958,2.6916418899786603,3.530931054073858,0.7229746445560112,0.7781726722211406,0.893
0.108,0.33193384968795103,0.5175884597136443,0.6223756360439828,0.696501649837145,0.713458223005543,3.073461571184732,0.748953083309472,0.3140940287769238,0.35027914406899435,0.5964205961473528,0.6476730362320187,0.6843712310572118,0.7084027793482628,0.7059320322374705,0.7210070666612012,2.684795999734006,3.516484424388022,0.7215284050877467,0.7768799934321983,0.892
0.109,0.3339090788965461,0.5168885425658051,0.6216035965185506,0.696540192161677,0.7138340960605203,3.0633860449224413,0.7475767913619011,0.31604462492045454,0.3522742543527441,0.5958075053911197,0.6467393553714826,0.6843786210457767,0.7084718502940003,0.7062809884239264,0.7214087432178546,2.6780445261629313,3.5023392527605313,0.7200793522868746,0.7755840654695142,0.891
0.11,0.33588430810514114,0.5161886254179658,0.6208425166567999,0.6965787344862087,0.7142112113643255,3.0534937100467374,0.7461974066234369,0.31796059329221216,0.3542971162147758,0.595046425529369,0.645978275509732,0.684374074781155,0.7085504572684468,0.7066128273651594,0.7218286616006633,2.6695048255625022,3.490500790242136,0.7186211691453953,0.7742971909456464,0.89
0.111,0.33785953731373625,0.5154887082701265,0.6200921647328703,0.6966172768107406,0.7145895750855432,3.0437796154390653,0.7448149186572145,0.3199200343715414,0.3562849884494886,0.594412486546394,0.6451244010319871,0.6843848530352349,0.7086167008533242,0.7069687217153481,0.7222286820290093,2.663461495301363,3.476368479854555,0.7171685523217465,0.77299102865646,0.889
0.112,0.3398347665223313,0.5147887911222873,0.6193523155078494,0.6966558191352724,0.7149691934336668,3.0342389868065296,0.7434293169793565,0.32185085621103954,0.3582956658323319,0.5937361946552456,0.6443256380142951,0.6843857893272718,0.7086907569161658,0.7073104631277235,0.7226442009273718,2.6559529483320876,3.464174331324032,0.7157086213245428,0.7716911150245266,0.888
0.113,0.34180999573092635,0.514088873974448,0.6186227500043553,0.6966943614598042,0.7153500726594392,3.0248672188577554,0.7420405910587076,0.3238214370455225,0.3602745957638721,0.5931276756255249,0.6434886909306262,0.6844007497373124,0.7087535853941832,0.7076747811004112,0.7230412608146738,2.650717613600028,3.4499093888103003,0.7142519385878294,0.7703746140366088,0.887
0.114,0.34378522493952146,0.5133889568266087,0.617903255290454,0.696732903784336,0.7157322190551942,3.015659867890539,0.7406487303165672,0.3257498279816545,0.3622870081902876,0.592481319923516,0.6427010811415436,0.6844011272626798,0.7088279573248123,0.7080173983811315,0.7234607978410154,2.6432820529274346,3.4383467872026032,0.7127867802738692,0.7690680435176535,0.886
0.115,0.3457604541481165,0.5126890396787694,0.6171936242724639,0.696771446108868,0.7161156389552052,3.0066126447662302,0.739253724126422,0.3277086315488985,0.36427522952151303,0.5918410089268814,0.641932144941347,0.684412263114494,0.7088937426367611,0.7083777646972285,0.7238663822199889,2.6375953978526954,3.4252571449988998,0.7113227667096008,0.7677485345895098,0.885
0.116,0.34773568335671157,0.5119891225309302,0.6164936554962236,0.6968099884333997,0.7165003387360332,2.9977214082475134,0.7378555618136747,0.32965675205619294,0.3662718449002075,0.5911899316867365,0.6411919772597762,0.6844198107011454,0.7089623172043922,0.7087334509756181,0.7242787348652427,2.6314203687978717,3.4130215082482485,0.7098548100008037,0.7664286928692386,0.884
0.117,0.3497109125653066,0.5112892053830909,0.6158031529564226,0.6968485307579316,0.7168863248168819,2.988982158677834,0.7364542326553719,0.33162659953395285,0.36825131133339745,0.5905646185901728,0.6404472310824427,0.6844350823230766,0.709024765755704,0.7091024382437936,0.7246812935770361,2.626501501288233,3.399770402506811,0.7083858760849617,0.7650994485341486,0.883
0.118,0.35168614177390173,0.5105892882352516,0.6151219259136155,0.6968870730824634,0.7172736036599527,2.980391031982218,0.7350497258799301,0.33360182874254796,0.37022654054199255,0.589956915461294,0.6397456898400686,0.684452370452479,0.7090855973042841,0.7094757248790289,0.725082374310991,2.6219406160131484,3.3864545669787156,0.7069141790377345,0.7637656030859342,0.882
0.119,0.3536613709824968,0.5098893710874124,0.6144497887185614,0.6969256154069952,0.7176621817708083,2.9719442939705614,0.7336420306668595,0.3355415958984381,0.37222960939173244,0.5893605877425063,0.6389677176193428,0.6844574162421462,0.7091560104910314,0.7098304477890063,0.7255030420541232,2.615581737239935,3.375362403038727,0.7054369318268565,0.762437700072892,0.881
0.12,0.35563660019109183,0.509189453939573,0.6137865606435488,0.6969641577315271,0.7180520656987339,2.9636383349257653,0.7322311361464866,0.33747460885670727,0.374237830130357,0.5886973596674937,0.6382322934734466,0.6844602390641371,0.7092280873388195,0.7101824296836154,0.7259287148272023,2.6089491722857665,3.364860282507674,0.7039570296437911,0.7611074809719196,0.88
0.121,0.3576118293996869,0.5084895367917338,0.6131320657203826,0.6970027000560589,0.7184432620371073,2.9554696644602223,0.7308170313996737,0.3394277810162331,0.3762302179013131,0.5881940326389143,0.637506131140039,0.6844702319425334,0.709294504258119,0.7105470151242705,0.7263453012517043,2.6034659097119746,3.3534266304431877,0.7024753825492578,0.7597687613853733,0.879
0.122,0.359587058608282,0.5077896196438946,0.6124861325847305,0.6970412423805907,0.7188357774237696,2.9474349066252623,0.7293997054575376,0.3413823766151498,0.3782214477583261,0.5876109649441202,0.6368094804357786,0.6844808534994555,0.7093603851839921,0.7109136518808999,0.7267625243893717,2.5981354531264818,3.3421154196041023,0.7009909114412676,0.7584261976587436,0.878
0.123,0.36156228781687705,0.5070897024960553,0.6118485943265367,0.6970797847051226,0.7192296185414008,2.939530795259163,0.7279791473011664,0.3433284338645039,0.38021921536799363,0.5870811927722582,0.6360661010281696,0.6844886259189811,0.7094284169129765,0.7112765407733564,0.7271857149814015,2.5924288522565515,3.331481662928873,0.6995037255650166,0.7570816644442475,0.877
0.124,0.3635375170254721,0.506389785348216,0.6112192883462322,0.6971183270296545,0.7196247921178991,2.931754169560259,0.7265553458613332,0.3452780793499373,0.38221412722557563,0.5865080248008445,0.6353872562599445,0.6844977799867362,0.7094953226767651,0.7116427096926216,0.7276084367927779,2.5869858236170606,3.320838617113961,0.6980138335196292,0.7557327112444928,0.876
0.125,0.36551274623406715,0.5056898682003768,0.6105980562164778,0.6971568693541862,0.7200213049267643,2.9241019698725372,0.725128290018209,0.3472434779673927,0.3841968980128299,0.5859303551585557,0.6347318727446256,0.6845125605942872,0.7095578627377167,0.7120194552202432,0.7280240309406804,2.582444800451768,3.3095028444256847,0.6965203406375429,0.7543776641186566,0.875
0.126,0.36748797544266226,0.5049899510525375,0.6099847435491952,0.6971954116787181,0.7204191637874843,2.9165712336719225,0.7236979686010728,0.3492187071759878,0.386172127221425,0.5854693405991588,0.6339809534414292,0.6845308990947436,0.7096176439152431,0.7124033799317073,0.7284356311130609,2.5784792531928615,3.297815608027083,0.6950230637559561,0.7530178511063051,0.874
0.127,0.3694632046512573,0.5042900339046982,0.6093791998676512,0.69723395400325,0.720818375565926,2.9091590917421835,0.7222643703880214,0.3511636135175825,0.3881705284220313,0.5848637969176148,0.6333754097598853,0.6845387781212923,0.709685388461062,0.712770532823745,0.7288651592887397,2.572998719084805,3.287986901064623,0.6935246786954454,0.7516589334595248,0.873
0.128,0.3714384338598524,0.5035901167568589,0.6087812784833727,0.6972724963277819,0.7212189471747313,2.901862764530097,0.7208274841056739,0.3530787255278986,0.3901913716458292,0.5842658755333363,0.6327774883756068,0.6845363809935361,0.7097608427427365,0.7131206606117566,0.7293128055157366,2.566020549898794,3.279989255026882,0.6920272041097392,0.7502990357469137,0.872
0.129,0.3734136630684475,0.5028901996090197,0.60819083637768,0.6973110386523136,0.7216208855737147,2.8946795586701355,0.7193872984288777,0.3550396639971487,0.39217736651454915,0.5838327785605009,0.6320384046531523,0.6845501036230558,0.7098240093166002,0.7134998550738052,0.7297365125298263,2.561513399592619,3.26961412793593,0.6905222327639484,0.7489303407279563,0.871
0.13,0.37538889227704253,0.5021902824611804,0.6076077340876377,0.6973495809768455,0.7220241977702673,2.887606863669558,0.7179438019804109,0.35700733609470586,0.39415827584394814,0.5833295860346593,0.6313911191049112,0.6845662981116343,0.7098852793182312,0.7138845593052013,0.7301578202708766,2.5574201370297613,3.2590360645792016,0.6890131085729301,0.7475577309313591,0.87
0.131,0.3773641214856376,0.5014903653133411,0.6070318355962343,0.6973881233013772,0.7224288908197637,2.880642148745325,0.7164969833306817,0.35894008011669365,0.3961652776607417,0.582768422676455,0.6307922989777005,0.6845704207156024,0.7099555370278797,0.7142487091395824,0.7306004668296474,2.551549460713097,3.250566414868366,0.6875069832295921,0.7461832873308524,0.869
0.132,0.3793393506942327,0.5007904481655019,0.6064630082266053,0.697426665625909,0.7228349718259734,2.873782959804793,0.7150468309974278,0.36091083625511816,0.3981438354332672,0.5822909023612872,0.6301450703058036,0.6845879309909512,0.7100157469257734,0.71463803918903,0.7310228440239669,2.54774084162927,3.2401408473726714,0.6859910318855772,0.7448035684204349,0.868
0.133,0.38131457990282774,0.5000905310176625,0.6059011225401296,0.697465207950441,0.7232424479414767,2.8670269165626143,0.7135933334454121,0.36287715732559755,0.40012568376749746,0.581897930981865,0.6294209760499988,0.6846040110558088,0.7100769875294186,0.7150259433753131,0.7314491790517457,2.5437513675158328,3.230125696616782,0.6844726628317003,0.7434205952836244,0.867
0.134,0.38328980911142285,0.4993906138698233,0.605346052238234,0.6975037502749728,0.7236513263680844,2.8603717097867376,0.7121364790861168,0.3648008270092053,0.40213895817139517,0.5813428606799694,0.6288659057481032,0.6846053201263483,0.710149080784893,0.7153876906215446,0.7319019172803849,2.537575313102591,3.2226319047391954,0.6829616102244292,0.7420335015570223,0.866
0.135,0.3852650383200179,0.4986906967219841,0.6047976740677494,0.6975422925995046,0.724061614357262,2.853815098666799,0.7106762562774359,0.36674223123641775,0.4041388883576255,0.5807944825094848,0.6283175275776186,0.6846129359612344,0.7102163997762027,0.7157618247075294,0.7323460602219339,2.532376073613586,3.2143147096481774,0.681444578066864,0.7406417798368122,0.865
0.136,0.38724026752861296,0.4979907795741448,0.6042558677296693,0.6975808349240364,0.7244733192105588,2.8473549082986245,0.7092126533233647,0.3686998778054478,0.40612687038945183,0.5803522949153718,0.6276487339324709,0.6846263359862658,0.7102794335191513,0.7161479006048362,0.7327820732882301,2.5280966211177156,3.2052315343526963,0.6799201038427227,0.7392469703024487,0.864
0.137,0.389215496737208,0.4972908624263055,0.6037205157911694,0.6976193772485684,0.7248864482800408,2.8409890272788902,0.7077456584736871,0.37065864710479307,0.40811398148233563,0.579937963170826,0.6270361041382043,0.6846402414449312,0.7103420497195091,0.716536049786568,0.7332189135914249,2.523928609268883,3.1962306629688713,0.6783922775842327,0.7378485173960867,0.863
0.138,0.3911907259458031,0.49659094527846626,0.6031915036007528,0.6976579195731001,0.7253010089687281,2.83471540540437,0.7062752599236622,0.3726176155369241,0.41010089344243383,0.5794661079352765,0.6264562059352246,0.6846543289024781,0.7104044839209847,0.7169256677249135,0.7336571422666426,2.5198211441622917,3.1873613833927754,0.6768613683094427,0.736446349900626,0.862
0.139,0.3931659551543982,0.49589102813062697,0.6026687192063924,0.697696461897632,0.7257170087310376,2.82853205147049,0.7048014458137071,0.3745924736053808,0.4120763884965931,0.5790193664272771,0.6258661598835513,0.6846740743100888,0.7104628214369207,0.7173274993041979,0.734087083586359,2.516610192152704,3.177740058937243,0.6753211750383546,0.735042713518745,0.861
0.14,0.3951411843629932,0.4951911109827877,0.6021520532765466,0.6977350042221638,0.7261344550732292,2.8224370311642373,0.7033242042290776,0.37653221299354167,0.4140769122640343,0.5785027004974314,0.6253494939537055,0.6846816719253547,0.7105297847114144,0.7177066062478159,0.7345402560191313,2.511571207843809,3.1702285469470635,0.6737919476977208,0.7336301342966436,0.86
0.141,0.3971164135715883,0.49449119383494844,0.6016413990239328,0.6977735465466957,0.726553355553858,2.8164284650467257,0.7018435231995479,0.3784840912697399,0.4160686253675847,0.5782601592467583,0.6246433570057929,0.6846936166739714,0.7105935626123404,0.7180952442754137,0.7349875765414846,2.507222606320644,3.1621732194171184,0.6722553913972931,0.7322150866907756,0.859
0.142,0.39909164278018333,0.49379127668710915,0.6011366521319454,0.6978120888712275,0.7269737177842301,2.81050452662101,0.7003593906990869,0.3804369042990479,0.4180595410587741,0.577755412354771,0.6240723421243319,0.6847059962017884,0.7106569536746354,0.7184857588102206,0.7354359629177992,2.5029655221140286,3.1542001816983922,0.6707158957804481,0.7307959618586704,0.858
0.143,0.4010668719887784,0.49309135953926986,0.6006377106836147,0.6978506311957593,0.7273955494288633,2.804663440480968,0.6988717946455327,0.3823958385938405,0.42004610718013896,0.5772564709064403,0.6235734006760012,0.6847206199759719,0.7107187189239008,0.7188819739873972,0.735882006269045,2.4990861550439663,3.146005513728108,0.6691704029707599,0.7293743644053989,0.857
0.144,0.40304210119737344,0.4923914423914306,0.6001444750930002,0.6978891735202911,0.7278188582059535,2.798903480537316,0.6973807229002646,0.3843199713091145,0.42205638690456687,0.5767632353158257,0.6230801650853867,0.6847232024111755,0.7107886551102265,0.7192538478741823,0.7363526184727212,2.4933176281436715,3.139963249926039,0.667642728053349,0.7279377010045577,0.856
0.145,0.40501733040596855,0.4916915252435914,0.5996568480389267,0.6979277158448229,0.728243651887845,2.7932229683170244,0.6958861632678731,0.38627487816000416,0.4240453369588737,0.5762756082617523,0.6225883148801329,0.684736632641083,0.7108510402149614,0.7196494130451573,0.7368047972130075,2.4892863971301042,3.1322656316200876,0.6660951926704313,0.7265056673549593,0.855
0.146,0.4069925596145636,0.4909916080957521,0.599174734400968,0.6979662581693549,0.7286699383015068,2.7876202713326275,0.6943881034958271,0.3882470153488955,0.4260226418656311,0.5760403075189909,0.6218565679398349,0.6847561826231132,0.710909255150705,0.7200594074294839,0.7372469120992154,2.486268253427419,3.1236709723694633,0.6645330803051965,0.7250763478203985,0.854
0.147,0.4088311349195478,0.4903528987506918,0.598617744266825,0.6979570996773236,0.7290520604738,2.7811641831261755,0.6930467351470717,0.3900476980702915,0.427886392000862,0.5754833173848479,0.6212838803614863,0.6847159883480035,0.7109277281740011,0.720398379985912,0.7376687879497018,2.480380899527259,3.116338570401653,0.6631529186805272,0.7237886708501372,0.853
0.148,0.41042188566273874,0.48982519096871335,0.5979216472758943,0.6978614348093339,0.7293524981367266,2.7731208490725594,0.6919930919451424,0.3916384488134824,0.4294771427440529,0.5749465916615303,0.6204817394166118,0.6846026175982072,0.710850804216737,0.7206848614660825,0.7379829685263122,2.4750327008987716,3.1051977432622015,0.6620332073376031,0.722804922790553,0.852
0.149,0.4120126364059297,0.4892974831867348,0.5972325237966549,0.6977657699413444,0.7296538904742557,2.765185479234428,0.6909369724959697,0.39319840140807544,0.43108796532335825,0.574257468182291,0.6197842986578801,0.6844785985001404,0.7107807844493212,0.7209478986727781,0.7383197814259858,2.4679828733392126,3.0960624427750756,0.6609358563378989,0.7218032085922135,0.851
0.15,0.4136033871491207,0.48876977540475636,0.5965502695602493,0.6976701050733549,0.729956242044008,2.7573559143274715,0.689878368059858,0.39478006554064693,0.43268456601352134,0.573661396748268,0.6190279805595836,0.6843622593958393,0.7107056990471576,0.7212289645398242,0.7386423762820011,2.4622559424975314,3.085764682348149,0.6598190349008032,0.7208094872712807,0.85
0.151,0.41519413789231163,0.4882420676227779,0.5958747823662331,0.6975744402053653,0.7302595574326611,2.7496300522669643,0.6888172698559345,0.39635866935201786,0.4342830825186446,0.5730342558515341,0.6183092459935399,0.684244952515867,0.7106311819159251,0.7215084322983453,0.7389681988943165,2.456419102436083,3.07579850818623,0.6587027228950577,0.7198112741270204,0.849
0.152,0.4167848886355026,0.48771435984079936,0.5952059620315384,0.6974787753373758,0.730563841256182,2.7420058462862014,0.6877536690619074,0.39794323141629345,0.43587776497444525,0.5724009413929019,0.6176113096602899,0.6841298257043865,0.7105552261969984,0.7217936676558725,0.7392907335620622,2.450996662844567,3.065612050879794,0.6575787497530645,0.7188138810842729,0.848
0.153,0.4183756393786936,0.4871866520588209,0.5945437103409411,0.6973831104693862,0.7308690981600604,2.7344813031287165,0.686687556813821,0.3995225471345528,0.4374757343815788,0.571784361243583,0.6169084229568694,0.6840129665433983,0.7104803188754645,0.7220754900189615,0.739618117465533,2.445334016076507,3.0558846209275554,0.6564574184344927,0.7178105368211567,0.847
0.154,0.4199663901218845,0.4866589442768424,0.5938879309989795,0.6972874456013967,0.7311753328195458,2.7270544813109385,0.6856189242058103,0.401109183048523,0.43906906631562853,0.571161905503904,0.6162260245540939,0.6838987606366581,0.710403694738793,0.7223643138122351,0.7399411484791146,2.4401621365586625,3.0458493339493873,0.6553266703143474,0.7168092472198091,0.846
0.155,0.4215571408650755,0.4861312364948639,0.5932385295832783,0.697191780733407,0.7314825499398859,2.7197234894521,0.6845477622898515,0.4026827815587932,0.44067049596444546,0.5705793690754968,0.6155132525191271,0.6837801011221916,0.7103297999473901,0.7226431018845867,0.7402748877470487,2.4342930029211716,3.0367412683419923,0.6542067980019027,0.7157963269103983,0.845
0.156,0.4231478916082665,0.4856035287128854,0.5925954134992242,0.6970961158654175,0.7317907542565674,2.712486484668375,0.6834740620755136,0.4042695790541951,0.44226368920718845,0.5699632338086087,0.6148496697936383,0.6836661453860532,0.7102529336302119,0.7229339565939096,0.7405998288600352,2.429257027869913,3.0269608676127056,0.6530710502312282,0.7147899039105001,0.844
0.157,0.4247386423514574,0.48507582093090695,0.5919584919359548,0.6970004509974279,0.7320999505355598,2.7053416710283913,0.6823978145297065,0.405860329797386,0.4438544399503794,0.5693464854988134,0.614199985581021,0.6835536653466473,0.7101751189625574,0.7232291641393802,0.7409227981566822,2.4245094667213043,3.017072736975292,0.6519284911494038,0.7137838937219505,0.843
0.158,0.4263293930946484,0.4845481131489284,0.5913276758236111,0.6969047861294383,0.7324101435735607,2.698287298067395,0.6813190105764272,0.40744810354382216,0.44544702318408497,0.568743502172509,0.6135479476572887,0.6834402418342218,0.7100978482631827,0.7235228217611653,0.7412490101596836,2.4196458702818413,3.007494598198111,0.650786503174051,0.712773204186283,0.842
0.159,0.4279201438378394,0.48402040536694996,0.5907028777918135,0.6968091212614488,0.7327213381982441,2.6913216593574805,0.6802376410965049,0.4090329360467365,0.447041403155072,0.5681819626405489,0.61286554386045,0.6833258859081148,0.7100211104727495,0.7238149378270509,0.7415784640401538,2.41467062129408,2.9982180552470075,0.649645193170733,0.7117577119781011,0.841
0.16,0.4295108945810303,0.48349269758497143,0.590084012129321,0.6967134563934592,0.7330335392685103,2.684443091131439,0.6791536969273448,0.41060621777390166,0.44864275587684727,0.5676165637367245,0.6121963914944106,0.6832075915811809,0.7099467130641837,0.7240979382948717,0.7419178264284361,2.409086624314279,2.989756444485006,0.6485148780089391,0.7107300697648833,0.84
0.161,0.4311016453242213,0.48296498980299296,0.5894709947448353,0.6966177915254697,0.73334675167474,2.677649970957896,0.6780671688626683,0.41217712865492695,0.45024533493852226,0.5670353275993851,0.6115531591456653,0.6830885625196607,0.7098726508854644,0.7243795210771128,0.7422603065926029,2.4034111627475157,2.9815674851797738,0.6473861912145332,0.7096966321793774,0.839
0.162,0.4326923960674123,0.4824372820210145,0.5888637431289074,0.69652212665748,0.7336609803390477,2.6709407164655077,0.6769780476522527,0.4137643394032696,0.451838169864624,0.5666320013155881,0.6107508476380178,0.6829753152818128,0.7097950952462228,0.7246765439891895,0.7425911315777944,2.398746196629773,2.972502729231239,0.6462351201963222,0.7086747081822673,0.838
0.163,0.4342831468106032,0.48190957423903596,0.5882621763169189,0.6964264617894905,0.7339762302155415,2.66431378411413,0.6758863240016688,0.41532872232543167,0.4534441958743633,0.5660304345035996,0.6101492808260293,0.6828541912937026,0.7097220525273334,0.7249536004797607,0.7429413490687593,2.392775977855779,2.964965225488136,0.6451123739542142,0.7076276267404125,0.837
0.164,0.4358738975537942,0.4813818664570575,0.5876662148530933,0.6963307969215009,0.7342925062905822,2.65776766801094,0.6747919885720166,0.41690675436919733,0.4550421396408517,0.565434473039774,0.6095533193622037,0.68273792301534,0.7096460972897515,0.7252438896275556,0.7432818803270914,2.3876643016888126,2.956703876980962,0.6439699113295863,0.7065902161275525,0.836
0.165,0.43746464829698517,0.480854158675079,0.5870757807555124,0.6962351320535114,0.7346098135830474,2.651300898769607,0.6736950319796585,0.4184678713302949,0.4566491471772002,0.564844038942193,0.6089628852646227,0.6826158404158561,0.7095732157707751,0.7255184794922348,0.7436379873485062,2.381537907183415,2.9496597417501103,0.6428525384639048,0.7055292648365831,0.835
0.166,0.4390553990401761,0.4803264508931005,0.5864907974820985,0.6961394671855218,0.7349281571445951,2.644912042410699,0.6725954447959519,0.4200464829373595,0.4582463511495159,0.5642590556687792,0.6083779019912089,0.6824999540023202,0.7094968227377026,0.725810673128509,0.7439806703665793,2.3765429241799456,2.9416036627338005,0.6417069069931388,0.7044846706682314,0.834
0.167,0.4406461497833671,0.47979874311112203,0.5859111898975375,0.6960438023175324,0.7352475420599339,2.638599699301599,0.6714932175469782,0.42162874538791745,0.45984152489917457,0.563862893131626,0.6076226175802694,0.682385430771025,0.7094196322211018,0.7261073829118915,0.7443213640695732,2.371827612442388,2.9334168175862865,0.6405531942422054,0.703441489797148,0.833
0.168,0.44223690052655806,0.47927103532914356,0.5853368842411079,0.6959481374495426,0.7355679734470919,2.632362503134274,0.6703883407132716,0.4232101158920871,0.46143707785642585,0.5633304572676344,0.6070098624319622,0.6822706843668693,0.709342485899237,0.7264040837173568,0.7446640085674975,2.3671004019128805,2.925398579070689,0.6393989822947497,0.7023939612163783,0.832
0.169,0.443827651269749,0.47874332754716503,0.5847678080953872,0.6958524725815531,0.7358894564576915,2.626199119939343,0.669280804729544,0.42480086663527805,0.4630278285996168,0.5627944092180031,0.606414434994515,0.6821593000572027,0.7092635755018438,0.7267114724302194,0.7449993590546641,2.3630315178887997,2.9168524632220034,0.6382251256996745,0.7013568261789527,0.831
0.17,0.44541840201294,0.47821561976518656,0.5842038903558137,0.6957568077135636,0.7362119962772247,2.6201082471349406,0.6681705999844098,0.42637898448091105,0.4646248945659196,0.5622634280867691,0.6058204895946452,0.6820435933824354,0.7091867822033867,0.7270066629580325,0.7453472266857695,2.3581835853398347,2.90926348905273,0.6370725463526103,0.7002985301862882,0.83
0.171,0.44700915275613096,0.47768791198320804,0.5836450612010673,0.695661142845574,0.7365355981253319,2.6140886126089526,0.6670577168201074,0.4279641693878757,0.46621837276986117,0.561764215834405,0.6052065656114971,0.6819304398698849,0.7091086502371218,0.7273102246540777,0.7456898305693522,2.353842862093094,2.901297859209185,0.6359042426977227,0.6992476158474057,0.829
0.172,0.44859990349932183,0.47716020420122957,0.5830912520642517,0.6955654779775846,0.736860267256084,2.6081389738332668,0.66594214553222,0.4295508635627729,0.46781108334591365,0.5612589338036629,0.6046094275099575,0.6818178989009805,0.7090301646062825,0.7276164058853015,0.7460321588206791,2.3496461208752732,2.8933289906886372,0.6347304306420962,0.6981962063671486,0.8280000000000001
0.173,0.4501906542425128,0.4766324964192511,0.582542395604849,0.6954698131095949,0.7371860089582661,2.602258117008745,0.664823876369392,0.43113251256569796,0.46940616552736114,0.5607398476152906,0.6040341289393001,0.6817036819734267,0.7089524216910201,0.7279181059569927,0.7463803413458828,2.345158043916447,2.885804218680594,0.6335646125394534,0.69713372010277,0.827
0.174,0.4517814049857038,0.47610478863727257,0.5819984256814231,0.6953741482416054,0.7375128285556652,2.5964448562396774,0.6637028995330462,0.43272326330888894,0.4709969162705521,0.5602157382887603,0.603476437668819,0.6815927266687435,0.7088730822886432,0.7282307899253102,0.7467210685283842,2.341318611280373,2.877749936988259,0.632377047494769,0.6960834707981047,0.8260000000000001
0.175,0.4533721557288948,0.4755770808552941,0.5814592773250487,0.6952784833736158,0.7378407314073602,2.5906980327365416,0.6625792051770972,0.4343040047644664,0.47259229712202744,0.5597165389310994,0.6029006302655225,0.6814783618198262,0.7087952747582222,0.7285334182254543,0.7470724583953461,2.3368532082387232,2.870480192945247,0.6312086397960336,0.6950132707559871,0.825
0.176,0.4549629064720857,0.47504937307331563,0.580924886713444,0.6951828185056261,0.7381697229080141,2.585016514045942,0.6614527834076629,0.43588787348781755,0.47418615301446543,0.5592289698081281,0.6023231019503095,0.6813651722394742,0.7087168512658722,0.7288404710392465,0.7474220591155235,2.3326361121224535,2.8630896883689103,0.6300312033477027,0.6939452766028446,0.8240000000000001
0.177,0.4565536572152767,0.47452166529133716,0.5803951911457867,0.6950871536376366,0.7384998084881709,2.579399193306648,0.6603236242827745,0.4374724821587539,0.47577961231119026,0.5587372120496246,0.6017593986241031,0.6812523237859982,0.7086382064980685,0.7291493394500902,0.7477721273235104,2.3285082033468263,2.8557404666145167,0.6288497761488625,0.6928755144219623,0.823
0.178,0.45814440795846767,0.47399395750935863,0.5798701290181868,0.6949914887696471,0.7388309936145538,2.5738449885307175,0.6591917178120831,0.4390601506999124,0.47737168729482876,0.5582919659193739,0.601159670015268,0.6811406257093935,0.7085589962283324,0.7294627530160106,0.7481203373393024,2.3246276177981344,2.8482673075970646,0.6276585946855316,0.6918085822645079,0.8220000000000001
0.179,0.4597351587016586,0.47346624972738016,0.579349639799806,0.6948958239016575,0.7391632837903669,2.568352841908707,0.6580570539565669,0.4406323579884887,0.47897014988557657,0.5577714767009931,0.6006391807968873,0.6810236124302655,0.7084819338875415,0.7297587899830165,0.7484854458419085,2.3197101859787774,2.841991380172371,0.6265042644282537,0.6907070896643293,0.821
0.18,0.4613259094448496,0.47293854194540164,0.5788336640095924,0.694800159033668,0.7394966845556007,2.5629217191380533,0.6569196226282321,0.44221559320953935,0.480563838125947,0.5573315117307306,0.6000499343790896,0.6809105298082136,0.7084031237835736,0.7300687359019915,0.7488407028628158,2.315590093653329,2.835020141632776,0.6253205076553119,0.6896241264486509,0.8200000000000001
0.181,0.46291666018804056,0.47241083416342317,0.5783221431936227,0.6947044941656784,0.7398312014873386,2.5575506087737048,0.6557794136898162,0.4438026557799466,0.48215598802944115,0.556851366006898,0.5995114877242547,0.6807988643143775,0.7083236955608696,0.7303844266086192,0.7491931268296347,2.3117819927963965,2.827852198275007,0.6241238509217648,0.6885465576858714,0.819
0.182,0.46450741093123155,0.4718831263814447,0.5778150199030261,0.6946088292976889,0.7401668402000698,2.5522385216001733,0.6546364169544847,0.44538262013749613,0.4837506581208321,0.5563763352077963,0.5989702394827726,0.6806848013967887,0.7082450667429587,0.7306920687326078,0.749554459311301,2.307487725627213,2.821306890140264,0.6229455663844371,0.687448973282025,0.8180000000000001
0.183,0.4660981616744225,0.47135541859946617,0.5773122376724749,0.6945131644296992,0.740503606346002,2.5469844900241667,0.6534906221855296,0.44696470065701555,0.48534435655649333,0.5559455702687146,0.5983963098788194,0.6805715568019202,0.7081660191070672,0.7310031924984046,0.7499148962061845,2.3033739945492955,2.814695937072115,0.6217597635717221,0.6863523391249718,0.817
0.184,0.46768891241761346,0.4708277108174877,0.5768137409992276,0.6944174995617097,0.7408415056153789,2.5417875674870296,0.6523420190960619,0.44854872345867375,0.4869372572162562,0.5554862005166088,0.5978673084186519,0.6804590693298836,0.7080866138530841,0.7313177630876688,0.750274490305473,2.2994357851887175,2.808022746462143,0.6205661409755063,0.6852569394913457,0.8160000000000001
0.185,0.46927966316080444,0.47030000303550923,0.5763194753227024,0.6943218346937201,0.741180543736801,2.53664682789624,0.6511905973487062,0.4501313243610724,0.4885304352690383,0.5550308506902352,0.597338177516712,0.6803461641715328,0.7080072267806748,0.7316312512862209,0.7506370837653353,2.2954135440400143,2.801552164539868,0.6193755882624923,0.6841538196102895,0.815
0.186,0.47087041390399537,0.4697722952535307,0.5758293870045714,0.6942261698257306,0.7415207264775492,2.5315613650752438,0.6500363465552881,0.45171889603433196,0.4901220760696801,0.554613024815646,0.5967778966437727,0.6802350722799643,0.7079272249557034,0.7319526555359926,0.7509951001232082,2.2918149048395677,2.7947610153306415,0.6181656972805385,0.6830614614699416,0.8140000000000001
0.187,0.47246116464718635,0.46924458747155223,0.5753434233093558,0.694130504957741,0.7418620596439119,2.526530292230943,0.6488792562765237,0.453297636822944,0.4917158684165514,0.554160564852559,0.5962590114566825,0.6801209760673782,0.7078478959420873,0.732262191595018,0.7513652063112599,2.2875246461780256,2.7887922925315247,0.6169865027850472,0.6819384307158496,0.813
0.188,0.47405191539037733,0.46871687968957376,0.5748615323855086,0.6940348400897515,0.7422045490815153,2.5215527414381773,0.6477193160217029,0.45488373785460856,0.49330764765352475,0.5537291509631573,0.5957338142301659,0.6800095262544318,0.7077677870149764,0.732583346933798,0.7517276561077239,2.2838623812912258,2.7822898065371975,0.6157781064685853,0.6808343566161428,0.812
0.189,0.47564266613356826,0.46818917190759524,0.5743836632469731,0.6939391752217619,0.7425482006756569,2.516627863140573,0.6465565152483747,0.45647018723478167,0.4948992662410127,0.5532934020864687,0.595221695735749,0.6798982747500971,0.7076875452980311,0.732906039141541,0.7520909466153166,2.280258790859639,2.7758362124600042,0.6145660564394709,0.6797280672240051,0.8109999999999999
0.19,0.47723341687675924,0.46766146412561677,0.5739097657551985,0.6938435103537723,0.7428930203516432,2.511754825667154,0.6453908433620256,0.45805399948900666,0.49649123294196845,0.5528522168455144,0.5947096509280339,0.6797861789704212,0.7076073488469472,0.7332255203671671,0.7524590548400795,2.2764507572299575,2.7696993783949364,0.6133633072929955,0.6786086909164468,0.81
0.191,0.4788241676199502,0.4671337563436383,0.5734397906016049,0.6937478454857828,0.7432390140751292,2.5069328147641374,0.6442222897157599,0.4596368040635191,0.4980830628163965,0.5524210075636977,0.5942081382525134,0.6796738072354893,0.7075270288463794,0.7335440537703308,0.7528300808422009,2.272564970859281,2.763747504312308,0.6121642966290546,0.6774807914127515,0.8089999999999999
0.192,0.4804149183631412,0.46660604856165977,0.5729736892904784,0.6936521806177933,0.7435861878524637,2.5021610331413604,0.6430508436099737,0.4612200523658915,0.4996744764311144,0.5520101089814627,0.5936811735382604,0.6795616658019175,0.7074464881325653,0.7338639047678337,0.7532021398291256,2.2687258416774503,2.757851427273628,0.6109629474377147,0.6763494277715125,0.808
0.193,0.48200566910633214,0.4660783407796813,0.5725114141222916,0.6935565157498036,0.743934547731036,2.497438700032809,0.6418764942920296,0.4628062138386954,0.5012654352748047,0.5516247904817545,0.5931386790968682,0.6794506166083636,0.707365713314914,0.7341896297265202,0.7535714739087161,2.265181184609465,2.751756103337355,0.6097457642792525,0.6752260194756636,0.8069999999999999
0.194,0.4835964198495231,0.4655506329977028,0.5720529181774289,0.6934608508818141,0.7442840997996272,2.4927650507707377,0.6406992309559267,0.46438662536788206,0.5028560003526148,0.5511662945368918,0.5926801831520055,0.6793376347622432,0.7072847266083863,0.7345051557595543,0.7539513818285608,2.2610518536376287,2.7463589987560644,0.6085605748697888,0.6740699847277273,0.806
0.195,0.4851871705927141,0.4650229252157243,0.5715981553003132,0.6933651860138246,0.7446348501887653,2.4881393363728925,0.6395190427419701,0.4659742136413415,0.5044464800468165,0.5507896774202757,0.592157981224417,0.6792272320559402,0.7072036360934095,0.7348351249655762,0.7543215363258802,2.257681929933547,2.740284426125052,0.6073331220888709,0.6729443870389167,0.8049999999999999
0.196,0.48677792133590503,0.46449521743374583,0.5711470800839161,0.6932695211458351,0.7449868050710831,2.4835608231423727,0.6383359187364365,0.4675629134962531,0.5060369926658063,0.5503829118413436,0.59167542621829,0.6791172909357691,0.7071224834970407,0.7351684118520219,0.7546911534824176,2.254459646630868,2.734156650582534,0.6060962640805145,0.6718213709795248,0.804
0.197,0.488368672079096,0.4639675096517673,0.570699647854644,0.6931738562778453,0.7453399706616806,2.479028792279675,0.6371498479712379,0.46914778714394356,0.5076267534670563,0.5499707330525596,0.5911851555959183,0.6790060873781276,0.707040995319182,0.7354945317846823,0.7550688412054319,2.250819235919762,2.728551807274218,0.6048832977472424,0.6706724349893227,0.8029999999999999
0.198,0.489959422822287,0.46343980186978884,0.57025581465759,0.6930781914098559,0.745694353218491,2.4745425395065,0.6359608194235823,0.47073853788713454,0.5092175042102474,0.5495444690053037,0.5907285745797187,0.6788970082015315,0.7069597797887183,0.7358344298712685,0.7554374529455644,2.2478862286191656,2.7223195346120748,0.6036272673973102,0.6695548816811562,0.802
0.199,0.4915501735654779,0.46291209408781037,0.569815537242139,0.6929825265418662,0.7460499590426497,2.470101374700894,0.6347688220156331,0.4723233096508443,0.5108066435675341,0.5491498810404594,0.5902401473527561,0.6787859146578312,0.7068779291099226,0.7361617603330699,0.7558185458109151,2.2442485360110997,2.716899294314671,0.6024135125116115,0.6683955079606956,0.8009999999999999
0.2,0.4931409243086689,0.46238438630583184,0.5693787730479175,0.6928868616738767,0.7464067944788685,2.4657046215433445,0.6335738446141639,0.4739103378663205,0.5123961176351826,0.5487593526577315,0.5897629849058953,0.6786756806603014,0.7067961233636886,0.7364950586932877,0.7561969830917942,2.2408972784336174,2.711278471250752,0.6011817116259257,0.6672460529942201,0.8
0.201,0.4947316750518599,0.46185667852385337,0.5689454801910795,0.6927911968058871,0.7467648659158124,2.461351617173432,0.632375876030213,0.4754971377787139,0.51398509667797,0.5483639669265948,0.5892870696314858,0.67856543846988,0.7067140733233499,0.7368283514493693,0.7565776403901778,2.2375127341177654,2.705781703725399,0.5999518191918257,0.6660893215684613,0.7989999999999999
0.202,0.4963224257950508,0.46132897074187484,0.5685156174509169,0.6926955319378976,0.7471241797864813,2.457041711856687,0.6311749050187333,0.4770858344954101,0.5155747334543825,0.5479935029024144,0.5888039368566588,0.678455929484745,0.7066321817723048,0.7371674745497308,0.756955807950543,2.234402292595041,2.7000946023898775,0.5987034595238778,0.6649429231785521,0.798
0.203,0.4979131765382418,0.4608012629598964,0.5680891442567876,0.692599867069908,0.7474847425685949,2.4527742686612894,0.6299709202782412,0.4786722503983472,0.5171626864749382,0.5475992100566452,0.5883500732611877,0.6783456950600312,0.706549631776419,0.7375008518879705,0.7573408574655284,2.23095517841268,2.694837775372494,0.5974772522677796,0.6637716718490176,0.7969999999999999
0.204,0.4995039272814327,0.4602735551779179,0.5676660206753498,0.6925042022019184,0.747846560784982,2.4485486631442783,0.6287639104504613,0.48026062604624314,0.5187515364381106,0.5472163776119597,0.5878925393583752,0.67823621529383,0.7064673242858518,0.7378405754151641,0.7577230358818561,2.2278066408484563,2.6893632376540206,0.5962304355114321,0.6626126007147511,0.796
0.205,0.5010946780246237,0.4597458473959394,0.5672462073980987,0.6924085373339289,0.7482096410039742,2.444364283046945,0.6275538641199702,0.48184900154301086,0.5203400798247388,0.5468311220403455,0.58743716697286,0.6781268056591926,0.7063848395964504,0.7381810489607878,0.7581068735131558,2.224661441005105,2.683970279123426,0.5949828343888521,0.661448507855702,0.795
0.206,0.5026854287678146,0.4592181396139609,0.5668296657291925,0.6923128724659393,0.748573989839803,2.4402205279991005,0.6263407698138355,0.4834384933977407,0.5219295028722879,0.5464433891365249,0.5869950750455141,0.6780178552557857,0.7063025924120847,0.7385262767625016,0.7584891791929227,2.221726751900292,2.678447094810905,0.5937194098010322,0.6602924903190946,0.794
0.207,0.5042761795110057,0.45869043183198244,0.5664163575735623,0.6922172075979498,0.7489396139530017,2.4361168092319114,0.6251246160012538,0.48502746563222376,0.5235181453809952,0.5460646540379467,0.5865498077301714,0.6779087926503041,0.7062200035924094,0.7388705336642029,0.7588745482690699,2.218704040681543,2.673095922081951,0.5924615840385945,0.6591258505225059,0.793
0.208,0.5058669302541966,0.4581627240500039,0.5660062454252986,0.6921215427299602,0.7493065200508109,2.4320525492990224,0.6239053910931861,0.48661556709564646,0.525105131590984,0.5456842523772628,0.5861100955295975,0.6777994948996818,0.7061367678114089,0.7392117601048754,0.7592646156396046,2.215488017820087,2.668022290566921,0.5912178334848069,0.6579411059333227,0.792
0.209,0.5074576809973875,0.45763501626802544,0.5655992923563049,0.6920258778619707,0.749674714887589,2.428027181805682,0.622683083441988,0.48820588320586006,0.5266951724609119,0.5453810918979037,0.5856412120579385,0.6776910386442018,0.706054529855089,0.7395633155898125,0.7596487772097554,2.2127647792783374,2.6625285364468,0.5899358970003752,0.656784012729378,0.791
0.21,0.5090484317405785,0.45710730848604697,0.5651954620052136,0.691930212993981,0.7500442052652265,2.4240401511456118,0.6214576813410398,0.4897933618467539,0.5282793067724842,0.5449772615468125,0.5852248123744186,0.6775816603659063,0.7059701617053711,0.7399013393385826,0.7600459552180786,2.2093102938287745,2.6578555689664904,0.5887106201992448,0.6555713401390248,0.79
0.211,0.5106391824837695,0.45657960070406844,0.564794718566556,0.6918345481259915,0.7504149980335654,2.420090912245353,0.6202291730243732,0.4913829483859809,0.5298669000640761,0.5445768487148724,0.5847616413475241,0.6774730857510936,0.7058869330832258,0.7402501538233828,0.760436907819074,2.206369776722343,2.652738926688113,0.5874447380232019,0.6543884499786687,0.789
0.212,0.512223192797932,0.45604866556252255,0.5643937915784606,0.6917365304238703,0.7507845145093893,2.416147135839302,0.6190061005102385,0.49296576135285747,0.5314468613089195,0.5442456239720406,0.5843328590178181,0.6773622141035809,0.7058009730256873,0.7405961800693334,0.7608277535921123,2.2033475252669685,2.6477177341743525,0.5861910798861854,0.6532049826038093,0.788
0.213,0.5138011112101495,0.4555148135802319,0.563992984611178,0.6916363862644029,0.7511529934398293,2.4122117897190116,0.6177876604699498,0.4945428361310698,0.533021045330181,0.5438812531050237,0.5838977504433749,0.6772494064900616,0.7057129293302312,0.7409423177880733,0.7612166417881717,2.20038250915602,2.642657103966972,0.5849377280256859,0.6520299311546957,0.787
0.214,0.5153790296223668,0.45498096159794127,0.5635951955720535,0.6915362421049356,0.751522773229025,2.4083132225344244,0.6165661200733247,0.49611981173096,0.5345928197720858,0.5435126963539696,0.5834721220315463,0.677136630936947,0.7056239778599801,0.7412856886902338,0.7616099723572618,2.197238161883647,2.637853521166344,0.583699710175368,0.650835421983698,0.786
0.215,0.5168664630078303,0.4544656189409091,0.5631573269018436,0.6914045129738806,0.7518589174112255,2.4040300605015363,0.6154567350218721,0.4976070499112482,0.5360783562053176,0.5431180116598456,0.5829938578888408,0.6769925977149369,0.7055048575541346,0.7416036142259671,0.7619632894386559,2.194114986671726,2.632256311512598,0.5825381164561703,0.64978469536752,0.785
0.216,0.5183357093530906,0.4539539965661677,0.5627140115268509,0.6912664354206757,0.7521891827754323,2.3997023581161603,0.6143677176618743,0.49907612884999897,0.5375455038347317,0.542700802410134,0.5825275203976717,0.6768422922085621,0.7053792519636334,0.7419153713212716,0.7623109506108888,2.190921318239062,2.6266425411250465,0.5813981712739501,0.6487532124367527,0.784
0.217,0.5198049556983508,0.4534423741914263,0.5622738937477423,0.6911283578674706,0.75252058311836,2.3954145423887137,0.6132759186483386,0.5005452519308797,0.539012584431891,0.5423050409973326,0.5820461867610103,0.6766920678366715,0.7052535572485532,0.7422282201907463,0.7626597783728541,2.1877543842730383,2.6210836438088885,0.5802556357110517,0.6477187890058662,0.783
0.218,0.5212742020436111,0.4529307518166849,0.56183693909286,0.6909902803142658,0.7528531243007226,2.391166064420234,0.6121813273099602,0.5020144347993838,0.5404738735541756,0.5418779207293636,0.5815997162770967,0.6765419296766442,0.7051257756018721,0.7425330154824166,0.7630168097506428,2.1841576995874767,2.6160395832814984,0.5791531794426253,0.6466434220271486,0.782
0.219,0.5227434483888714,0.4524191294419435,0.5614031135842673,0.6908522027610607,0.753186812223655,2.3869563853373124,0.6110839329207792,0.5034838412259952,0.5419391554793425,0.541498246999634,0.5811141238896562,0.6763919345713506,0.7049993226759189,0.7428457595998631,0.7633697374684701,2.1809308479030074,2.6107013374168497,0.5780168622774582,0.6455928570561179,0.781
0.22,0.5242126947341317,0.4519075070672021,0.5609723837289408,0.6907141252078559,0.7535216528290611,2.382784976064235,0.6099837246998312,0.5049532485216651,0.5434059655957874,0.5410976068948796,0.5806562025826761,0.6762420044687325,0.7048733384856235,0.7431620875239795,0.7637219527945904,2.1778534927014306,2.6052906447587496,0.5768662752951581,0.6445496939300837,0.78
0.221,0.5256819410793919,0.4513958846924607,0.5605447165101505,0.6905760476546509,0.7538576520999674,2.378651317101321,0.6088806918107934,0.5064226616934719,0.5448731223440175,0.5406898134697644,0.5802118079481109,0.6760921408337615,0.7047474108751403,0.7434801217434086,0.7640749088515429,2.1748305427155863,2.599902513623848,0.5757101704286895,0.6435061246810894,0.779
0.222,0.5271511874246522,0.45088426231771933,0.5601200793790241,0.6904379701014459,0.7541948160608782,2.374554898309244,0.6077748233616296,0.5078920245959965,0.546341107625773,0.5402862014334507,0.5797695388153087,0.6759423241607523,0.7046217079659184,0.7438005368835715,0.7644281046210935,2.1718938347363776,2.5945038245784278,0.574545208908834,0.6424651178450012,0.778
0.223,0.5286204337699124,0.45037263994297794,0.5596984402462886,0.6902998925482409,0.7545331507781371,2.370495218699159,0.6066661084042311,0.5093612709412567,0.5478103539710333,0.5398942843023596,0.5793215992783974,0.6757925305599921,0.7044963814891875,0.7441239117852044,0.7647811140912769,2.1690696957799602,2.5890670569085783,0.5733684397788472,0.6414293024688453,0.777
0.224,0.5300896801151727,0.4498610175682365,0.5592797674741863,0.690161814995036,0.7548726623602898,2.3664717862284492,0.6055545359340558,0.5108312726804161,0.5492731223911933,0.5395017483900025,0.5788785695889709,0.6756430640924155,0.7043687303555737,0.7444394612680806,0.7651421323319365,2.165834471528556,2.5841189605487305,0.572233334831399,0.6403508068209189,0.776
0.225,0.5315589264604329,0.4493493951934951,0.5588640298685621,0.690023737441831,0.7552133569584516,2.362484117601924,0.604440094889764,0.5123011103952237,0.5507383438481854,0.5391160975049983,0.5784350568358011,0.6754936035217405,0.7042418723345379,0.7447598046712427,0.7655015818167226,2.162801658136324,2.579040076146049,0.5710777573726161,0.6392851848247216,0.775
0.226,0.5330281728056931,0.4488377728187537,0.5584511966711153,0.689885659888626,0.7555552407666799,2.358531738078288,0.6033227741528512,0.5137718504541837,0.5521992294423044,0.5387312602872599,0.5779955768031143,0.6753445207797434,0.7041134379706043,0.7450760566833585,0.7658661744200235,2.1595403024606608,2.5742634626670537,0.5699469122695301,0.6381918840631804,0.774
0.227,0.5344974191509534,0.4483261504440123,0.5580412375518139,0.6897475823354211,0.7558983200223489,2.354614181281733,0.6022025625472789,0.515241096799444,0.5536684757875646,0.5383818222088358,0.5775309332426601,0.6751949793144715,0.7039878593583853,0.7454040897149539,0.7662240096736987,2.1568162858416207,2.5690172791061343,0.5687584387135545,0.6371448423613031,0.773
0.228,0.5359666654962136,0.4478145280692709,0.5576341226014664,0.689609504782216,0.7562426010065287,2.350730989018481,0.6010794488391015,0.5167129802243717,0.5551259290032355,0.5379761756469097,0.577122505332819,0.6750464209635553,0.703858101593891,0.7457193462887212,0.7665934762814774,2.153445077294295,2.564492453380012,0.5676412717623758,0.6360281584785853,0.772
0.229,0.5374359118414739,0.4473029056945295,0.5572298223244483,0.6894714272290112,0.7565880900443691,2.3468817110981393,0.5999534217360909,0.5181830962988503,0.5565917602373991,0.5376185622653868,0.5766711390177294,0.6748973076717117,0.7037312063097023,0.7460459029184635,0.7669566106113771,2.1505856184482672,2.559522261650762,0.5664678399724952,0.6349565440264937,0.771
0.23,0.5389051581867341,0.4467912833197881,0.5568283076315781,0.6893333496758062,0.7569347935054868,2.3430659051597136,0.5988244698873583,0.5196539352754719,0.5580550922957348,0.5372512599903789,0.5762372070606782,0.6747485084092837,0.7036033769647411,0.7463710074772193,0.7673229250989198,2.1476230776818253,2.554724139472109,0.5653062598934011,0.6338686836312541,0.77
0.231,0.5403744045319944,0.44627966094504673,0.556429549833141,0.6891952721226012,0.7572827178043566,2.33928313650214,0.5976925818829723,0.5211243518872776,0.5595202659066244,0.5368825425900627,0.5758107528126278,0.6745996231245868,0.7034761290279264,0.746699469010896,0.7676888732367388,2.1447877503762034,2.549865771322968,0.5641301627542715,0.6327883292480742,0.769
0.232,0.5418436508772546,0.44576803857030534,0.5560335206320541,0.6890571945693962,0.7576318694007076,2.335532977919201,0.5965577462535747,0.5225963579089443,0.5609804989933813,0.536511261116275,0.5753908536274396,0.6744513537754001,0.7033470954057233,0.7470242136650549,0.7680596591721299,2.14174075667497,2.5452865194206953,0.5629795291839573,0.631679340852878,0.768
0.233,0.5433128972225149,0.44525641619556394,0.5556401921171745,0.6889191170161912,0.7579822547999223,2.33181500953869,0.5954199514699936,0.5240661475143302,0.5624480575722757,0.5361954010870443,0.5749473929541318,0.6743023718113896,0.7032205577875026,0.7473577333875564,0.7684261557863468,2.139077954242119,2.5403875094986237,0.561782928212062,0.6306062817131511,0.767
0.234,0.5447821435677751,0.4447447938208225,0.5552495367567398,0.6887810394629863,0.758333880553441,2.3281288186657054,0.5942791859428523,0.5255382836911215,0.5639086915548037,0.5358086795232528,0.5745169653020565,0.6741542697795486,0.7030915422181533,0.7476857995560608,0.7687987550993427,2.1361202360700458,2.5358492598771516,0.5606225701388733,0.6294947495785664,0.766
0.235,0.5462513899130353,0.4442331714460811,0.554861527391946,0.6886429619097814,0.7586867532591703,2.3244739996299377,0.593135438022176,0.5270128735846106,0.5653632551809147,0.5354206701584591,0.5741287956499467,0.6740070845603747,0.7029603474011584,0.7480100099097216,0.7691762253126553,2.132942548116986,2.531595288190826,0.5594913456938823,0.6283510342105219,0.765
0.236,0.5477206362582956,0.4437215490713397,0.5544761372306521,0.6885048843565764,0.7590408795618953,2.320850153636846,0.5919886959969953,0.5284837218084926,0.5668283267975253,0.5351004300466828,0.5736933618606268,0.6738586533079529,0.7028327604894339,0.7483452150393787,0.7695479233852363,2.1302536083136054,2.5269147674447403,0.5582986388175418,0.627257378412255,0.764
0.237,0.549189882603556,0.4432099266965983,0.5540933398412139,0.6883668068033715,0.7593962661536967,2.317256888622599,0.5908389480949463,0.5299558377008773,0.5682903224257736,0.5347495972030846,0.5732802583158532,0.6737107243336113,0.7027040400821398,0.7486791305004485,0.7699226891433539,2.127465743705266,2.522395742384245,0.5571190429915531,0.6261460641441727,0.763
0.238,0.5506591289488162,0.4426983043218569,0.5537131091464403,0.6882287292501665,0.7597529197743732,2.313693819112673,0.5896861824818685,0.5314274186764668,0.5697538509802582,0.5344044341066967,0.5728667055764699,0.6735626681613994,0.7025757952408498,0.7490157344788405,0.7702976985346295,2.1247683193087004,2.517847823643233,0.5559277995011783,0.625039573946573,0.762
0.239,0.5521283752940764,0.4421866819471155,0.553335419417673,0.6880906516969616,0.7601108472118666,2.310160566084002,0.5885303872613976,0.5329006726695629,0.5712135868916797,0.5340556149166883,0.5724616108717021,0.6734152555157925,0.7024461669901759,0.7493506851591819,0.7706760276230403,2.121953981289204,2.513477654869407,0.554752838809959,0.6239124494687566,0.761
0.24,0.5535976216393366,0.44167505957237413,0.5529602452689808,0.6879525741437565,0.7604700553026926,2.306656756830569,0.5873715504745571,0.5343714202610496,0.57267936343998,0.5337190928483326,0.5720509285990217,0.6732670271471909,0.702318588133134,0.7496918203339762,0.7710521822428983,2.1193949953463385,2.5089122591163653,0.5535431053710235,0.622811201960445,0.76
0.241,0.5550668679845968,0.44116343719763274,0.5525875616514744,0.6878144965905516,0.7608305509323768,2.303182024832352,0.5862096600993454,0.5358464347731844,0.5741356541191769,0.5333612666906011,0.5716629812440064,0.6731203469569211,0.7021876393561459,0.750027119928635,0.7714345714932023,2.116519242750955,2.504722646788789,0.5523782534645328,0.6216631411586168,0.759
0.242,0.5565361143298571,0.44065181482289134,0.5522173438477292,0.6876764190373466,0.7611923410358937,2.2997360096275083,0.5850447040503205,0.5373183595580439,0.5755990723436648,0.533048702085319,0.5712404143417248,0.6729726467627088,0.7020591200358228,0.750369247534774,0.7718143897195732,2.1139282559627555,2.5003070900071274,0.5511736260924662,0.6205455164307705,0.758
0.243,0.5580053606751173,0.44014019244814995,0.5518495674663222,0.6875383414841416,0.7615554325981119,2.2963183566877254,0.5838766701781806,0.538796140661387,0.5770503440433725,0.5326809257039119,0.5708687478233856,0.6728270490515452,0.7019263025544006,0.7507043350313094,0.7722011894016082,2.110960187745444,2.496325534597799,0.5500250963949288,0.6193706416447011,0.757
0.244,0.5594746070203775,0.43962857007340855,0.5514842084364736,0.6874002639309367,0.7619198326542435,2.2929287172966295,0.5827055462693419,0.5402687993846312,0.5785126346193291,0.5323748096116708,0.5704462328914051,0.6726797213227735,0.7017972733390065,0.7510486190766085,0.7725838790052063,2.1083902395456,2.492003764330589,0.5488187255819947,0.6182427576263854,0.756
0.245,0.5609438533656379,0.43911694769866716,0.5511212430027965,0.6872621863777317,0.7622855482902988,2.289566748431175,0.5815313200455127,0.541742504758355,0.5799729537837642,0.5320406607612017,0.5700562153771062,0.6725328170614695,0.701667497856315,0.751393032375261,0.7729686670179919,2.105783980224874,2.487774562251942,0.547618292423808,0.6171034745896801,0.755
0.246,0.5624130997108981,0.4386053253239257,0.5507606477201477,0.6871241088245268,0.7626525866435451,2.2862321126459273,0.580353979163265,0.5432137362744475,0.5814382830316588,0.5317020519462078,0.569676088087112,0.6723851068800986,0.701539413596194,0.7517420565342191,0.7733525663032919,2.103355734754649,2.483423705703392,0.5463906077377971,0.6159832243395544,0.754
0.247,0.5638823460561584,0.4380937029491843,0.5504023994485787,0.6869860312713219,0.7630209549029713,2.2829244779601554,0.579173511213601,0.5446857528146787,0.5829021130835206,0.5313682482685504,0.5692955505950936,0.6722377280184023,0.7014107487254404,0.752091481836452,0.7737384139096759,2.1009028390997315,2.4791524733997017,0.5451666993251562,0.6148535222299164,0.753
0.248,0.5653515924014186,0.4375820805744429,0.5500464753483876,0.6868479537181168,0.7633906603097572,2.279643517747656,0.5779899037215178,0.5461570674525053,0.5843673592096807,0.5310401693964049,0.5689141862863627,0.6720901612121403,0.7012825210902105,0.7524431520503846,0.7741249939168707,2.098512771551526,2.474873085801992,0.5439327652165002,0.6137270186363007,0.752
0.249,0.5668208387466789,0.43707045819970153,0.5496928528752628,0.6867098761649119,0.763761710157748,2.2763889106292323,0.5768031441455674,0.5476291883426356,0.5858310849116435,0.5307049209194779,0.5685443079106798,0.6719429326714924,0.7011537058984085,0.7527952433468861,0.7745135295958065,2.096098241149877,2.4706717774380715,0.5427026517121518,0.6125909683562641,0.751
0.25,0.5682900850919391,0.43655883582496013,0.549341509775525,0.6865717986117069,0.7641341117939339,2.2731603403677565,0.5756132198774145,0.5490984346878959,0.5873003312569037,0.5304904134541072,0.5680594529652052,0.6717947573381681,0.7010267611542419,0.7531520322007137,0.7749012163216741,2.093860535450166,2.4663476983912087,0.54144334950981,0.6114757104202894,0.75
0.251,0.5697593314371994,0.43604721345021874,0.5489924240814577,0.686433721058502,0.7645078726189353,2.2699574957657345,0.5744201182413894,0.5505738978761523,0.58875783508304,0.5301413277600399,0.5677103672711379,0.671648808867868,0.7008956607381668,0.7535031859383173,0.7752948478844833,2.0913123899078765,2.4623846981667192,0.5402354695094657,0.6103070367254833,0.749
0.252,0.5712285777824596,0.43553559107547735,0.5486455741067287,0.6862956435052969,0.7648830000874927,2.266780070565316,0.5732238264940379,0.5520557067770343,0.5902040214614429,0.5297944777853109,0.5673635172964089,0.6715051316024834,0.7007605536685855,0.7538496749743723,0.7756936670838888,2.0884956704208686,2.458739962400726,0.5390750128541482,0.6090884556700413,0.748
0.253,0.5726978241277199,0.43502396870073595,0.5483009384418995,0.686157565952092,0.7652595017089624,2.263627763350671,0.5720243318236682,0.5535351657228053,0.5916550802867104,0.5294498421204817,0.5670188816315798,0.6713606899853569,0.7006270914591932,0.7542008658746279,0.7760916013579151,2.0858524012937045,2.4549736514515406,0.5378873277149482,0.6078887122052813,0.747
0.254,0.5741670704729801,0.43451234632599456,0.5479584959500202,0.686019488398887,0.7656373850478176,2.2605002774526777,0.5708216213498927,0.5550151302099163,0.5931057068190373,0.5291073996286024,0.5666764391397004,0.671216480545756,0.7004934226405787,0.7545537166236986,0.7764906353807378,2.083237675352235,2.4512291569564484,0.5366968095956102,0.6066853061934852,0.746
0.255,0.5756363168182403,0.43400072395125316,0.5476182257623075,0.6858814108456821,0.7660166577241551,2.2573973208558447,0.5696156821231674,0.5564981000660005,0.5945516066450055,0.5287671294408897,0.5663361689519877,0.6710733756644295,0.700358048408561,0.754906150369869,0.7768920529207932,2.080549403026074,2.4476070633530957,0.535522086617859,0.6054609745678909,0.745
0.256,0.5770475086906142,0.43342642656245983,0.5472551817912749,0.6857230686261291,0.7663727508269583,2.2540918308227114,0.5684845313298197,0.5579155373507959,0.5959523687901435,0.5284040854698571,0.5659731249809551,0.6709074511463009,0.7002068629271734,0.7552417267729536,0.7772664058397587,2.077963142621531,2.443481572356407,0.5343660078188612,0.6043633737836867,0.744
0.257,0.5784461181923523,0.4328385453752581,0.546888996575729,0.6855603343669947,0.7667247965046006,2.250763105806818,0.5673672702660131,0.5593187882702636,0.597343297065578,0.5281819617260948,0.5654654602905735,0.6707366300917404,0.7000521894077949,0.7555745518271028,0.7776359278440553,2.0754118973004694,2.43927619736988,0.5332119249127661,0.6032906875315336,0.743
0.258,0.5798447276940905,0.4322506641880564,0.5465250640553772,0.6853976001078603,0.767078115986654,2.247460184860816,0.5662469977168593,0.5607245969785305,0.5987300927116267,0.5278498622669994,0.5650709774308248,0.6705667567225932,0.6998960184844807,0.7559069267652013,0.7780077150480266,2.072794097652751,2.435188973553716,0.5320718611678363,0.6021991823943598,0.742
0.259,0.5812433371958285,0.4316627830008547,0.5461633635067947,0.6852348658487258,0.7674327161991449,2.244182769095863,0.5651237014901099,0.562125707106392,0.6001246267466548,0.5275077781000764,0.5646919916143565,0.670395297901557,0.6997424940976449,0.7562439148053562,0.778378843751935,2.070362351297904,2.4309695269605003,0.5308962656179628,0.6011348421338863,0.741
0.26,0.5826419466975666,0.431074901813653,0.5458038744599709,0.6850721315895915,0.767788604118403,2.24093056422141,0.5639973693276127,0.563535490499205,0.6015051953198766,0.5271752899812155,0.5643099113561584,0.6702269210391831,0.6995840404422293,0.7565764909845849,0.7787544969239921,2.0676638230046955,2.427064768896249,0.5297751988621975,0.6000139673722947,0.74
0.261,0.5840405561993047,0.4304870206264513,0.5454465766944462,0.684909397330457,0.7681457867715177,2.237703280457106,0.5628679889048651,0.5649400576825733,0.6028942900145896,0.526853593237355,0.5639145897485285,0.6700567776310833,0.6994285087002473,0.7569139561927527,0.7791293738178038,2.0651644847338155,2.423013686194433,0.5286154754593706,0.5989231296777575,0.739
0.262,0.5854349543353393,0.429896973076217,0.5450896664757915,0.6847451930395299,0.7685024639672448,2.2344845585318294,0.5617412542881581,0.566344065858108,0.6042734791865969,0.5265252804502765,0.5635269715575293,0.6698864932806526,0.6992694651205549,0.7572488141837938,0.7795048761764586,2.0625606746297835,2.4190836225519003,0.5274812374020578,0.5978136649663055,0.738
0.263,0.5868118411088545,0.4292979175292704,0.5447275153021345,0.6845748761805075,0.7688529098592026,2.2312237304519185,0.5606352223760455,0.5677244895212153,0.6056448101615123,0.5261875744533936,0.5631454257227247,0.6697080305375667,0.6991076244481539,0.7575811689671345,0.7798720939437708,2.0600985730219454,2.4149310767850194,0.5263282620268152,0.5967616310410624,0.737
0.264,0.5881887278823698,0.4286988619823238,0.5443675371706769,0.6844045593214851,0.7692046291151947,2.227987605615037,0.5595261849424324,0.5691079585850096,0.6070114110225551,0.5258536309801861,0.5627608976265561,0.6695306844704628,0.6989440790287937,0.7579130700223103,0.78024150860845,2.0575672559099596,2.4108968001330267,0.5251911884167743,0.5956889787701339,0.736
0.265,0.589565614655885,0.4280998064353772,0.5440097125813262,0.6842342424624627,0.7695576286881085,2.22477590436183,0.5584141297198844,0.5704869052032622,0.6083850934450927,0.5255165676952753,0.5623845507311165,0.6693518132294832,0.6987829520759072,0.7582488438181834,0.7806108210030648,2.0551869526072726,2.4067631903225495,0.524022411435177,0.5946400684632377,0.735
0.266,0.5909425014294001,0.4275007508884306,0.54365402226661,0.6840639256034403,0.7699119155815424,2.221588351238346,0.5572990443741144,0.5718721515515651,0.6097490426188589,0.5251866095007142,0.5620044062378554,0.669175194242277,0.6986183743550278,0.758582445180827,0.7809832368019117,2.052648600184355,2.402834129054126,0.5228894996633624,0.5935518485606729,0.734
0.267,0.5923193882029153,0.426901695341484,0.5433004471882171,0.6838936087444178,0.7702674968502703,2.218424674917286,0.5561809165035262,0.5732555982179632,0.6111158489982962,0.5248582331745192,0.5616271346610344,0.6689980001130362,0.6984547409185627,0.7589184215265601,0.7813563605603701,2.050183504332579,2.398881214134503,0.5217418108064927,0.5924715324367146,0.733
0.268,0.5936962749764305,0.42630263979453736,0.5429489685336014,0.6837232918853955,0.7706243796007085,2.215284608121009,0.5550597336387562,0.5746386163084,0.6124833677912426,0.524530983083229,0.5612530139041259,0.6688207094721695,0.6982913030708991,0.759255988473621,0.781730624130449,2.047751238257246,2.394943749407526,0.5205879991420483,0.5913910284974312,0.732
0.269,0.5950731617499457,0.4257035842475908,0.5425995677126441,0.6835529750263731,0.7709825709913906,2.2121678875462667,0.5539354832422083,0.5760223254591169,0.6138498887962361,0.5242066763949255,0.560879983045032,0.6686437129085442,0.698127464078724,0.759594576592534,0.7821063262917732,2.0453219223034096,2.391050587196829,0.5194348424671091,0.5903039791180104,0.731
0.27,0.5964500485234608,0.4251045287006442,0.5422522263543772,0.6833826581673506,0.7713420782334446,2.2090742537905954,0.5528081527075879,0.5774081988402608,0.6152132109371615,0.5238875106959631,0.5605055567137867,0.6684675242934219,0.6979624559857603,0.7599335180154299,0.7824837916497154,2.042860028455694,2.3872360646883077,0.5182909209236505,0.5892023234754544,0.73
0.271,0.5978269352969761,0.4245054731536976,0.5419069263037629,0.6832123413083282,0.7717029085910782,2.2060034512803544,0.5516777293594293,0.5787873625110816,0.6165866763071309,0.5235631767409592,0.5601415138572085,0.6682890458793522,0.6978009362059641,0.7602770298726863,0.7828610014485534,2.0405844589314626,2.3832847027552364,0.5171038721949686,0.5881350481889686,0.729
0.272,0.5992038220704913,0.42390641760675096,0.5415636496185312,0.6830420244493058,0.772065069382067,2.2029552282003353,0.5505442004526219,0.5801711526529594,0.617953226193563,0.5232410268378604,0.5597786109477112,0.6681122345258568,0.6976369503561142,0.7606197161722742,0.7832405711180053,2.038214106699577,2.379472057522367,0.51594066937683,0.5870394469986967,0.728
0.273,0.6005807088440065,0.42330736205980435,0.5412223785660709,0.6828717075902835,0.7724285679782497,2.199929336424932,0.5494075531719306,0.5815527022911013,0.619323161089971,0.5229207300861125,0.5594182028474736,0.6679346930466454,0.6974740941367198,0.7609648026323489,0.783620971918744,2.0359162280566983,2.3756334322749995,0.5147609222941524,0.5859533121103765,0.727
0.274,0.6019575956175216,0.4227083065128578,0.5408830956203774,0.682701390731261,0.7727934118060285,2.1969255314508085,0.548267774631513,0.5829319386993898,0.6206965537224726,0.5226327311716591,0.559039218959366,0.667756396161471,0.697312392828028,0.7613122708119525,0.7840022432083381,2.0336892698904103,2.371769936174259,0.5135643951096532,0.5848768571148761,0.726
0.275,0.6033344823910368,0.4221092509659112,0.5405457834590514,0.6825310738722387,0.7731596083468746,2.193943572331043,0.5471248518744319,0.5843280601593098,0.6220450497596609,0.522295419010333,0.55870190679804,0.6675840449147499,0.6971419493477042,0.761653876470716,0.7843880903589175,2.0311001095777024,2.368305465395358,0.5124611430281693,0.5837068193010884,0.725
0.276,0.604711369164552,0.42151019541896456,0.5402104249603513,0.6823607570132162,0.7735271651378394,2.1909832216106957,0.5459787718721657,0.5857173645520635,0.6234037963827364,0.5219811187666494,0.558328227008213,0.6674093655024754,0.696975032547153,0.7620000594824768,0.7847737600319694,2.0286933612783407,2.3647056756470457,0.511314273095362,0.5825715283933205,0.724
0.277,0.6060882559380673,0.42091113987201795,0.5398770032002963,0.6821904401541938,0.7738960897720716,2.1880442452637805,0.5448295215241117,0.5870942513255787,0.6247806831562516,0.5216790439983018,0.557973988559274,0.6672304028067616,0.696814396553741,0.7623525583701761,0.785158718245818,2.026569488626578,2.360872187670524,0.5100945961655026,0.5814984811318756,0.723
0.278,0.6074651427115824,0.42031208432507133,0.5395455014498188,0.6820201232951715,0.7742663898993407,2.185126412631591,0.5436770876570881,0.5884787352415781,0.6261465392685617,0.5213735551999403,0.5576178515466549,0.6670541430687862,0.6966498590883708,0.7627034722139143,0.7855462771852909,2.0243023726902005,2.357221549429251,0.5089137753545184,0.5803827673487304,0.722
0.279,0.6088420294850976,0.4197130287781248,0.5392159031719669,0.681849806436149,0.7746380732265651,2.1822294963623565,0.54252145702483,0.5898659228759869,0.6275085471562224,0.5210691753850302,0.5572640098383896,0.6668788780062788,0.6964839274427924,0.7630548290956343,0.7859355668180011,2.0219998142489297,2.353647710389728,0.5077441660900702,0.5792503049386637,0.721
0.28,0.6102189162586128,0.41911397323117816,0.5388881920191544,0.6816794895771267,0.7750111475183467,2.1793532723521882,0.5413626163074823,0.5912502431505504,0.6288747500309672,0.5207634656545675,0.5569127635765457,0.666702663142214,0.69631940902427,0.763408707511816,0.7863257801519522,2.019774192246727,2.3500403928157474,0.5065551495975738,0.5781298639709647,0.72
0.281,0.611595803032128,0.41851491768423155,0.5385623518304578,0.6815091727181042,0.7753856205975124,2.176497519687288,0.5402005521110876,0.5926328484172358,0.630243446177833,0.5204598377802702,0.5565693147253323,0.6665259002302635,0.6961557103168565,0.7637646211171147,0.7867171464069642,2.0175992574856534,2.3464248680491733,0.5053532960716091,0.5770152565770162,0.719
0.282,0.612972689805643,0.417915862137285,0.5382383666289597,0.6813388558590817,0.7757615003456599,2.1736620205873867,0.5390352509670711,0.5940231944929357,0.631601151117962,0.5201539359729171,0.5562279589749796,0.6663518897556029,0.6959881245786913,0.7641193555097344,0.7871108210881427,2.0152959669994317,2.342975381443562,0.504189409285994,0.5758586027351059,0.718
0.283,0.6143495765791582,0.4173168065903384,0.5379162206191381,0.6811685390000595,0.7761387947037116,2.1708465603503826,0.5378666993317179,0.5954083046882697,0.6329663809509378,0.5198674809277796,0.5558712838037226,0.666176101874069,0.69582311525688,0.7644773589834994,0.787505222167426,2.013110509310675,2.339451277599691,0.5029936794495042,0.5747256267027611,0.7170000000000001
0.284,0.6157264633526734,0.4167177510433918,0.537595898184298,0.6809982221410369,0.7765175116724731,2.1680509272981463,0.5366948835856516,0.5967967567896529,0.6343269504066753,0.5195723584343412,0.5555267340145779,0.6660015306122989,0.6956564290858437,0.7648358016053051,0.7879013303545049,2.010883585015691,2.3360074779731073,0.5018118392337331,0.5735732051571792,0.716
0.285,0.6171033501261887,0.4161186954964452,0.5372773838840487,0.6808279052820146,0.7768976593131987,2.1652749127234694,0.5355197900333025,0.5981788019906406,0.635696586595311,0.5192754135569271,0.5551882738846206,0.6658247729064578,0.6954928578078944,0.7651977001545175,0.7882982224236975,2.0087873748655753,2.332475864573362,0.5005927429739704,0.5724495635778154,0.7150000000000001
0.286,0.6184802368997038,0.4155196399494986,0.536960662451823,0.6806575884229922,0.7772792457481638,2.1625183108381254,0.5343414049023757,0.599563752519147,0.6370621729501875,0.5189882052728236,0.5548495691475254,0.6656490794335006,0.6953278227923213,0.7655601813760929,0.7886968019887218,2.0066567376613667,2.3290168766028954,0.4993852450960429,0.5713085870106648,0.714
0.287,0.619857123673219,0.414920584402552,0.5366457187924373,0.6804872715639698,0.7776622791612436,2.1597809187220176,0.5331597143433113,0.6009556995890319,0.6384180571509337,0.5187067321587462,0.5544903806975977,0.6654758778025011,0.6951593515055853,0.7659221843061103,0.7890973111595916,2.0044269993233117,2.325692884077328,0.49821006762233844,0.5701306468327033,0.7130000000000001
0.288,0.6212340104467342,0.41432152885560536,0.536332537979694,0.6803169547049474,0.7780467677984976,2.157062536273383,0.5319747044287441,0.6023518077758718,0.6397683244227873,0.5183952423697283,0.5541668566574903,0.6653041781171759,0.6949888701031456,0.7662847666116496,0.789499346988789,2.002153773522124,2.3224491904656124,0.4970515768896959,0.5689304281814741,0.712
0.289,0.6226108972202494,0.41372247330865874,0.5360211052540232,0.680146637845925,0.7784327199687615,2.1543629661600328,0.5307863611529543,0.6037342241438358,0.6411375894444464,0.5181255222073856,0.5538290426060423,0.6651277484257224,0.6948249708108086,0.7666524915037801,0.7899019829924628,2.0001175212720597,2.3190131096165474,0.49581995772067017,0.5677928684421624,0.7110000000000001
0.29,0.6239877839937646,0.41312341776171213,0.5357114060201636,0.6799763209869025,0.7788201440442456,2.151682013771602,0.5295946704313175,0.6051143656855806,0.6425099991170676,0.5178720600085003,0.5534648728398512,0.6649505738258156,0.6946621200505274,0.7670222529901233,0.7903059890571492,1.9981307035434943,2.3155665512816794,0.4945733709504,0.5666629762577531,0.71
0.291,0.6253646707672798,0.41252436221476557,0.5354034258448831,0.6798060041278802,0.7792090484611405,2.1490194871727826,0.5283996180997464,0.606514912922303,0.6438544813996999,0.5175640798332197,0.5531568926645707,0.6647805712063736,0.6944894717646305,0.7673886269572614,0.7907122700170917,1.995851677579904,2.312440375841398,0.49342472783290636,0.5654338015920313,0.7090000000000001
0.292,0.626741557540795,0.41192530666781896,0.5350971504547362,0.6796356872688577,0.77959944172023,2.1463751970575173,0.5272011899141315,0.6079076849333537,0.6452097604044785,0.5172578044430728,0.5528502969376269,0.6646079036442664,0.6943205431139121,0.7677585860083319,0.7911195457080618,1.993712628952335,2.3092149379100353,0.49223291362068305,0.5642388882361271,0.708
0.293,0.6281184443143102,0.41132625112087234,0.5347925657338587,0.6794653704098355,0.7799913323875085,2.1437489567041306,0.5259993715497734,0.6092994788849937,0.6465664706931387,0.5170077696216734,0.552492292630599,0.6644349433787249,0.6941520653705052,0.7681304119253756,0.7915281730865449,1.9916076271045537,2.305992661936166,0.49103215744114836,0.5630458191068489,0.7070000000000001
0.294,0.6294953310878254,0.41072719557392573,0.5344896577217996,0.679295053550813,0.7803847290948099,2.141140581931379,0.5247941486008139,0.6106833557724652,0.6479339364214434,0.5167582241492186,0.5521361110993167,0.6642592681144377,0.693987293397599,0.7685054302666767,0.791938166462883,1.9896296080642029,2.302683376172168,0.489789300864666,0.5618860480889056,0.706
0.295,0.6308722178613406,0.4101281400269791,0.5341884126113878,0.6791247366917906,0.78077964054044,2.138549891055392,0.5235855065796586,0.6120811234781908,0.6492827639196096,0.5164569790388068,0.551834865988905,0.664088490031142,0.69381596709804,0.7688793443835904,0.7923496512442973,1.9874800606056844,2.299575340771352,0.4886091666739277,0.5606600669921722,0.7050000000000001
0.296,0.6322491046348557,0.40952908448003256,0.5338888167466339,0.678954419832768,0.7811760754898173,2.1359767048474856,0.5223734309163981,0.6134825442950089,0.6506269036730417,0.5161573831740529,0.551535270124151,0.6639190353815122,0.6936429562125299,0.7692544806302162,0.7927623397595558,1.985307952085465,2.2965239078639033,0.4874413118962328,0.5594156502724533,0.704
0.297,0.633625991408371,0.40893002893308594,0.5335908566206672,0.6787841029737458,0.7815740427761229,2.1334208464928315,0.5211579069582205,0.6148657691977242,0.6519953647379746,0.5159120414116637,0.5511874036018551,0.6637432775116613,0.6934783866966096,0.7696343060555461,0.7931768196868887,1.9833856357918647,2.2932661390020637,0.4861842021723321,0.5582493287731896,0.7030000000000001
0.298,0.6350028781818862,0.40833097338613933,0.5332945188737054,0.6786137861147232,0.7819735513009555,2.1308821415499537,0.5199389199688231,0.6162496567791622,0.6533629616910865,0.5156347874611555,0.5508734927125823,0.6635677991243849,0.6933134673852799,0.7700155635424598,0.7935928303961599,1.9814683779950633,2.29003794181752,0.48492652335515063,0.5570768077846021,0.702
0.299,0.6363797649554013,0.4077319178391927,0.532999790291058,0.6784434692557009,0.7823746100349953,2.128360417911041,0.5187164551278155,0.6176320836695156,0.6547325091839538,0.515357808061016,0.550562663867227,0.663391858709228,0.6931491810898598,0.7703985905239819,0.7940104438311663,1.9795820990794275,2.2868139925574553,0.483658398431512,0.555907455407043,0.7010000000000001
0.3,0.6377566517289165,0.4071328622922461,0.5327066578011622,0.6782731523966785,0.7827772280186756,2.125855505763055,0.5174904975301193,0.6190183125262809,0.6560970461118193,0.5150867351559125,0.5502486765399929,0.6632172931275845,0.6929830980839211,0.7707826092265876,0.7944294899691423,1.9776633062944908,2.283655083506197,0.482404181303584,0.5547180627127575,0.7
0.301,0.6391335385024317,0.40653380674529954,0.5324151084736495,0.6781028355376562,0.7831814143628618,2.123367237549607,0.5162610321853623,0.6204016268285683,0.65746544524533,0.5148123700159701,0.5499415465995213,0.6630417577546711,0.6928183156591765,0.7711686103717701,0.7948502250097087,1.9757920421528354,2.2804838305109745,0.48113283997874906,0.5535381424799859,0.6990000000000001
0.302,0.6405104252759469,0.4059347511983529,0.5321251295174456,0.6779325186786337,0.7835871782495393,2.120895447933599,0.5150280440172681,0.6217785136020835,0.6588423320188452,0.5145604417199738,0.5496157252763504,0.6628640262064897,0.6926564485182322,0.7715570950195979,0.7952728075597764,1.9740081797306277,2.2772615988459957,0.47982807550723594,0.5523831990599322,0.698
0.303,0.6418873120494621,0.4053356956514063,0.5318367082788991,0.6777622018196113,0.7839945289325081,2.118439973760601,0.5137915178630384,0.6231771725045837,0.6601905796259341,0.5142720204814273,0.5493273040378038,0.6626939420406901,0.6924845369664662,0.7719441631788051,0.7956960246582486,1.9719867950388683,2.2743003793749246,0.4786198740812113,0.5511293548180405,0.6970000000000001
0.304,0.6432641988229773,0.4047366401044597,0.5315498322399403,0.6775918849605889,0.7844034757380863,2.1160006540229515,0.5125514384727339,0.6245688318521497,0.6615481158004372,0.5140154624413132,0.549010858538647,0.6625214618725859,0.6923158204264848,0.7723339038114374,0.7961210562202812,1.9700624912418396,2.271278110288466,0.47737530415399815,0.5499032052498924,0.696
0.305,0.6446410855964925,0.40413758455751314,0.5312644890162718,0.6774215681015665,0.7848140280658227,2.1135773298245657,0.5113077905086438,0.6259569338177298,0.6629103538631669,0.5137517691812067,0.5487049476767208,0.6623477869925936,0.6921486981031317,0.7727257411402336,0.7965478516368076,1.968192107307545,2.2682360701703197,0.4761106184476348,0.5486892641890987,0.6950000000000001
0.306,0.6460179723700077,0.4035385290105665,0.5309806663555845,0.6772512512425441,0.7852261953892158,2.1111698443464304,0.5100605585446576,0.627333820591245,0.6642872406366821,0.513494677474173,0.5483966625306329,0.6621702442132111,0.6919866421933882,0.7731204831233842,0.796976971804674,1.9664547623766668,2.2650981993449064,0.47479136574361747,0.5475204043349373,0.694
0.307,0.6473948591435228,0.4029394734636199,0.5306983521358051,0.6770809343835217,0.7856399872564435,2.108778042812778,0.5088097270656237,0.6287250362260737,0.6656454677372706,0.5132378962298231,0.5480893662585644,0.6619977498890375,0.6918180261025,0.7735152284624481,0.7974067945171729,1.9645770500940898,2.2621262789494976,0.47353314151359516,0.5462862762929305,0.6930000000000001
0.308,0.648771745917038,0.4023404179166733,0.5304175343633701,0.6769106175244992,0.7860554132910996,2.106401772457916,0.5075552804667081,0.6301337178739264,0.6669811289050287,0.5129570784573881,0.5478085484861295,0.6618313989564092,0.6916414864269452,0.7739099985385228,0.7978368209919064,1.9625368255487343,2.25934082577486,0.47234885032464086,0.5449744296390783,0.692
0.309,0.6501486326905532,0.4017413623697267,0.5301382011715268,0.676740300665477,0.7864724831929408,2.1040408824937,0.506297203052745,0.6315223114429905,0.668342902832424,0.5127192505431913,0.5474873759812962,0.6616580828418033,0.6914740149263197,0.7743084991594622,0.7982699450521646,1.9607178721192913,2.2563742643250295,0.471070587015538,0.5437452356683158,0.6910000000000001
0.31,0.6515255194640684,0.40114230682278007,0.529860340818662,0.6765699838064545,0.7868912067386404,2.1016952240776403,0.505035479037582,0.6329058596254523,0.6697112054265092,0.5124595983516722,0.5471935175523968,0.6614830520183352,0.6913087758926986,0.7747090887491018,0.7987051640980407,1.9589609073853773,2.2533789227816845,0.46976615992603454,0.542533935210488,0.69
0.311,0.6529024062375837,0.4005432512758335,0.5295839416866572,0.6763996669474321,0.7873115937825536,2.0993646502816197,0.5037700925434199,0.6342960152791087,0.6710710235591654,0.5122032676007371,0.5468980309661808,0.6613103738956425,0.691140528970529,0.7751108168223035,0.7991414370829819,1.9571522900205955,2.2504630584980974,0.4684870001232219,0.5412913124389611,0.6890000000000001
0.312,0.6542792930110988,0.3999441957288869,0.5293089922792686,0.6762293500884096,0.787733654257489,2.097049016061214,0.5025010276001471,0.6356756115877089,0.6724444316894019,0.5120178677732976,0.5465397598280807,0.6611340560516848,0.6909769796581752,0.7755150256374349,0.7995803927122482,1.9554560563012378,2.2474698132147135,0.4671574963343303,0.5400896752483061,0.688
0.313,0.655656179784614,0.3993451401819403,0.5290354812205338,0.6760590332293873,0.7881573981754928,2.0947481782256037,0.5012282681446666,0.6370741392129885,0.6737935796819049,0.5117443567145628,0.5462662487693458,0.6609643924631323,0.6908049159963477,0.7759195763254387,0.8000191403371223,1.9535951457706693,2.244663144437003,0.46590714285278756,0.5388050527407674,0.687
0.314,0.6570330665581292,0.39874608463499367,0.5287633972532021,0.6758887163703649,0.7885828356286388,2.0924619954080548,0.49995179802021983,0.6384757521259639,0.6751389007466682,0.5114722727472311,0.5459941648020141,0.6607958517639383,0.69063147056609,0.7763258343746133,0.8004590803146875,1.9517237960330294,2.2418954587028677,0.4646656245806253,0.5375046579594381,0.6859999999999999
0.315,0.6584099533316443,0.3981470290880471,0.5284927292371908,0.6757183995113425,0.7890099767898308,2.0901903280369662,0.4986716009757017,0.6398858135382317,0.6764736353744822,0.5112016047312198,0.5457234967860028,0.6606303062397647,0.6904542836859578,0.77673368735138,0.8008994710963518,1.9497982522897224,2.239207967905161,0.46345547184045033,0.5361668290185361,0.685
0.316,0.6597868401051595,0.3975479735411005,0.5282234661480643,0.67554808265232,0.7894388319136124,2.087933038307467,0.4973876606649715,0.6412850568543934,0.6778222370630264,0.5109323416420932,0.5454542336968763,0.6604610301946264,0.6902818916074173,0.777143965480233,0.8013427043465211,1.947984188210958,2.2364429415696736,0.4621942695548527,0.5348705605721558,0.6839999999999999
0.317,0.6611637268786748,0.3969489179941539,0.5279555970755373,0.6753777657932977,0.7898694113369888,2.085689990153548,0.49609996064615697,0.6426815539729062,0.6791743906816128,0.5106644725695663,0.5451409575098648,0.6602908411128229,0.6901106938168793,0.7775561860097502,0.8017879171764014,1.946208182975455,2.2336700400517295,0.4609170923155616,0.5335822261964235,0.683
0.318,0.66254061365219,0.39634986244720727,0.5276891112220014,0.6752074489342752,0.790301725480256,2.0834610492207233,0.49480848438095315,0.6440709684449333,0.6805355130929688,0.5105101540719703,0.5448042802116178,0.6601182251852934,0.6899425812558782,0.7779703552224755,0.8022358151800321,1.9445024690223196,2.2308585607049,0.4596060264421614,0.532319021735788,0.6819999999999999
0.319,0.6639175004257052,0.39575080690026065,0.527423997901074,0.6750371320752528,0.7907357848478428,2.081246082839201,0.49351321523391306,0.6454791494404155,0.6818731398810848,0.5102450407510429,0.5445391668906904,0.65995220528563,0.689766221913426,0.7783861382888434,0.8026825764673069,1.9426638016941598,2.228200637009689,0.45836898844768204,0.5309772354992843,0.681
0.32,0.665207833503263,0.3950730273470313,0.5271278156975749,0.6748366025266209,0.7911288772574623,2.078774479697697,0.492341421318731,0.6467911482347106,0.6831363868603515,0.5099818710550978,0.5442104321008956,0.6597526570356843,0.6895638540405785,0.7787612214477609,0.8030896817114747,1.9406451757778853,2.225213962652063,0.45721463849655003,0.5297980808551245,0.6799999999999999
0.321,0.6663715155604097,0.39428005368664937,0.5267857367791512,0.6745918637974788,0.7914608593283166,2.0759237244872577,0.4913527016783361,0.6479548302918574,0.6843000689174983,0.5096532306457855,0.5438568361640613,0.659501382264938,0.6893266863819593,0.7790751677514067,0.8034391583957321,1.9384069312364742,2.2216980898845353,0.45615379841117515,0.5288881456184393,0.679
0.322,0.6675351976175565,0.3934870800262675,0.5264452918989226,0.6743471250683367,0.7917941006690165,2.0730906758309207,0.49036106546083114,0.649135264030319,0.6854428607587655,0.5093306072996674,0.5434993791083231,0.659255999877334,0.6890821817310585,0.7793904366343415,0.8037871680799283,1.9360596063235211,2.218320240405625,0.4551589039593171,0.5279090656488231,0.6779999999999999
0.323,0.6686988796747033,0.3926941063658856,0.5261064693766073,0.6741023863391947,0.7921286084581445,2.070275169271527,0.48936649974194485,0.650307481791119,0.686595914954852,0.5090129446616358,0.5431406469464833,0.6590077944779195,0.6888412144064434,0.7797069199198146,0.8041378029351774,1.933787201588802,2.2149064290966964,0.45412707601500085,0.5269597861108873,0.677
0.324,0.6698625617318501,0.39190113270550364,0.5257692576429811,0.6738576476100525,0.7924643899289497,2.0674770423822535,0.4883689915209318,0.651483173791611,0.6877446617107034,0.5086946948067601,0.5427855427723806,0.6587608465797433,0.6885986987411388,0.7800247130917848,0.8044891272586917,1.9315045180742612,2.211536689506952,0.4531064030598279,0.5259940070840077,0.6759999999999999
0.325,0.6710262437889969,0.39110815904512175,0.5254336452385612,0.6736129088809104,0.7928014523698701,2.064696134735375,0.48736852772000455,0.6526478019740921,0.6889071687412678,0.5083748565709237,0.5424358661316643,0.6585100813774831,0.6883609416130856,0.7803436059488297,0.8048436602899444,1.9293135261247345,2.2081147063343436,0.45203722093303844,0.5250691590624944,0.675
0.326,0.6721899258461437,0.39031518538473986,0.5250996208123077,0.6733681701517683,0.793139803125058,2.061932287871606,0.48636509518376314,0.6538244083013355,0.6900548043152946,0.5080570416266185,0.5420867270722297,0.6582635419976407,0.6881179487146324,0.780663958141522,0.8051974205297325,1.9270527423411818,2.2047921661884873,0.4510140818106332,0.5240941578447601,0.6739999999999999
0.327,0.6733536079032905,0.3895222117243579,0.5247671731203439,0.6731234314226262,0.7934794495949157,2.0591853452700013,0.4853586806786174,0.6549884324470925,0.691218061879382,0.5077368830389684,0.5417438190933389,0.6580126552865195,0.687880364232047,0.7809853519015646,0.8055547129951279,1.9248919170875733,2.201409084890917,0.4499361699896118,0.5231660933571762,0.673
0.328,0.6745172899604372,0.388729238063976,0.524436291024695,0.6728786926934841,0.7938203992366331,2.056455152318406,0.48434927089220653,0.6561644570681175,0.6923664439685258,0.5074248821360283,0.5413950771065633,0.657766001843014,0.6876375429259393,0.7813082669417166,0.8059112003939526,1.922662898148474,2.1981232222253064,0.44890436836281367,0.5221877352113264,0.6719999999999999
0.329,0.6756809720175839,0.3879362644035941,0.5241069634920434,0.672633953964342,0.7941626595647349,2.0537415562844497,0.4833368524328108,0.6573409138665038,0.6935143160538836,0.5071154707808595,0.5410467747097486,0.6575195434990685,0.6873944993539493,0.7816325192927144,0.8062689079991161,1.920445475350767,2.1948592298733054,0.4478711049692485,0.5212048844984382,0.671
0.33,0.6768446540747307,0.3871432907432122,0.5237791795925034,0.6723892152351998,0.7945062381516316,2.0510444062870627,0.4823214118287602,0.6585179845692738,0.6946614460501591,0.5068060188451434,0.5407016563451175,0.6572733435861472,0.6871511526064039,0.7819581035003901,0.8066278248637306,1.918238026852192,2.1916183445121695,0.446837188948641,0.5202167380843793,0.6699999999999999
0.331,0.6780083361318775,0.3863503170828303,0.5234529284984111,0.6721444765060578,0.7948511426281789,2.048363553268512,0.4813029355278363,0.659691431373398,0.695813074347848,0.5064969780861599,0.5403593745056029,0.6570259227424473,0.6869093320112589,0.7822849110743886,0.806988739404497,1.9160680564706671,2.1883744843412654,0.445785226637702,0.519240045288858,0.669
0.332,0.6791720181890243,0.38555734342244835,0.5231281994831324,0.6718997377769157,0.7951973806842417,2.0456988499669406,0.4802814098966703,0.6608693518307363,0.6969592035147317,0.5061917247598435,0.5400160592853216,0.6567801076185023,0.6866655477401117,0.7826132095458864,0.8073501351057684,1.913883399281943,2.1851762334587423,0.44474827304486486,0.5182428893214007,0.6679999999999999
0.333,0.6803357002461711,0.38476436976206646,0.522804981919888,0.6716549990477736,0.7955449600692667,2.0430501508894023,0.4792568212201333,0.6620470506760816,0.6981056321200325,0.5058877486985547,0.53967450327873,0.6565342591023566,0.6864218240274876,0.7829428596772645,0.8077129000203809,1.9117142351805583,2.181995021664854,0.44370713894748515,0.5172437545813111,0.667
0.334,0.6814993823033179,0.3839713961016845,0.5224832652805933,0.6714102603186314,0.7958938885928593,2.0404173122853826,0.478229155700724,0.6632170919154504,0.6992614946049945,0.5055812622642798,0.5393389355367596,0.656285781336791,0.6861813495956394,0.7832735267476124,0.8080785333132995,1.9096053458008009,2.1787887544011815,0.4426316622272987,0.5162717494293961,0.6659999999999999
0.335,0.6826630643604646,0.3831784224413026,0.5221630391347155,0.6711655215894894,0.7962441741253696,2.0378001921207898,0.4771983994579479,0.6643807739725972,0.7004251766621413,0.5052730106122368,0.5390085023422913,0.6560351274556218,0.6859435610474436,0.783605239209413,0.8084468193794223,1.9075471977786225,2.1755661394797734,0.4415270719215087,0.5153218162872586,0.665
0.336,0.6838267464176114,0.38238544878092073,0.5218442931481467,0.6709207828603472,0.7965958245984837,2.035198650052415,0.4761645385276937,0.6655544713445545,0.7015765543919972,0.5049712948517975,0.5386738599399349,0.6557880130924253,0.6857014339717948,0.7839387311005185,0.8088145032132752,1.9054408707516117,2.1724192454891074,0.4404599675515233,0.5143295938675023,0.6639999999999999
0.337,0.6849904284747582,0.3815924751205388,0.5215270170820921,0.6706760441312052,0.7969488480058221,2.0326125474028434,0.47512755886160146,0.6667284067212446,0.7027276529148956,0.5046711009753541,0.5383406155386831,0.6555410252544265,0.6854591659887781,0.7842735956675891,0.8091835237120787,1.9033459375857076,2.169292146793537,0.43939055344819133,0.5133334876290777,0.663
0.338,0.686154110531905,0.3807995014601569,0.5212112007919734,0.670431305402063,0.7973032524035463,2.0300417471358134,0.4740874463264275,0.6679064272981265,0.7038737597886598,0.5043850099247177,0.5380004182940987,0.6552955070127421,0.6852151120016923,0.7846100457164129,0.8095530912480112,1.9012401318184495,2.1662053046659913,0.4383344291652372,0.5123183868140081,0.6619999999999999
0.339,0.6873177925890518,0.38000652779977495,0.5208968342263475,0.670186566672921,0.7976590459109701,2.027486113832011,0.4730441867034012,0.669101604946993,0.7049989235637967,0.5040805272085084,0.5376671260793668,0.6550560209925063,0.6849637042314791,0.7849489326377256,0.8099203755459601,1.8990512781352016,2.163225470543006,0.4373441997450515,0.5112333579846867,0.661
0.34,0.6884814746461985,0.37921355413939306,0.5205839074258407,0.6699418279437788,0.7980162367111816,2.0249455136652896,0.4719977656875781,0.6702808797141644,0.706143579392198,0.5037917278800721,0.5373353188684021,0.6548110270281158,0.6847190572522843,0.7852883515481521,0.8102923696995776,1.8969668293312472,2.1601780155141013,0.43628624874416794,0.510207601340656,0.6599999999999999
0.341,0.6896451567033453,0.37842058047901117,0.5202724105220967,0.6696970892146368,0.7983748330516687,2.0224198143793113,0.4709481688871847,0.6714445617713112,0.7073072614493447,0.5034938477894438,0.5370118503645626,0.6545606332967578,0.684481008554277,0.7856281233391791,0.8106691977121449,1.8949799644055372,2.157069295590547,0.4351622897038207,0.5092394983944983,0.659
0.342,0.690808838760492,0.3776276068186292,0.5199623337367388,0.6694523504854946,0.7987348432449555,2.0199088852645963,0.4698953818229605,0.6726301624398711,0.7084442454370192,0.503205865385615,0.5366800986843823,0.6543179335200981,0.6842335975697773,0.7859707964402193,0.8110426154966401,1.8928866805973288,2.1540883230365644,0.43412306472699586,0.5081831077847871,0.6579999999999999
0.343,0.6919725208176388,0.37683463315824733,0.5196536673803471,0.6692076117563526,0.799096275669243,2.017412597135973,0.46883938992749036,0.6738194925751684,0.7095767537398875,0.5029155430238084,0.5363489819924094,0.6540765784509245,0.6839845814007015,0.7863152723982068,0.8114165232346876,1.8907884568391835,2.151140541148562,0.4330951324645583,0.5071094517708884,0.657
0.344,0.6931362028747855,0.37604165949786544,0.5193464018514493,0.6689628730272104,0.7994591387690607,2.014930822310423,0.4677801785445343,0.6749938758183368,0.7107274501765569,0.5026301486174118,0.5360252417379353,0.6538300490826673,0.6837418709281323,0.7866600458444825,0.8117952570454353,1.888781193944608,2.148137036290312,0.4320040583180771,0.5060906276917957,0.656
0.345,0.6942998849319323,0.37524868583748355,0.5190405276355247,0.6687181342980684,0.7998234410559228,2.012463434585311,0.4667177329283476,0.6761646726320063,0.7118825067289439,0.5023449190306506,0.5356998237440261,0.6535823105411822,0.6835006396939957,0.7870059451893187,0.812176283007467,1.8868039517278166,2.1451340455208956,0.43089529867041976,0.5050825945052094,0.655
0.346,0.6954635669890791,0.37445571217710166,0.5187360353040225,0.6684733955689262,0.800189191108995,2.010010309216992,0.46565203824299833,0.6773537521902544,0.7130154349957851,0.5020577360365839,0.5353784365041864,0.6533409964500022,0.6832516416736273,0.7873548688617353,0.8125544341288341,1.8847474383462026,2.1422321765926933,0.4298558758531698,0.5040009520384117,0.654
0.347,0.6966272490462259,0.3736627385167197,0.5184329155133928,0.6682286568397842,0.8005563975757668,2.0075713228997865,0.46458307956167555,0.6785229033411335,0.7141725034529594,0.5017770026550477,0.535055166179563,0.6530927686242265,0.6830110275652982,0.7877034877228171,0.812938792850024,1.8828017196836637,2.139255832904015,0.42873381875235517,0.5029930208390665,0.653
0.348,0.6977909311033726,0.3728697648563378,0.5181311590041311,0.667983918110642,0.8009250691727337,2.005146353745324,0.46351084186599284,0.6797149477308986,0.7153019358373879,0.501497071178459,0.5347291527752553,0.6528525744284841,0.6827607242792927,0.7880557374019852,0.8133190327118508,1.880757741720677,2.1363973968205365,0.4276990106148417,0.5018939929667375,0.652
0.349,0.6989546131605194,0.3720767911959559,0.5178307565998351,0.6677391793815,0.8012952146860868,2.0027352812622334,0.46243531004528504,0.6809001406250401,0.7164396938414777,0.5012113241832324,0.5344162177517148,0.6526100310431826,0.6825132847449522,0.788408893440246,0.8137023466739802,1.878760286386937,2.133523248315612,0.42663341539777305,0.5008183313262733,0.651
0.35,0.7001182952176662,0.371283817535574,0.5175316992062748,0.6674944406523577,0.8016668429724109,2.000337986336189,0.4613564688958981,0.682069436789018,0.7175966172855531,0.5009290875417329,0.5341015601406132,0.6523619812374337,0.6822724926165955,0.7887618876271874,0.8140911461812064,1.8768482977688088,2.1305975817436877,0.4255017282768852,0.4998003254822891,0.65
0.351,0.701281977274813,0.3704908438751921,0.5172339778104748,0.6672497019232156,0.8020399629593903,1.9979543512102935,0.460274303120473,0.6832571826343166,0.7187313645359895,0.5006492297077056,0.5337864619930107,0.6521204137257876,0.6820239174067033,0.7891183551217711,0.8144767267088806,1.8748640471294271,2.127764888750101,0.4244391045324729,0.4987087031105602,0.649
0.352,0.7024456593319598,0.36969787021481015,0.516937583479808,0.6670049631940735,0.8024145836465246,1.9955842594657949,0.4591887973272225,0.6844365088665175,0.719876261892959,0.5003717374383032,0.5334719248155383,0.6518759493499564,0.6817788431121627,0.7894754298046517,0.8148659482283482,1.8729298990397891,2.1249127202049163,0.4233398561333934,0.49764607508959685,0.648
0.353,0.7036093413891066,0.36890489655442826,0.5166425073611037,0.6667602244649314,0.8027907141058517,1.993227596003135,0.45809993602920157,0.6856018185875881,0.7210379912464098,0.5001601441221262,0.5330944601657946,0.6516266343581937,0.681539602215214,0.7898323912871985,0.815260365883888,1.8710682686939302,2.1220204873126023,0.4221821474342658,0.4966336639556167,0.647
0.354,0.7047730234462534,0.3681119228940463,0.5163487406797649,0.6665154857357893,0.8031683634826801,1.9908842470233148,0.45700770364357063,0.6868159846988103,0.722141213733091,0.4998663774407874,0.5328006934844558,0.6513944152706209,0.6812798967901084,0.7901967576726081,0.8156432520729917,1.8690091984921746,2.119334474651297,0.4212117929839325,0.495432450450645,0.646
0.355,0.7059367055034002,0.3673189492336644,0.516056274738899,0.6662707470066472,0.8035475409963302,1.9885541000095779,0.45591208449085247,0.6879851790617797,0.7232983076485494,0.49957391149992153,0.53250822754359,0.651146540186571,0.6810389539103374,0.7905571838415099,0.8160397210329245,1.867153092576888,2.116488988380967,0.42006243342326305,0.49439862403279566,0.645
0.356,0.7071003875605469,0.36652597557328254,0.5157651009184596,0.6660260082775051,0.8039282559408847,1.9862370437094017,0.45481306279418177,0.6892133039196066,0.7243851541914469,0.4992827376794821,0.5322170537231505,0.6509192775439404,0.6807734482862788,0.7909271506150204,0.8164211906935549,1.8650712912144414,2.1138740839163916,0.4191371617839878,0.4931399788290793,0.644
0.357,0.7082640696176936,0.3657330019129006,0.5154752106743994,0.665781269548363,0.8043105176859479,1.983932968116789,0.453710622678548,0.690418527373902,0.7254994801628365,0.4989928474354219,0.5319271634790903,0.650684062577635,0.6805174930048549,0.7912959930656063,0.8168102444527517,1.8630998246559483,2.1111837096075945,0.4181186650258804,0.49196522248726104,0.643
0.358,0.7094277516748404,0.3649400282525187,0.5151865955378345,0.6655365308192209,0.8046943356774142,1.9816417644548616,0.4526047481700305,0.6916093754357997,0.7266309558097503,0.498704232298857,0.5316385483425254,0.6504438713244486,0.6802674824098015,0.7916644136381016,0.817204905156667,1.861197288346592,2.108455768238307,0.41704134110604657,0.4908409553182663,0.642
0.359,0.7105914337319872,0.36414705459213675,0.5148992471142201,0.6652917920900788,0.8050797194382466,1.9793633251587388,0.4514954231950278,0.6927917331850907,0.727772528656032,0.4984207434441701,0.5313313592231662,0.6502007579706339,0.6800209548200309,0.7920331219730551,0.8176036204859851,1.8593381208638344,2.10571340389705,0.4159281045277574,0.4897448719955086,0.641
0.36,0.711755115789134,0.36335408093175486,0.5146131570825357,0.6650470533609367,0.8054666785692634,1.9770975438587055,0.45038263157947817,0.6939679420652851,0.7289213948776507,0.4982235122433426,0.5309731028725418,0.649955539751037,0.6797769316007829,0.7924024134242225,0.8180057741009257,1.8575120277185666,2.102965818872165,0.414787971689658,0.4886681784884447,0.64
0.361,0.7129187978462808,0.362561107271373,0.514328317194483,0.6648023146317946,0.805855222749936,1.9748443153636588,0.44926635704807394,0.695150529258261,0.7300627382802477,0.49795614331848514,0.5306714736889317,0.6497125895285996,0.6795302408796353,0.7927743440511493,0.8184075557235333,1.855673920186196,2.1002534065165372,0.4136683338905707,0.48756462626376434,0.639
0.362,0.7140824799034275,0.361768133610991,0.5140447192736923,0.6645575759026525,0.8062453617391967,1.9726035356448275,0.4481465832234678,0.6963268915514501,0.7312114510888718,0.4976886930725356,0.5303726747876926,0.6494675078915865,0.6792860810778031,0.7931468261180017,0.8188128540060691,1.8538682072899686,2.0975360403220247,0.41252152448776996,0.4864806815707223,0.638
0.363,0.7152461619605743,0.36097515995060914,0.5137623552149407,0.6643128371735104,0.8066371053762545,1.9703751018197642,0.447023293625472,0.6975033154648727,0.7323601022772623,0.4974294026844447,0.5300688625332464,0.6492224890149724,0.679041858515572,0.7935209083527824,0.8192197508717567,1.8520724594184672,2.0948336950624697,0.4113712988483565,0.48539314151656077,0.637
0.364,0.7164098440177211,0.36018218629022725,0.5134812169833796,0.6640680984443683,0.8070304635814233,1.9681589121365966,0.4458964716702498,0.6987016595770618,0.7334829511017192,0.49715502887587376,0.5297784161217503,0.6489851628456486,0.6787885881259729,0.793900488931107,0.81962129677724,1.8502141523027753,2.0922110016884115,0.41029996805540175,0.48422159478782056,0.636
0.365,0.7175735260748679,0.3593892126298453,0.5132012966137727,0.6638233597152262,0.8074254463569583,1.9659548659585422,0.44476610066949934,0.6998757634739027,0.7346343709531377,0.4968986965495494,0.5294778014250711,0.6487394164201058,0.6785452497185285,0.7942774073634272,0.8200321591622325,1.8484471043869755,2.089530191659635,0.4091336675365183,0.4831357740713005,0.635
0.366,0.7187372081320147,0.3585962389694634,0.5129225862097436,0.6635786209860841,0.8078220637879048,1.9637628637486741,0.44363216382962983,0.7010524665189545,0.735782743009899,0.4966426666757919,0.5291772943961605,0.6484946182943019,0.6783008064054873,0.7946564137956516,0.8204438364152487,1.8466814428702218,2.0868714783812443,0.4079734378648052,0.4820369934735521,0.634
0.367,0.7199008901891615,0.35780326530908146,0.5126450779430337,0.663333882256942,0.8082203260429558,1.961582807054936,0.4424946442509297,0.7022423780409579,0.736915617577228,0.49637782804380004,0.5288875225258317,0.6482544719386735,0.6780509123127906,0.7950395338057441,0.820852841861877,1.8448842149307958,2.084263940226874,0.4068590588109295,0.4808863312901545,0.633
0.368,0.7210645722463083,0.3570102916486996,0.5123687640527689,0.6630891435277999,0.8086202433753215,1.959414598495403,0.4413535249267274,0.7034192688837284,0.7380638018362706,0.4961192627067778,0.5285942858547104,0.6480098215214668,0.6778063212911525,0.7954218755523271,0.8212677543900101,1.8431381879662307,2.0816337381645575,0.4056920825135574,0.47977996582766386,0.632
0.369,0.7222282543034549,0.3562173179883177,0.5120936368447357,0.6628444047986577,0.8090218261236088,1.9572581417437804,0.44020878874254366,0.704596222636396,0.739211923185416,0.4958571618957673,0.5283071278412911,0.647765233884997,0.6775616674887768,0.7958058793474118,0.8216843246609699,1.8414016530100736,2.0790178250125866,0.40452159557042683,0.47866989747044125,0.631
0.37,0.7233919363606017,0.35542434432793574,0.5118196886906683,0.6625996660695157,0.8094250847127129,1.9551133415151398,0.43906041847523536,0.7057689672805096,0.7403649861271091,0.49559716052352487,0.528020310418388,0.6475192177569423,0.6773186978610201,0.7961907186612296,0.8221039952032665,1.8396872912605946,2.076404794767626,0.40333156964905953,0.47757177069999035,0.63
0.371,0.7245556184177485,0.35463137066755385,0.511546912027542,0.6623549273403735,0.8098300296547187,1.9529801035518828,0.4379083967921327,0.7069528502402842,0.7415050154508076,0.4953415179008059,0.5277309509499862,0.6472771302864915,0.6770711379958098,0.7965794218892219,0.8225216211034531,1.8379493828443665,2.0738349052749485,0.4021794944625312,0.4764293128074349,0.629
0.372,0.7257193004748953,0.3538383970071719,0.5112752993568785,0.6621101886112315,0.8102366715498145,1.9508583346099335,0.4367527062501667,0.7081410964352619,0.7426399673674089,0.49508907613121306,0.5274406676617683,0.6470366064765017,0.676821765179181,0.7969707313794706,0.8229394288565139,1.8362090895742793,2.071289160193297,0.401039898719793,0.47526738486462466,0.628
0.373,0.7268829825320421,0.35304542334679,0.5110048432440584,0.6618654498820894,0.8106450210872168,1.948747942445153,0.4355933292949887,0.7093366265147432,0.7437664542690668,0.49483731725146074,0.5271517525731348,0.6467986660219585,0.6765693967182144,0.7973653365082425,0.82335635271693,1.8344591307613387,2.0687736912292554,0.399923504266739,0.4740754343609799,0.627
0.374,0.7280466645891889,0.3522524496864081,0.5107355363176418,0.6616207111529473,0.8110550890461076,1.9466488357999703,0.4344302482600817,0.7105161919735656,0.7449116068261106,0.4945860866551448,0.5268650754825719,0.6465551934202755,0.6763235032355733,0.7977583698106706,0.8237804934341328,1.832764028126762,2.0662316566940655,0.3987437518370988,0.4729381906586136,0.626
0.375,0.7292103466463357,0.3514594760260262,0.5104673712687002,0.6613759724238052,0.8114668862965818,1.9445609243902284,0.4332634453658629,0.7117006256178176,0.7460511037774314,0.4943302661306041,0.5265852126917757,0.6463134605392434,0.6760755951730202,0.7981541848168964,0.8242046387085373,1.8310653681790923,2.0637142259225207,0.3975782240223527,0.47177965366297164,0.625
0.376,0.7303740287034824,0.3506665023656443,0.5102003408501548,0.6611312336946631,0.8118804238006087,1.9424841188922406,0.43209290271877815,0.7128921836210012,0.7471823318635804,0.49408745779951346,0.5262942374293663,0.6460742548607888,0.6758247604031499,0.7985533285895611,0.8246279557408203,1.829357771584225,2.0612258598779722,0.3964352273359423,0.4705916339003903,0.624
0.377,0.7315377107606292,0.34987352870526234,0.5099344378761227,0.6608864949655209,0.8122957126130038,1.9404183309300511,0.4309186023103865,0.7140780503305599,0.748320217206621,0.4938390226365751,0.5260114154337466,0.6458331028512516,0.6755762091463622,0.7989530296562906,0.8250550020026497,1.8276753309920855,2.0587365848592234,0.39526716242953974,0.4694207372967637,0.623
0.378,0.732701392817776,0.34908055504488045,0.5096696552212735,0.6606417562363789,0.8127127638824148,1.9383634730628996,0.42974052601643725,0.7152476912726075,0.7494769744156003,0.49358680012476325,0.5257352384783316,0.6455863272802417,0.675334205106007,0.7993508354715637,0.8254896900822964,1.8260434575991282,2.0562242738270924,0.3940351359146293,0.4683050930067608,0.622
0.379,0.7338650748749228,0.34828758138449856,0.5094059858201921,0.6603970175072367,0.8131315888523184,1.9363194587728834,0.42855865559593753,0.7164184499267381,0.7506324353695231,0.49333600085214524,0.5254598108202309,0.6453399822925,0.675091708159643,0.7997506267733293,0.8259257841886029,1.8244171539329288,2.0537279700007405,0.39280328904927864,0.4671817875414857,0.621
0.38,0.7350287569320695,0.3474946077241166,0.509143422666751,0.6601522787780946,0.8135521988620315,1.9342862024528145,0.4273729726902105,0.7175821319838848,0.7517961174266697,0.49308438025446666,0.525187845576516,0.6450912072266969,0.6748520407960809,0.8001505534781439,0.8263662827081041,1.8228167435931435,2.0512298810854186,0.3915411660831598,0.46608065916687,0.62
0.381,0.7361924389892163,0.3467016340637347,0.5088819588134889,0.6599075400489525,0.813974605347734,1.9322636193942684,0.42618345882194464,0.7187671418921467,0.7529350381139807,0.4928522660100645,0.5249076280912905,0.6448499169623648,0.6746036901168276,0.8005571036279485,0.8268008173895708,1.821172120548128,2.048790575026121,0.3903543289686071,0.4648981107561571,0.619
0.382,0.7373561210463631,0.3459086604033528,0.5086215873709979,0.6596628013198104,0.8143988198435054,1.9302516257758195,0.42499009539423455,0.7199709802736077,0.7540521637679176,0.4925929512617712,0.5246295447216188,0.6446152389986061,0.6743476916207155,0.8009699305023125,0.8272301149279693,1.8194923883716327,2.046401689433455,0.3892332120806966,0.46364342430287125,0.618
0.383,0.7385198031035098,0.3451156867429709,0.5083623015073195,0.6594180625906683,0.8148248539823748,1.9282501386514617,0.4237928636896113,0.7211521032926489,0.7551956488921436,0.4923580576661999,0.5243529210066276,0.6443726718610662,0.6741008543214765,0.801379287747258,0.8276696299318667,1.8178762637038524,2.0439779332888537,0.38802391337456976,0.4624676256391871,0.617
0.384,0.7396834851606566,0.344322713082589,0.5081040944473458,0.6591733238615263,0.8152527194973841,1.92625907593921,0.4225917448690639,0.7223303499690337,0.756342477317572,0.4921146364261561,0.524080747316915,0.6441291406395077,0.6738551441041901,0.8017897802686962,0.8281120622143964,1.8162755244613265,2.041560842728924,0.3867999653466184,0.46129852303195573,0.616
0.385,0.7408471672178034,0.34352973942220705,0.50784695947223,0.6589285851323841,0.8156824282226655,1.9242783564098789,0.42138671997105137,0.7235160036717506,0.7574807542104277,0.4918969037934857,0.5237804021224892,0.6438882349478615,0.673606408852251,0.8022039189702448,0.8285535222113443,1.8146668062489815,2.039170288052538,0.3855993487030338,0.46009877299643565,0.615
0.386,0.7420108492749502,0.34273676576182516,0.5075908899188036,0.6586838464032421,0.8161139920945316,1.9223078996760368,0.42017776991050454,0.7247240803078788,0.7585931746511517,0.49164083424005933,0.5235243325690628,0.6436551960128195,0.6733486083294883,0.8026255876546992,0.8289881187666996,1.8130188002394123,2.036832634413714,0.38447717085138244,0.45881414682704313,0.614
0.387,0.743174531332097,0.3419437921014432,0.5073358791790006,0.6584391076740999,0.8165474231525822,1.9203476261811292,0.41896487547781897,0.7259327629285758,0.7597049891073068,0.4913858235002563,0.5232693218292598,0.6434224082881822,0.6730905565963206,0.8030495539869179,0.8294240895574488,1.8113813062594317,2.0345050011363677,0.3833526198994844,0.4575239721221578,0.613
0.388,0.7443382133892438,0.3411508184410613,0.5070819206992891,0.6581943689449578,0.8169827335408224,1.9183974571887725,0.41774801733783695,0.7271191741410207,0.7608425084904348,0.4911714142458709,0.5229802226940954,0.6431818860666682,0.6728414378742494,0.8034697344644617,0.8298706138035008,1.8098000901833193,2.032148691149958,0.382142319010205,0.45631024006863885,0.612
0.389,0.7455018954463906,0.34035784478067943,0.5068290079801104,0.6579496302158157,0.8174199355087974,1.9164573147722122,0.41652717602882067,0.7282828561981675,0.7620061905475816,0.4909554769225013,0.5226932614232153,0.6429334695096208,0.6726014120019315,0.8038857763294862,0.8303281158110482,1.8082729255891288,2.029765820498908,0.3808448573823914,0.4551743726759679,0.611
0.39,0.7466655775035373,0.3395648711202975,0.5065771345753237,0.6577048914866735,0.817859041412742,1.914527121803942,0.4153023319614142,0.7295072830115236,0.7631000633590964,0.4907036035177146,0.5224413880184285,0.6427062963480713,0.6723369786565755,0.8043200470685092,0.830763031807081,1.8066347868814623,2.0274949693899655,0.3797649405927228,0.4538164874418208,0.61
0.391,0.7478292595606841,0.3387718974599156,0.506326294091659,0.6574601527575314,0.8183000637167437,1.9126068019454836,0.4140734654175958,0.7307124201627616,0.7642161969709288,0.49045276303404983,0.5221905475347638,0.6424724294956442,0.6720802761164023,0.80475132179217,0.8312073855647488,1.8050458386911838,2.0252010922585324,0.37861001367994107,0.45252438252062577,0.609
0.392,0.7489929416178309,0.33797892379953365,0.5060764801881761,0.6572154140283893,0.8187430149939229,1.9106962796373237,0.4128405565496202,0.7318977330218668,0.7653550939669191,0.4902385034068739,0.5219033959786687,0.642231682122407,0.6718314800252108,0.8051790530702944,0.831661783931306,1.8035028625373142,2.0228872885068077,0.377379043566482,0.4512991342852418,0.608
0.393,0.7501566236749776,0.33718595013915176,0.50582768657573,0.6569706752992472,0.819187907927627,1.9087954800890015,0.4116035853789496,0.7330693018130695,0.7665097447837695,0.49000338146291594,0.5216419122639222,0.6419861765558328,0.6715881436576798,0.8056048130167075,0.8321238628605387,1.8019927584439173,2.0205645560769945,0.37609414443403877,0.45011896808463664,0.607
0.394,0.7513203057321244,0.33639297647876987,0.5055799070164435,0.6567259365701051,0.819634755312642,1.906904329269351,0.4103625317951743,0.7342408880925316,0.7676643781123608,0.489767962092307,0.5213827997430412,0.6417407163924924,0.671344761886915,0.806032489753794,0.8325879280110509,1.8004901236474882,2.0182538716492995,0.3748050703279077,0.44893484068386813,0.606
0.395,0.7524839877892712,0.3356000028183879,0.5053331353231855,0.656481197840963,0.8200835700564177,1.905022753896889,0.4091173755549237,0.7354209085765309,0.7688093640598002,0.4895424997166917,0.5211153543894987,0.641498239543916,0.6710979733263617,0.8064645234746668,0.8330504428781699,1.7989803345295707,2.015967128105637,0.37354235174980693,0.44771661763579323,0.605
0.396,0.753647669846418,0.33480702915800603,0.5050873653590563,0.6562364591118209,0.8205343651803119,1.9031506814303483,0.407868096280765,0.7366160462928145,0.7699370811032235,0.48933961574462603,0.5208297251667005,0.6412610789440928,0.6708451174481442,0.8069029477495431,0.8335085123487368,1.7974528894168595,2.0137126703854764,0.37233018286923797,0.44644038078177795,0.604
0.397,0.7548113519035647,0.33401405549762414,0.5048425910368787,0.6559917203826788,0.8209871538208489,1.901288040059357,0.40661467346009167,0.7378154478027543,0.7710599712559205,0.48909688340508595,0.5205810733029153,0.6410254459203102,0.6705905374375544,0.8073447393833537,0.833966637967447,1.795927530686161,2.0114739750117328,0.3711290442898024,0.4451450180069687,0.603
0.398,0.7559750339607115,0.3332210818372422,0.5045988063186956,0.6557469816535367,0.8214419492309954,1.899434758695255,0.4053570864440008,0.7390371637108887,0.7721574797336991,0.48885309868690285,0.5203372885847322,0.6407976411184839,0.670327058532305,0.8077955040420138,0.8344168648937733,1.794376582245259,2.009273159938501,0.3700036853056092,0.4437665713840251,0.602
0.399,0.7571288785889019,0.33241247637010485,0.5043527572150863,0.6554988090422902,0.8218928354538231,1.8975661117516336,0.4041116828803629,0.7402361474710198,0.7732599408039019,0.4886070495832936,0.5200912394811229,0.640561940407719,0.6700652693516348,0.8082387358350893,0.8348685255238886,1.7928320577829087,2.0070394185460514,0.3688435190513346,0.442446615658979,0.601
0.4,0.7581648856272264,0.3314166253897894,0.5040688450871407,0.6552095036927179,0.822274507824968,1.8954122140680658,0.4030585239546227,0.7412804866958108,0.7742864711495198,0.48836528959002556,0.5197648514884129,0.6402722980097793,0.6697769365746091,0.8086012696709795,0.8352672856183637,1.7910565550605524,2.0044774105325005,0.36774371215012125,0.4414491219124579,0.6
0.401,0.7592008926655509,0.33042077440947387,0.5037860259690671,0.6549201983431456,0.8226578109883975,1.8932690590163364,0.4020018486384793,0.7423415995397029,0.7752939388635558,0.48809734891520806,0.519466585957652,0.6399885496048371,0.6694819107951058,0.8089707293841772,0.8356601765856269,1.78926558025934,2.0019475951694297,0.36670030158111583,0.440388959243866,0.599
0.402,0.7602368997038754,0.3294249234291584,0.503504293561159,0.6546308929935734,0.823042755418451,1.8911365664275508,0.40094163929117826,0.7433860116941313,0.7763203962795362,0.4878285876337786,0.5191737549849713,0.6396990107436055,0.6691934744813718,0.8093364894803579,0.8360622346808221,1.7875076317545238,1.9994112572390061,0.365593485237195,0.43938442563810987,0.598
0.403,0.7612729067421999,0.32842907244884295,0.5032236416120296,0.654341587644001,0.8234293516793603,1.8890146569285358,0.39987787815376896,0.7444388839152981,0.777337249122538,0.4875620724347899,0.5188798672570316,0.6394124638723381,0.6689016466729335,0.8097065850933023,0.8364621464854344,1.7857465036813027,1.9968969804053784,0.3645132937903461,0.4383465490693666,0.597
0.404,0.7623089137805245,0.3274332214685275,0.5029440639181488,0.6540522822944286,0.8238176104262167,1.886903251931991,0.39881054734811333,0.745500539934414,0.7783441461932007,0.4872957351553913,0.5185875957333925,0.6391290218997763,0.6686063048729359,0.8100811982816106,0.8368597096346111,1.7839824465520613,1.994404289233502,0.3634608861393559,0.43727412687633543,0.596
0.405,0.763344920818849,0.32643737048821203,0.5026655543233867,0.6537629769448563,0.8242075424059494,1.8848022736267875,0.3977396288758841,0.7465592048572786,0.7793544555384111,0.4870359267069351,0.5182908303136557,0.6388445745999772,0.6683121154179201,0.8104565294496122,0.837260288642258,1.7822316634110202,1.991920289627882,0.36239408350903674,0.43620880804643547,0.595
0.406,0.7643809278571736,0.3254415195078965,0.5023881067185614,0.653473671595284,0.8245991584583169,1.8827116449684078,0.3966651046175529,0.7476065133324117,0.7803776503916902,0.4867701317108158,0.5180026520451536,0.6385562018926549,0.66802238510876,0.8108297829736816,0.8376677947390357,1.7805045963053865,1.9894368051763018,0.3612829326609569,0.43518018947570747,0.594
0.407,0.765416934895498,0.3244456685275811,0.5021117150409923,0.6531843662457117,0.8249924695169117,1.8806312896695283,0.3955869563313693,0.7486596836545765,0.7813942097117185,0.48650921050453255,0.5177131390403421,0.6382699140081004,0.6677302999116281,0.8112066537178966,0.8380743011412236,1.7787785548642172,1.9869713485181526,0.3601890334426412,0.434127323042766,0.593
0.408,0.7664529419338225,0.32344981754726565,0.5018363732740587,0.6528950608961395,0.8253874866101785,1.8785611321907416,0.3945051656523268,0.7497201367141513,0.7824025340651453,0.48625542786883713,0.5174149442819029,0.6379862071534429,0.6674353012966554,0.8115876694834852,0.8384791160197624,1.7770521367544958,1.9845247781386048,0.3591174832699064,0.4330451157151356,0.5920000000000001
0.409,0.767488948972147,0.3224539665669502,0.5015620754467632,0.6526057555465672,0.8257842208624435,1.876501097731411,0.3934197140911218,0.7508012713396126,0.7833874895520336,0.4859893007265656,0.5171325870840568,0.6377097580402403,0.6671321069030984,0.8119775080019183,0.8388758389098339,1.7753100258698749,1.9821084414036407,0.3581160811848306,0.43188619593045063,0.591
0.41,0.7685249560104715,0.32145811558663473,0.5012888156333,0.6523164501969949,0.8261826834949603,1.8744511122206624,0.39233058303309903,0.7518460554863488,0.7844135749757063,0.485732812659108,0.5168425119807729,0.6374206588503468,0.6668432309180263,0.8123566707559804,0.8392914336600633,1.773620366573632,1.9796704149016031,0.356980991829297,0.4308522853299224,0.5900000000000001
0.411,0.7695609630487961,0.32046226460631927,0.501016587952628,0.6520271448474225,0.8265828858269669,1.8724111023085064,0.3912377537371884,0.7529085075760847,0.7854197034438984,0.485476584178084,0.5165574108013133,0.6371377653710452,0.6665473502128823,0.8127436655195723,0.8397003663100701,1.7719186259660564,1.9772595830641237,0.35590522435910543,0.42975229969858675,0.589
0.412,0.7705969700871207,0.31946641362600375,0.5007453865680492,0.6517378394978504,0.8269848392767577,1.8703809953570891,0.3901412073348287,0.7539711309465701,0.7864256606313417,0.4852194203310958,0.5162711618212176,0.6368549701230269,0.6662513712764554,0.8131325115844281,0.8401109232559391,1.7702256032254404,1.9748600198055164,0.3548262428941591,0.42864810204394904,0.5880000000000001
0.413,0.7716329771254452,0.3184705626456883,0.5004752056867913,0.6514485341482779,0.8273885553627695,1.8683607194320708,0.3890409248288838,0.7550160483130055,0.7874516128353151,0.4849768207600476,0.5159737595081699,0.6365660328256169,0.6659623333988995,0.813516878760471,0.8405317843550214,1.7685604854307995,1.9724574362171547,0.3536802076538208,0.4276029098653546,0.587
0.414,0.7726519891850134,0.31746027082999456,0.5002005407097642,0.651153296481057,0.8277833889049485,1.8663091526208055,0.38796588876277566,0.7561070357722971,0.7883894934452379,0.4847021557830205,0.5156990945311428,0.6362932154751592,0.665642514405915,0.8139149663967113,0.8409129617963443,1.7667965293018322,1.970073599074702,0.352784100697517,0.4263603015274402,0.5860000000000001
0.415,0.7735679290927202,0.31640208501831746,0.49989359097104946,0.6508220801430568,0.8281151526411985,1.8640191062475187,0.3870633690722732,0.7570411632244579,0.7892849567960102,0.48441720325508064,0.5153703661443659,0.6359656824243543,0.6653078508001583,0.8142307525670779,0.8412572793599041,1.7648497531770737,1.96741097205987,0.3518688380329588,0.42548016839126584,0.585
0.416,0.7744512614096074,0.31539478346823085,0.49957721661238674,0.6504794817027739,0.8284277709605734,1.861661686080787,0.3862135934766996,0.7579336185588101,0.7901580215891921,0.48411147044683883,0.5150432846775711,0.6356236414588687,0.6649653304092574,0.814524046174801,0.84158696606451,1.76284295661775,1.964676337470539,0.3509739983118791,0.4246848536322052,0.5840000000000001
0.417,0.7753345937264946,0.31438748191814425,0.49926196197577827,0.6501368832624908,0.8287416990633626,1.8593155724855988,0.3853609026989801,0.7588286221876636,0.7910282222041506,0.483815062626717,0.5147108794880395,0.6352825282470713,0.6646217720013592,0.8148195434373687,0.8419167333645428,1.760843220248101,1.9619567333546368,0.35008516985574334,0.4238778008561369,0.583
0.418,0.7762179260433819,0.3133801803680577,0.49894782112729186,0.6497942848222078,0.829056945198286,1.8569806843143108,0.38450528171240217,0.7597461921465237,0.7918730547378264,0.48351246346067794,0.5143860622292308,0.6349493303044992,0.664269320336633,0.8151247085879642,0.84223653910229,1.758831958300371,1.959265065494784,0.34927365389644177,0.4229882332626509,0.5820000000000001
0.419,0.7770898030127462,0.3123475808975336,0.49863110289374923,0.6494476877443709,0.8293662450207816,1.8546296014624015,0.383666431991831,0.7606458508699798,0.7927137164343783,0.48320995956451784,0.5140547396145982,0.6346099184848409,0.6639153745153163,0.8154215903482327,0.8425535672722951,1.7568097366378097,1.9565539757352128,0.3484558216261018,0.42213834110361065,0.581
0.42,0.777944508819364,0.31127706073467676,0.49830997705263463,0.6490950968495798,0.829665915257878,1.8522488305222953,0.38285429513902763,0.7615005566765976,0.793568422240996,0.48290340685388794,0.513723645070647,0.634254853558992,0.6635662926805022,0.8156983573060184,0.8428750388591767,1.7547811706796244,1.9537976656284377,0.3475657690325484,0.4214133764143949,0.5800000000000001
0.421,0.7787992146259817,0.31020654057181984,0.4979899680551031,0.6487425059547884,0.8299668383839458,1.8498793696579139,0.3820393529775792,0.7623832227205534,0.7943917342915547,0.48259419361989464,0.5133900989731387,0.6339095866004923,0.6632062143641181,0.8159869157910848,0.8431835993777044,1.7527377248935763,1.951071392674407,0.34677235365510767,0.4205869200692685,0.579
0.422,0.7796539204325995,0.309136020408963,0.49767107008486317,0.6483899150599973,0.8302690222727355,1.8475211384658756,0.3812215909470596,0.7632418222512297,0.7952420702595181,0.4822903575852622,0.5130615500812618,0.6335559569604667,0.6628555310495088,0.8162675638305972,0.8435057020608931,1.750724706418747,1.948343899148955,0.34589025607140295,0.41984291619152037,0.5780000000000001
0.423,0.7805086262392172,0.3080655002461061,0.4973532773659406,0.648037324165206,0.8305724748641121,1.8451740573031141,0.3804009943861053,0.76414425555734,0.7960432436309929,0.48198396420188944,0.5127267821922306,0.6332176660783109,0.6624876488829599,0.8165662948290339,0.8438065781850801,1.748685134888871,1.945653565826262,0.34516146266826364,0.4189410257338979,0.577
0.424,0.7813287949015064,0.30707565431068035,0.4970255340245529,0.6476726776324659,0.8308550073418741,1.842756591748836,0.3796375088515513,0.7649889293192842,0.7968359497895023,0.4816749141249225,0.5123829145244556,0.6328592514527374,0.6621167731517241,0.8168352254397034,0.844098413911254,1.7465934340991702,1.942881097093906,0.3444069508200992,0.4181785153975752,0.5760000000000001
0.425,0.7821030251613972,0.306193114442243,0.4966842251597221,0.647291995704848,0.8311091217778046,1.840242412144464,0.3789512605888745,0.7657719948826526,0.7976002826441245,0.48134506146324196,0.5120309737441251,0.6324793697882838,0.661735955249462,0.8170695984869539,0.844369988815961,1.7444157887147964,1.9400055435928607,0.3436738048355878,0.41754878123817063,0.575
0.426,0.7828772554212879,0.30531057457380567,0.4963440584186622,0.64691131377723,0.8313642779314376,1.8377400362002065,0.37826262121726834,0.7665627269291196,0.7983560334106556,0.48101509796256176,0.5116799746718212,0.632102202229579,0.6613521036376593,0.8173079847760257,0.8446386367951497,1.7422425188248503,1.9371473430409694,0.34296545593114164,0.41688966395142657,0.5740000000000001
0.427,0.7836514856811787,0.3044280347053684,0.49600502807810587,0.6465306318496118,0.8316204822215623,1.835249380986367,0.37757157821783827,0.7673395578911736,0.7991273516626859,0.4806871396285769,0.511331317517691,0.6317202201857394,0.6609736481898921,0.8175418918161423,0.8449156534140003,1.7400896365724163,1.9342960770653712,0.3422049610222756,0.41627762078561004,0.573
0.428,0.7844257159410694,0.30354549483693105,0.49566712845296235,0.6461499499219939,0.8318777411198102,1.8327703643482929,0.3768781189841444,0.7681137881510642,0.7999015819225765,0.48036003423266505,0.5109836641111406,0.6313373681676783,0.6605961713816364,0.8177757677581167,0.845195145628183,1.7379484507338256,1.9314572404686035,0.3414324786766322,0.4156727173052573,0.5720000000000001
0.429,0.7851999462009601,0.3026629549684937,0.4953303538959987,0.6457692679943758,0.8321360611512018,1.830302904897343,0.3761822308214359,0.7689092423324093,0.8006520566132096,0.4800392436777621,0.5106314320096565,0.6309619624356255,0.6602103645828871,0.8180190529423594,0.8454645897867017,1.735801874701875,1.9286414345237315,0.34073344122920657,0.414989976598891,0.571
0.43,0.7859741764608509,0.3017804151000564,0.4949946987975254,0.6453885860667579,0.8323954488946964,1.8278469220019788,0.3754839009458756,0.769729750791536,0.8013745287779862,0.4797153660546529,0.5102841632334186,0.6305953399921279,0.6598147453713732,0.818273475199472,0.8457217762299645,1.7336486386097716,1.9258488252818846,0.34012158523889163,0.4142156563110976,0.5700000000000001
0.431,0.7867484067207416,0.3008978752316191,0.4946601575850849,0.6450079041391398,0.8326559109837519,1.825402335778983,0.3747831164837581,0.7705391391899559,0.802109476098858,0.479395111805557,0.5099355879670997,0.6302248738966888,0.6594234428254122,0.8185246512413684,0.8459857974851716,1.7315141031969732,1.9230634727409925,0.33946729214293686,0.4134786339965186,0.569
0.432,0.7875226369806324,0.30001533536318176,0.4943267247231435,0.6446272222115218,0.8329174541068896,1.8229690670847973,0.37407986447071756,0.7713270454485579,0.8028684326293261,0.47907782960555567,0.5095866155049273,0.6298469469498706,0.6590404832372964,0.8187681551046345,0.8462624232246613,1.729403469018252,1.9202826658983863,0.33873373151700303,0.41281558502146065,0.5680000000000001
0.433,0.7882968672405232,0.2991327954947444,0.49399439471278545,0.6442465402839037,0.833180085008267,1.8205470375069819,0.3733741318509292,0.772111104895329,0.8036316891960963,0.4787568458521529,0.509243770161176,0.6294677148952239,0.658658986960886,0.8190111319342654,0.8465422434147437,1.7273049442314115,1.91751339575394,0.33798379118098626,0.4121639197509206,0.567
0.434,0.7890710975004139,0.29825025562630714,0.4936631620914112,0.6438658583562857,0.8334438104882576,1.8181361693557925,0.37266590547630046,0.7728951852244792,0.8043949248804874,0.47843640199709103,0.5089025060908188,0.6290885277705919,0.6582774457544609,0.819255162155379,0.846823190842229,1.7252159706002512,1.9147570500441933,0.3372312776014751,0.41150987357556446,0.5660000000000001
0.435,0.7898453277603046,0.2973677157578698,0.4933330214324381,0.6434851764286678,0.8337086374040374,1.8157363856558726,0.37195517210565565,0.7736792864774922,0.8051581396410155,0.4781181252903802,0.508561391887875,0.6287093855599932,0.6578958596340028,0.8195002524218228,0.8471052725206616,1.723136483649266,1.912013537963248,0.3364761771660483,0.41085343380520606,0.565
0.436,0.7906195580201953,0.29648517588943246,0.4930039673450034,0.6431044945010498,0.83397457267018,1.8133476101380628,0.3712419184039089,0.7744634879997738,0.8059212449762252,0.4778040173503566,0.5082181930166866,0.628330315930005,0.6575141977368958,0.8197464424343477,0.8473884522210864,1.7210663748241828,1.9092827937843855,0.3357187614548618,0.4101943035013933,0.5640000000000001
0.437,0.7913937882800861,0.2956026360209951,0.4926759944736717,0.6427238125734316,0.8342416232592577,1.8109697672313183,0.37052613094123255,0.7752574859375645,0.8066734277017855,0.47748535107666473,0.5078815114367411,0.6279547036810174,0.6571286853461245,0.8199977851194408,0.8476674293311836,1.719000222015201,1.9065675972308667,0.33499393252383763,0.4094976876836516,0.563
0.438,0.7921680185399769,0.29472009615255784,0.4923490974981438,0.6423431306458137,0.834509796202451,1.8086027820547417,0.36980779619221193,0.7760515888988674,0.8074255054038336,0.4771723732326748,0.507541300134693,0.6275791656261887,0.6567430987611944,0.8202502951197868,0.8479474633845244,1.716943698746285,1.9038646331022202,0.33426682617839526,0.40879827420127535,0.562
0.439,0.7929422487998676,0.2938375562841205,0.49202327113296906,0.6419624487181956,0.8347790985901661,1.8062465804097212,0.3690869005349953,0.7768559337635661,0.8081661783841456,0.4768600800731928,0.5072022602337003,0.6272072401334708,0.656353493717337,0.8205082373277878,0.8482229826426964,1.714891381355563,1.9011765845433943,0.3335740092348558,0.40805959868974345,0.5609999999999999
0.44,0.7937164790597584,0.29295501641568317,0.49169851012726085,0.6415817667905777,0.8350495375726592,1.8039010887721783,0.3683634302504314,0.777646684912462,0.8089220107647972,0.47654645423858943,0.5068670195261584,0.6268306070430041,0.6559691427937132,0.8207615773464773,0.8485071375514652,1.7128556838504705,1.8984969770451323,0.3328295708135775,0.40736724414596126,0.56
0.441,0.7944907093196492,0.2920724765472459,0.4913748092644146,0.6412010848629596,0.8353211203606701,1.8015662342849188,0.36763737152120013,0.7784346419966359,0.8096809576719182,0.4762356820517782,0.5065311009899788,0.6264530360854984,0.6555858415984552,0.8210148231601099,0.8487940292867331,1.7108305531848753,1.8958289402072264,0.3320723876103558,0.4066824566798351,0.5589999999999999
0.442,0.7952649395795398,0.29118993667880855,0.4910521633618274,0.6408204029353416,0.8355938542260621,1.79924194475009,0.3669087104309322,0.7792492583096087,0.8104102513219156,0.47592521539576427,0.5061964517690142,0.6260848083263998,0.6551921521003911,0.821280702827913,0.8490671156470706,1.708802510063084,1.893178391543017,0.33140859748900625,0.40589935801669497,0.558
0.443,0.7960391698394306,0.2903073968103712,0.49073056727062286,0.6404397210077235,0.835867746502472,1.7969281486217394,0.3661774329633204,0.7800441779451442,0.8111614757255313,0.4756199153132329,0.5058590546221988,0.6257097428080665,0.6548060801948136,0.8215392662340248,0.8493523867735664,1.706793020158491,1.8905354175578226,0.330671153098589,0.40518449736405177,0.5569999999999999
0.444,0.7968134000993213,0.2894248569419339,0.4904100158753766,0.6400590390801055,0.836142804585967,1.7946247749984714,0.36544352500122057,0.7808286631480165,0.8119243065362004,0.4753108531971701,0.5055277950871121,0.6253310723732338,0.6544240222985892,0.8217944111226213,0.8496447556968211,1.7047970969478419,1.8879024892388359,0.3298933739338709,0.4045046482277317,0.556
0.445,0.7975876303592121,0.2885423170734966,0.49009050409384447,0.6396783571524876,0.8364190359357103,1.792331753616207,0.364706972325744,0.7816131701011333,0.8126871155966249,0.4750024655087022,0.5051979376080082,0.6249524468625373,0.6540419194782287,0.8220506867455973,0.8499383311403181,1.70281004221589,1.8852815357959227,0.3291128719195347,0.4038222675577327,0.5549999999999999
0.446,0.7983618606191029,0.28765977720505925,0.4897720268766946,0.6392976752248696,0.8366964480746357,1.7900490148410377,0.36396776061533775,0.7824287255515606,0.813415442641018,0.4747003047719428,0.5048632854813127,0.6245846965391764,0.6536477429563128,0.8223218296183235,0.8502153531234939,1.7008198447380858,1.882676739731533,0.32844176064802866,0.4030254185261011,0.554
0.447,0.7991360908789936,0.2867772373366219,0.4894545792072417,0.6389169932972514,0.8369750485901304,1.7877764896621782,0.36322587544485785,0.7832446326932982,0.814143417994101,0.4743982852171005,0.5045304624853681,0.624217106260479,0.6532534063897332,0.8225944739463397,0.8504932011619281,1.6988394961998559,1.8800826444873935,0.32776908756024625,0.4022247672825421,0.5529999999999999
0.448,0.7999103211388844,0.28589469746818463,0.48913815610118266,0.6385363113696335,0.8372548451347266,1.7855141096850098,0.3624813022846297,0.7840293374770007,0.8149060292239398,0.47409457756434314,0.5042020816732803,0.6238386617419132,0.6528711225772423,0.8228543309990859,0.8507902692137284,1.6968793584277142,1.8774964807463739,0.32698117377064323,0.40153382909714685,0.552
0.449,0.800684551398775,0.2850121575997473,0.48882275260633673,0.6381556294420154,0.8375358454268022,1.7832618071242206,0.36173402649950087,0.7848245834810825,0.8156569547271588,0.47379011063536836,0.5038762895423728,0.6234639341927429,0.6524847222906154,0.8231201168528651,0.8510824394525311,1.6949244345644938,1.8749228215533573,0.3262284746315769,0.4008023476501125,0.5509999999999999
0.45,0.8014587816586658,0.28412961773130996,0.4885083638023866,0.6377749475143975,0.8378180572512912,1.7810195147970351,0.3609840333478803,0.7856262703856615,0.8164007526261365,0.47348713274872567,0.5035509033409756,0.6230914921343406,0.6520957968103769,0.8233900502813034,0.8513720398810778,1.692976435637005,1.8723608478170324,0.3254962426214919,0.4000450044651616,0.55
0.451,0.8022330119185566,0.2832470778628726,0.4881949848006219,0.6373942655867794,0.8381014884604017,1.7787871661165333,0.36023130798077135,0.7864198937133619,0.8171534976608106,0.4731884040321287,0.5032234308335441,0.6227162725681545,0.6517099572555812,0.8236575183507497,0.851667582228924,1.6910397659308154,1.8698095531489332,0.32473210009402614,0.3993141021936666,0.5489999999999999
0.452,0.8030072421784473,0.28236453799443534,0.4878826107436875,0.6370135836591614,0.8383861469743445,1.7765646950850604,0.35947583544078954,0.787210858541102,0.8179091941890424,0.47288763686547536,0.5029000748650064,0.6223401621841262,0.6513251107918412,0.8239249639167698,0.85196593809447,1.689112511592124,1.8672693905007727,0.32395551779619036,0.398590166473739,0.548
0.453,0.8037814724383381,0.281481998125998,0.4875712368053312,0.6366329017315433,0.838672040782071,1.774352036287722,0.3587176006611736,0.7879859856028497,0.8186824315085519,0.4725872475257477,0.502578657240657,0.621958560566842,0.6509463500244101,0.8241862767764879,0.8522749500048169,1.687198011531552,1.8647400566569206,0.32311870015043076,0.3979209548520699,0.5469999999999999
0.454,0.8045557026982288,0.28059945825756066,0.4872608581901553,0.6362522198039253,0.8389591779420208,1.7721491248859667,0.3579565884647823,0.7887904722166512,0.8194231687508846,0.47228600097084034,0.5022595129324723,0.6215872445450363,0.6505562074204941,0.8244623974975941,0.8525678106343038,1.6852842298465327,1.8622225726512447,0.3223853643681792,0.3971427645917043,0.546
0.455,0.8053299329581196,0.2797169183891233,0.4869514701333711,0.6358715378763073,0.839247566582878,1.7699558966112519,0.3571927835630833,0.7895763903043796,0.8201844659601484,0.4719927076167113,0.5019346386431495,0.6212094841742914,0.6501732043037648,0.8247311104629931,0.852872990977268,1.6833836521932657,1.8597158554446653,0.32158182939248925,0.396429207145638,0.5449999999999999
0.456,0.8061041632180103,0.27883437852068604,0.48664306790055406,0.6354908559486893,0.8395372149043393,1.7677722877587945,0.35642617055512815,0.7903829905934613,0.8209228926721274,0.47169642102291115,0.5016145038342336,0.6208389802755436,0.6497821808619759,0.8250107664282339,0.8531670438702572,1.6814867796564668,1.85721988167663,0.32085045775419396,0.39563787980467413,0.544
0.457,0.806878393477901,0.2779518386522487,0.4863356467874034,0.6351101740210712,0.8398281311778905,1.7655982351814026,0.3556567339265175,0.7911680567135296,0.8216851425656001,0.47139951799142116,0.5012972979564941,0.6204609966575615,0.6493994361489007,0.8252815331471989,0.8534753182153488,1.6796030956705539,1.8547351054635695,0.32003801865396597,0.394922023782091,0.5429999999999999
0.458,0.8076526237377918,0.27706929878381137,0.4860292021195022,0.6347294920934532,0.840120323747594,1.7634336762833882,0.3548844580483546,0.7919580261285369,0.8224419764253385,0.4711063553277872,0.5009781297022009,0.6200847616404368,0.6490147638568448,0.8255558565439591,0.8537819412970006,1.677726626127511,1.8522610743251913,0.31924042084036297,0.39418567104637653,0.542
0.459,0.8084268539976825,0.27618675891537403,0.4857237292520807,0.6343488101658352,0.8404138010308868,1.7612785490145588,0.3541093271761876,0.7927600913022942,0.8231854509914377,0.47081271062187807,0.5006612780508984,0.6197127858279412,0.6486253913069272,0.8258372015065096,0.854082523579089,1.6758561524254882,1.8497971975037497,0.3184839114780375,0.39340251120108094,0.5409999999999999
0.46,0.8092010842575733,0.27530421904693675,0.4854192235697813,0.6339681282382172,0.8407085715193886,1.7591327918642898,0.3533313254489383,0.7935549307402484,0.8239369204015333,0.4705173346243504,0.5003481911990879,0.6193383249740759,0.6482387722655644,0.8261163915102521,0.8543887805378414,1.6739953620075843,1.8473442303884084,0.31769816662781475,0.39264288848398277,0.54
0.461,0.8099753145174641,0.2744216791784994,0.48511568048642695,0.6335874463105992,0.8410046437797204,1.7569963438556704,0.3525504368878218,0.7943635422557869,0.8246731985463069,0.470230093444439,0.5000286117107614,0.6189687085115019,0.6478468134470325,0.8264035486343564,0.8546878670184577,1.6721407853244101,1.8449005969880838,0.31695961000229944,0.3918302573028239,0.5389999999999999
0.462,0.8107495447773548,0.2735391393100621,0.4848130954447898,0.6332067643829813,0.8413020264543357,1.754869144539729,0.3517666453952512,0.795148840847266,0.8254352159683691,0.4699390097897074,0.49971520176020867,0.6185909913394154,0.6474638022880624,0.826680698150902,0.8550026134553856,1.6702978065451584,1.8424694471977279,0.3161332029104973,0.3910998141059859,0.538
0.463,0.8115237750372455,0.2726565994416248,0.48451146391636407,0.6328260824553631,0.8416007282623595,1.752751133989731,0.35097993475373285,0.79594632691606,0.8261837961123016,0.46965062445693395,0.4994020853570981,0.6182175653160061,0.6470760637212382,0.8269650968107313,0.8553111498767549,1.6684613140115843,1.840047493888425,0.3153481623632853,0.3903221205272315,0.5369999999999999
0.464,0.8122980052971362,0.27177405957318745,0.4842107814011396,0.6324454005277451,0.841900758000443,1.750642252795552,0.35019028862474577,0.7967551496272319,0.8269198859515665,0.4693640114946716,0.4990862823658269,0.6178481334296484,0.6466839283165852,0.8272563941365211,0.8556139508052889,1.6666316926549458,1.837634453307171,0.3146015267132563,0.3895000914101301,0.536
0.465,0.813072235557027,0.2708915197047501,0.4839110434273782,0.632064718600127,0.8422021245436239,1.7485424420581226,0.3493976905476131,0.7975611560034325,0.8276591034315002,0.46907828394398043,0.4987728344218865,0.6174777553839189,0.6462928477365928,0.8275477183756675,0.8559197575233092,1.6648108007275781,1.8352316389295196,0.3138415876299832,0.38868548521246726,0.5349999999999999
0.466,0.8138464658169178,0.2700089798363128,0.48361224555139193,0.6316840366725092,0.8425048368462047,1.7464516433839437,0.3486021239383562,0.7983464428033168,0.828421155535282,0.4687885254946745,0.49846571197600636,0.6171001820454289,0.6459097007341208,0.8278300505309457,0.8562399401765427,1.6629995821778158,1.8328420667433307,0.31300307262667143,0.3879437201625127,0.534
0.467,0.8146206960768085,0.2691264399678755,0.48331438335732374,0.631303354744891,0.8428089039426376,1.7443697988796756,0.3478035720885394,0.7991700644904652,0.8291410134767574,0.4685007287482867,0.4981531027876947,0.6167360269155715,0.6455117883930328,0.828133021243767,0.8565371836187997,1.6611939817653845,1.8304561860165987,0.31230131734859173,0.38705887297559227,0.5329999999999999
0.468,0.8153949263366993,0.26824390009943816,0.4830174524569298,0.6309226728172731,0.8431143349484238,1.7422968511467933,0.34700201816409904,0.7999632070105854,0.8298944361740849,0.4682209381463892,0.4978442349829543,0.6163612695100853,0.6451255553923526,0.8284220122080157,0.8568550972351837,1.659398138259796,1.8280854298432019,0.3114853918055889,0.3862825115555253,0.532
0.469,0.8161691565965901,0.2673613602310009,0.48272144848936355,0.630541990889655,0.8434211390610247,1.7402327432763116,0.34619744520416185,0.8007525953169845,0.8306519930612053,0.4679399800907496,0.49753376886028833,0.6159852385059819,0.6447407286258633,0.8287104225856864,0.857176816498146,1.6576101022725305,1.8257255217031085,0.3106526690913511,0.3855169842166771,0.531
0.47,0.8169358318605132,0.2664825317898132,0.48242405799623117,0.6301586717927556,0.8437238839604203,1.7381613443840709,0.3454040908292203,0.801573086809495,0.8313595095414117,0.4676526038886753,0.4972263970018226,0.6156201013166069,0.6443383977622326,0.8290146628166712,0.857469539145242,1.655813347923957,1.8233511983485677,0.30997215074619816,0.384621227453356,0.53
0.471,0.8174820901170844,0.2657119842386323,0.4820602785756734,0.6296984132820724,0.8438688496612352,1.735630764579797,0.34502440431553044,0.8021193450660662,0.8319057677979829,0.46729997571219956,0.4968522590031934,0.6151592763111152,0.6438797407752765,0.8291333650279155,0.8576392411573474,1.6535568010888522,1.8205305214706349,0.3095089183614258,0.384336232628068,0.529
0.472,0.8180283483736555,0.2649414366874514,0.48169753211671246,0.6292381547713892,0.8440144145815964,1.733110907571304,0.3446432795953495,0.8026656033226373,0.8324520260545539,0.4669463627581905,0.49648126932334435,0.6146984883764441,0.6434210467175002,0.829252588717933,0.8578096179226427,1.6513095927138985,1.8177220551993503,0.30904390078763483,0.3840501981742305,0.528
0.473,0.8185746066302266,0.2641708891362705,0.48133581422590166,0.628777896260706,0.8441605824445333,1.7306017053493163,0.3442607084815434,0.80322346083752,0.8329855405465733,0.4665952136357759,0.49610965549138886,0.6142417861183547,0.6429578674784022,0.829378358363764,0.857973132146648,1.649071850936866,1.8149229527917101,0.3086196841526426,0.3837203535149685,0.527
0.474,0.8191208648867977,0.2634003415850897,0.4809751205346749,0.6283176377500228,0.8443073570039813,1.7281030904784762,0.3438766827247192,0.8037807039493906,0.833519733533954,0.4662451288468536,0.4957390272247294,0.6137849061878943,0.6424948882839407,0.8295043651041926,0.8581376951798756,1.646843502418851,1.8121358845038602,0.3081915855482161,0.38339152925731235,0.526
0.475,0.8196671231433689,0.2626297940339088,0.4806154466991699,0.6278573792393396,0.8444547420451035,1.725614996091303,0.34349119401263073,0.8043544338680725,0.8340358236717124,0.4658968032907441,0.49536839819543566,0.613333817972352,0.642025553273868,0.8296395425864435,0.8582921345455247,1.644625018637005,1.8093564602154788,0.3078225568542775,0.3830004905565287,0.525
0.476,0.8202133813999399,0.2618592464827279,0.48025678840005415,0.6273971207286564,0.8446027413846162,1.7231373558822267,0.3431042339695803,0.8049088813223849,0.8345730915761739,0.4655492339851329,0.49499936749895995,0.6128760357326836,0.6415635738677711,0.829765197460869,0.8584598456378278,1.6424151952460266,1.8065936652870578,0.30738100598362716,0.38267937080715986,0.524
0.477,0.8207596396565111,0.261088698931547,0.4798991413423518,0.6269368622179732,0.844751358871118,1.7206701041017005,0.3427157941558105,0.8054668634861489,0.835106481419312,0.46520202472092986,0.49463194188516724,0.6124195241578562,0.6411002039454111,0.8298932678992592,0.858625904913171,1.6402147205992856,1.803841630812508,0.3069508177144834,0.382343912573072,0.523
0.478,0.8213058979130822,0.2603181513803661,0.47954250125527265,0.62647660370729,0.8449005983854232,1.7182131755503811,0.34232586606689236,0.80601312174272,0.835652739675883,0.4648545474576693,0.49426700528598966,0.6119589571520713,0.6406412889587483,0.8300157058521819,0.8588003783187586,1.6380226692214568,1.8011044973405876,0.30647560316819755,0.3820507532109196,0.522
0.479,0.8218521561696532,0.2595476038291853,0.4791868638920418,0.6260163451966068,0.8450504638409008,1.7157665055733888,0.3419344411331032,0.8065829032234931,0.8361731856957716,0.4645108010400548,0.4938999162656408,0.611506637971451,0.6401733271374414,0.8301511410991474,0.8589599945770714,1.6358411494121823,1.7983723112179062,0.3060857624372558,0.38166885016895136,0.521
0.48,0.8223984144262244,0.2587770562780044,0.47883222502973094,0.6255560866859236,0.845200959183815,1.7133300300546344,0.3415415107187992,0.8071343532349157,0.8367137486147457,0.46416604818866447,0.49353615568949094,0.6110479566831684,0.6397123506511909,0.8302774388218432,0.8591324196360453,1.6336674391197932,1.795656817639863,0.3056263543514461,0.38135387798599607,0.52
0.481,0.8229446726827955,0.2580065087268235,0.4784785804690916,0.6250958281752403,0.8453520883936727,1.7109036854112172,0.34114706612178136,0.8076872191794795,0.8372527582598295,0.4638220566682744,0.49317359731759713,0.6105898063650397,0.6392507952542178,0.8304050442123286,0.8593046112454756,1.6315027195778558,1.7929523872209494,0.30517043862805815,0.38103240771521607,0.519
0.482,0.8234909309393666,0.2572359611756426,0.4781259260343895,0.6246355696645571,0.8455038554835737,1.7084874085878976,0.34075109857265123,0.808234612611839,0.8377977714680133,0.46348154915223916,0.49280959566406796,0.6101297825073422,0.6387912987670128,0.830530299010026,0.8594811500034938,1.6293463794546128,1.7902609993681442,0.30469234848889365,0.3807302227915867,0.518
0.483,0.8240371891959377,0.25646541362446174,0.47777425757323944,0.6241753111538739,0.8456562645005662,1.706081137051631,0.34035359923416303,0.8088034105569344,0.8383193108961786,0.4631386210630311,0.4924496648249841,0.6096772669957118,0.6383235716291706,0.8306675530307229,0.8596441201729685,1.627200813231904,1.7875743242636726,0.3042923833054869,0.3803464627038011,0.517
0.484,0.8245834474525089,0.25569486607328085,0.47742357095644306,0.6237150526431907,0.8458093195260062,1.7036848087861753,0.33995455920056417,0.8093914023008248,0.8388198253155648,0.46279795087357345,0.4920901259380003,0.6092314881755396,0.6378484685922868,0.8308158113175179,0.8597948147117647,1.6250664746950207,1.7848923141567927,0.30396246698801394,0.3798891816928897,0.516
0.485,0.82512970570908,0.2549243185221,0.4770738620778268,0.6232547941325075,0.8459630246759225,1.7012983622867628,0.3395539694969321,0.8099675641273297,0.8393333233146262,0.46246452916335146,0.491723389121469,0.6087816166579175,0.6373778609536305,0.8309583972158763,0.859954041216002,1.622940045137107,1.782224840144704,0.3035868315924353,0.37947478461843004,0.515
0.486,0.825675963965651,0.2541537709709191,0.47672512685408225,0.6227945356218243,0.8461173841013849,1.6989217365548375,0.33915182107849995,0.8105138223839008,0.8398795815711972,0.46212480627372504,0.49136647892412316,0.608321343593322,0.6369186520257786,0.831085325800276,0.8601341970485779,1.6208185573654894,1.7795785622896458,0.30309785619052326,0.37917132495171485,0.514
0.487,0.8262222222222222,0.25338322341973823,0.47637736122460617,0.6223342771111411,0.8462724019888783,1.6965548710928589,0.33874810482997625,0.8110841655569921,0.8403994658987678,0.46178914436990093,0.4910070199765711,0.6078695143564615,0.6364502002607116,0.831225998673886,0.8602987110442757,1.6187090097269399,1.776934841886498,0.3026972158838573,0.37877587624647335,0.513
0.488,0.8267684804787933,0.25261267586855735,0.4760305611513439,0.6218740186004579,0.8464280825606812,1.6941977058991666,0.3383428115648569,0.8116425051761127,0.8409324982865491,0.4614524587540723,0.49065072293708206,0.6074135317929531,0.6359863013270325,0.8313607205799232,0.8604720891208444,1.6166064278152454,1.7743062146747361,0.30224994669079464,0.3784242253081318,0.512
0.489,0.8273147387353644,0.2518421283173765,0.4756847226186326,0.6214137600897747,0.8465844300752489,1.691850181462913,0.33793593202472716,0.8122130043030874,0.8414522266602363,0.4611195847951817,0.4902923198243227,0.6069618304973418,0.6355177216207166,0.8315027635262062,0.8606378466120755,1.6145143696089241,1.771683886375981,0.30184658649956886,0.37802522771505936,0.511
0.49,0.8278609969919355,0.2510715807661956,0.4753398416330463,0.6209535015790915,0.8467414488276018,1.689512238759052,0.33752745687855784,0.8128080587909517,0.8419451106605532,0.460787208385041,0.489934904061399,0.606518737328429,0.6350397347782223,0.831659170183362,0.8607872956193477,1.6124354471475717,1.7690625612985351,0.30153370582593864,0.3775319351001204,0.51
0.491,0.8284060126174841,0.2503436444007626,0.4749955401547194,0.6204928093119411,0.8468982041788824,1.687181288426648,0.3371198180403062,0.813389948947119,0.8424498182367623,0.4604562737659629,0.4895774702205357,0.6060710856331432,0.6345658384539064,0.8318088067207065,0.8609445658343667,1.6103610013964835,1.7664533966824134,0.30117690429364546,0.37708454416758064,0.509
0.492,0.8289499163126046,0.2496538373538167,0.47465185436602475,0.6200317289110602,0.8470547928962203,1.6848575534809038,0.33671276316416415,0.8139585687906451,0.8429667167709968,0.46012277455431994,0.48922407657144307,0.6056188384132978,0.634096160891429,0.8319514671443012,0.861110083933791,1.608290667640396,1.7638572135577713,0.3007750936794258,0.3766836812313815,0.508
0.493,0.829493820007725,0.24896403030687078,0.4743091153060445,0.6195706485101793,0.8472120575799178,1.6825432454517748,0.3363041025488659,0.8145024724857655,0.8435106204661171,0.4597906843403692,0.48887142100153635,0.605158000347815,0.633635873184069,0.8320807411407274,0.8612936223569635,1.6062235657803712,1.761281880779841,0.3002787990595772,0.3763748369181388,0.507
0.494,0.8300377237028453,0.24827422325992485,0.4739673190683222,0.6191095681092984,0.8473700026164871,1.68023830709078,0.3358938266742187,0.8150587744070872,0.8440409814287959,0.45945885154231375,0.48852026727845527,0.6047015266869922,0.6331708215673089,0.8322176556640386,0.861469219425635,1.6041673517319113,1.7587119255028687,0.29982723398032946,0.3760177248800096,0.506
0.495,0.8305816273979658,0.24758441621297894,0.4736264617678633,0.6186484877084175,0.8475286324304767,1.6779426816120522,0.3354819259446221,0.8156258119349502,0.8445596225095671,0.45913131982823974,0.48816648179148775,0.6042488372893611,0.6327016421132811,0.8323613284325729,0.8616379805856207,1.602121848555672,1.756147776982576,0.2994143663393372,0.37561838472744463,0.505
0.496,0.831105867481302,0.24692069208492803,0.4732806416043693,0.6181805434689349,0.8476729179239361,1.6756166683090765,0.33510740579106746,0.816176780455271,0.8450546849125645,0.4587951779085806,0.4878113704607457,0.6037905754844831,0.6322241955279692,0.8324927108775735,0.8617898489120217,1.6000459514725474,1.7535526235986811,0.29905238043175986,0.37524284163251803,0.504
0.497,0.8316144527546614,0.2462777333759379,0.4729310688014815,0.6177071347150894,0.847805830350249,1.6732685166089767,0.33476251937443063,0.8166918328979282,0.8455562124514061,0.45845510930680333,0.487452987001204,0.6033198133429125,0.631748969046322,0.8326010256144716,0.861944739340542,1.5979421012326573,1.7509453970685813,0.2986434585331818,0.3749741729551376,0.503
0.498,0.8321230380280207,0.24563477466694772,0.472582438383294,0.6172337259612438,0.8479393142446544,1.6709297952369893,0.3344162589083253,0.8172064842758227,0.84605817767921,0.45811603416601426,0.48709549672011754,0.6028489478387671,0.631273858711401,0.8327095944328361,0.8621005651712615,1.5958464656196205,1.7483489856709542,0.29823138285481293,0.37470597710752185,0.502
0.499,0.83263162330138,0.24499181595795755,0.47223474654418995,0.6167603172073982,0.8480733733007046,1.6686004474977554,0.33406861616491024,0.8177528330496571,0.8465255659333732,0.45777720988858944,0.4867391653259518,0.6023891833547665,0.6307866422024093,0.8328370620512026,0.8622343718186921,1.5937673618634416,1.7457484516150337,0.2979378904710166,0.37431543360991043,0.501
0.5,0.8331402085747392,0.2443488572489674,0.47188798949901556,0.6162869084535526,0.8482080112438509,1.6662804171494785,0.3337195828505215,0.8182867311395503,0.8470065493777181,0.45744356658535434,0.48637974621893054,0.6019251094306566,0.6303041346382672,0.8329579073432228,0.862377616939742,1.5916936293913304,1.7431638271454275,0.2975958077127289,0.3739711309465115,0.5
0.501,0.8336017341182337,0.2439735660955673,0.47152809624807857,0.6157970728909407,0.8483068371237379,1.6638757168028617,0.33346345868089444,0.8187482566830447,0.8474680749212126,0.4570947177245056,0.486009471137046,0.6014358098339808,0.629814798138638,0.8330280655671243,0.8625033170944788,1.589527295062671,1.7405076659954188,0.29725045782010023,0.3738168258046316,0.499
0.502,0.8340632596617281,0.2435982749421672,0.47116914891714085,0.6153072373283287,0.8484060830650098,1.6614805969357134,0.33320630590014433,0.8192097822265392,0.847929600464707,0.456744606870696,0.4856424694119393,0.6009465468698293,0.6293254250064846,0.8330985531382687,0.8626295250141537,1.587369420274174,1.7378622857451744,0.2969036885225266,0.37366194420228477,0.498
0.503,0.8345247852052224,0.2432229837887671,0.47081114378180466,0.6148174017657166,0.8485057517515894,1.659095000407997,0.3329481182993512,0.8196963372360202,0.8483638441539338,0.45639624993827643,0.4852752448655315,0.6004660573984328,0.6288264921562476,0.8331841027513902,0.8627381258649399,1.5852271691678643,1.7352153998005873,0.296651078840055,0.3734099935001196,0.497
0.504,0.8349863107487169,0.24284769263536699,0.4704540771371997,0.6143275662031047,0.8486058458903136,1.6567188705331684,0.3326888896195224,0.8201710097830204,0.8488110415634826,0.4560514889543059,0.48490637955104926,0.5999814568337496,0.6283320443357342,0.833263017572079,0.8628558048969258,1.583089992221388,1.7325848463536673,0.29635200857921523,0.37320289135937357,0.496
0.505,0.8354478362922113,0.2424724014819669,0.47009794529785365,0.6138377306404927,0.8487063682111776,1.6543521510736858,0.33242861355108827,0.8206453163896439,0.8492586415376078,0.4557049510405014,0.4845412293038152,0.5994967651686465,0.6278377003997925,0.8333420892883424,0.8629742223616748,1.5809611638351635,1.729964931395709,0.296050314879258,0.37299637666012075,0.495
0.506,0.8359093618357057,0.2420971103285668,0.46974274459756676,0.6133478950778808,0.8488073214675833,1.6519947862365727,0.33216728373338916,0.8211068419331383,0.8497201670811022,0.4553585555443238,0.4841779922832898,0.5990076487959171,0.6273481806762169,0.8334139290738095,0.8631024601842083,1.5788367764406839,1.7273619078509141,0.2956983420767294,0.37283856809454574,0.494
0.507,0.8363708873792001,0.2417218191751667,0.46938847138928486,0.6128580595152688,0.8489087084365905,1.6496467206690337,0.3319048937541581,0.8215683674766326,0.8501816926245965,0.45501308531955276,0.48381568163057154,0.5985185692837455,0.6268586240920835,0.8334861089172172,0.8632312222563588,1.5767205978603924,1.7247693507763189,0.29534490552444614,0.37268016673817883,0.493
0.508,0.8368324129226945,0.2413465280217666,0.4690351220449763,0.6123682239526569,0.8490105319191725,1.647307899454123,0.3316414371489949,0.8220555389737959,0.8506152832019417,0.4546744967843301,0.48344776193514416,0.5980384784672428,0.6263592798028014,0.8335739076768669,0.8633417300205695,1.5746206696074585,1.7221740509656205,0.2950889465961193,0.3724212126814284,0.492
0.509,0.8372939384661889,0.2409712368683665,0.4686826929555055,0.6118783883900449,0.8491127947404731,1.6449782681064615,0.3313769074008372,0.8225557442004142,0.8510346955435916,0.4543311171800849,0.48308660101392376,0.5975629738893391,0.6258549497701805,0.8336699847788189,0.8634430441854236,1.5725334780063984,1.7195819457548716,0.294882114571153,0.3721104885224217,0.491
0.51,0.8377554640096834,0.2405959457149664,0.46833118053051276,0.611388552827433,0.8492154997500677,1.6426577725680065,0.3311112979394217,0.8230302194913273,0.8514821268334269,0.45398851147612307,0.48272675229664763,0.5970785245939254,0.6253603634645489,0.8337510292602993,0.8635637717002405,1.5704461834418564,1.7170133667003895,0.2945749707280902,0.3718989831263887,0.49
0.511,0.8382169895531778,0.24022065456156627,0.46798058119829017,0.610898717264821,0.849318649822229,1.6403463592038705,0.3308446021407407,0.8235047231763907,0.8519295297291122,0.45364900444530204,0.4823655952698658,0.5965941218641193,0.6248657305933101,0.8338324682648698,0.8636849793499722,1.5683670362658515,1.7144548864963014,0.2942666782364767,0.371686501583515,0.489
0.512,0.8386785150966721,0.23984536340816617,0.46763089140566244,0.610408881702209,0.8494222478561944,1.6380439747981876,0.3305768133264915,0.823966248719885,0.8523910552726065,0.4533080666918239,0.4820079030939871,0.5961052257054144,0.62437599065571,0.8339064086623109,0.8638163502518259,1.5662914602363103,1.711913500583769,0.2939068130878025,0.3715240068497921,0.488
0.513,0.8391400406401666,0.23947007225476608,0.46728210761786515,0.609919046139597,0.8495262967764379,1.6357505665500323,0.33030792476351833,0.8244407808803909,0.8528384296928493,0.4529704133948192,0.48164851575994594,0.5956209065090392,0.62388127425104,0.8339886022208255,0.863938576794109,1.5642283729477768,1.70937513071384,0.2935959961432203,0.3713097717364193,0.487
0.514,0.839601566183661,0.23909478110136598,0.46693422631842707,0.6094292105769851,0.8496307995329448,1.6334660820693794,0.33003792966324896,0.824915341598114,0.8532857755558748,0.45263133242320414,0.48129239417775843,0.5951366339504042,0.6233865112086303,0.8340711980855992,0.8640612929712552,1.5621732939069988,1.7068466802070315,0.2932840087127811,0.37109454285403753,0.486
0.515,0.8400630917271554,0.23871948994796588,0.46658724400905127,0.6089393750143731,0.8497357591014914,1.6311904693731174,0.3297668211811228,0.8253899309553157,0.8537330927794218,0.4522934198700144,0.4809368951690213,0.5946524080641503,0.6228917014938393,0.8341541989828022,0.8641845019053036,1.5601261773273456,1.7043280902922942,0.29297084376991855,0.3708783138286081,0.485
0.516,0.8405246172706498,0.23834419879456578,0.46624115720949766,0.6084495394517611,0.8498411784839266,1.6289236768811042,0.3294945924160129,0.8258547034477224,0.8541910875364561,0.45195799348705784,0.48058080912951245,0.5941647921557447,0.6224005822287642,0.8342315729710307,0.8643156030670242,1.5580833552416629,1.7018248151813018,0.29261801366962314,0.3707000025873686,0.484
0.517,0.8409861428141442,0.23796890764116568,0.4658959624574676,0.6079597038891491,0.8499470607084588,1.6266656534122712,0.32922123640963935,0.826339195919655,0.8546276409765795,0.45162159171815913,0.480227236760477,0.5936840964504023,0.6219019419054972,0.834321426902587,0.8644324106656943,1.5560556501650644,1.6993202594439691,0.29234095295856694,0.3704428295788047,0.483
0.518,0.8414476683576386,0.23759361648776559,0.46555165630848727,0.6074698683265372,0.8500534088299452,1.6244163481807694,0.32894674614597796,0.8268138716937833,0.8550748717831999,0.4512925340469087,0.47986812561282965,0.5932000109466034,0.6214069918082511,0.8344056590919632,0.8645571172660828,1.554032145628594,1.6968309076598351,0.29202421099925846,0.37022356336740303,0.482
0.519,0.8419091939011331,0.23721832533436546,0.46520823533579375,0.6069800327639252,0.8501602259301858,1.622175710792164,0.32867111455065895,0.8273150221095118,0.8554933389357395,0.4509573260939264,0.47951668636308437,0.5927252035830783,0.6209019645612516,0.8345067334205992,0.8646622331941418,1.5520267365555316,1.694335853250063,0.2918100470900022,0.3698982303907947,0.481
0.52,0.8423707194446274,0.23684303418096536,0.46486569613022133,0.6064901972013133,0.8502675151182216,1.619943691239668,0.32839433449035965,0.8277765476530061,0.8559548644792339,0.45062346907351214,0.47916618990902926,0.5922366013559831,0.6204119306920418,0.8345836109511652,0.8647979725785031,1.5500136505529127,1.6918733224072113,0.2914391729706793,0.3697292368946867,0.48
0.521,0.8428322449881218,0.23646774302756526,0.4645240353000888,0.6060003616387013,0.8503752795306355,1.6177202399004258,0.3281163987721883,0.8282913159780303,0.8563585692162374,0.45029212555238135,0.47881424359502306,0.5917666209323271,0.6199016770004329,0.8346942283416205,0.8648935132293268,1.548029677113259,1.689388850599222,0.2912762197700084,0.36934746436954774,0.479
0.522,0.8432937705316162,0.23609245187416517,0.4641832494710867,0.6055105260760892,0.8504835223318583,1.6155053075318317,0.3278373001430622,0.8287528415215247,0.8568200947597319,0.4499630922589218,0.4784623178048829,0.5912780921549213,0.6194115696815337,0.8347718729313243,0.8650303628232742,1.5460318268191529,1.6869454160465065,0.2909027830071435,0.36917650523067,0.478
0.523,0.8437552960751107,0.23571716072076507,0.4638433352861673,0.6050206905134773,0.8505922467144789,1.613298845267898,0.32755703128907615,0.829214955979517,0.8572809810304539,0.44963323449480763,0.478113031370259,0.5907898056845696,0.6189212024773718,0.8348502692398133,0.8651673380362471,1.5440417156973856,1.684511139278034,0.29053007040648543,0.3690025217541734,0.477
0.524,0.8442168216186051,0.23534186956736497,0.46350428940543376,0.6045308549508653,0.8507014558995569,1.6111008046156585,0.3272755848348632,0.8297009741123066,0.8577159218272461,0.44930400187809627,0.4777645390542633,0.5903099000526113,0.6184217417183606,0.8349441671215806,0.8652864342261197,1.5420691094862344,1.6820718067511375,0.29025034724011384,0.36873203667191123,0.476
0.525,0.8446783471620994,0.23496657841396487,0.4631661085060309,0.6040410193882533,0.8508111531369422,1.6089111374516178,0.32699295334294853,0.8301870920805323,0.8581507627886018,0.44897561771650807,0.47741692618063597,0.5898300660981908,0.6179222092818112,0.8350386034152547,0.8654059373670354,1.5401042031581544,1.6796415972680887,0.2899697787247106,0.36846005719403085,0.475
0.526,0.8451398727055939,0.23459128726056475,0.4628287892820367,0.6035511838256413,0.8509213417055966,1.6067297960182392,0.3267091293130931,0.830652659729825,0.8586079028744259,0.4486478610007874,0.47707068202975034,0.589343095558573,0.6174304238737022,0.8351203731968498,0.865541950313119,1.5381379241942328,1.6772333091763825,0.2896064914598103,0.3682695395216209,0.474
0.527,0.8456013982490883,0.23421599610716465,0.4624923284443542,0.6030613482630294,0.8510320249139204,1.604556732920471,0.3264241051816315,0.8311141852733195,0.8590694284179203,0.4483205429921434,0.47672577324422966,0.5888547508508011,0.6169401324851689,0.8351999588706069,0.8656816978282001,1.5361772316006514,1.6748368072872224,0.2892255711326925,0.3680945379877617,0.473
0.528,0.8460629237925827,0.23384070495376455,0.4621567227206053,0.6025715127004174,0.8511432061000839,1.6023919011223158,0.3261378733207993,0.8315892144373955,0.8595163058345929,0.44799418072235475,0.47638143701702784,0.5883711565498123,0.616444691185113,0.8352885749524815,0.8658115037173026,1.5342297703267076,1.672441111554021,0.2888968673820603,0.36786424430373105,0.472
0.529,0.8465244493360771,0.23346541380036445,0.46182196885502397,0.6020816771378055,0.8512548886323625,1.6002352539434348,0.325850426038053,0.8320507399808899,0.8599778313780873,0.44766803540877814,0.47603877287897467,0.5878828854401073,0.615954326198513,0.8353689542873548,0.8659524427449706,1.5322836368500394,1.6700630159620062,0.28851279382617356,0.36768768741306285,0.471
0.53,0.8469859748795715,0.23309012264696435,0.4614880636083514,0.6015918415751935,0.8513670759094778,1.5980867450557952,0.3255617555753798,0.8325257991701707,0.8604246787695551,0.4473438754496089,0.4756956204460221,0.5873993754957271,0.6154588005418481,0.8354584191477558,0.8660833847221547,1.530350758710201,1.6676855238473252,0.28818129626345684,0.3674554295737651,0.47
0.531,0.8474475004230659,0.23271483149356426,0.4611550037577312,0.6011020060125816,0.8514797713609412,1.5959463284803501,0.32527185410860143,0.8330144824461311,0.8608567575681031,0.4470216834476406,0.47535199142848245,0.5869206580653182,0.6149580828664721,0.8355571130050934,0.8662041696009163,1.5284313508992442,1.6653083346896704,0.2879030396787174,0.36716675407192406,0.469
0.532,0.8479090259665604,0.23233954034016416,0.4608227860966063,0.6006121704499696,0.8515929784474042,1.59381395858376,0.3249807137466659,0.8334760079896255,0.8613182831115975,0.44669804950719016,0.47501187969975667,0.5864324977207451,0.6144676071147402,0.8356387093144094,0.8663469110766784,1.526506788346331,1.66295742797611,0.28751440197919975,0.3669875735498998,0.46799999999999997
0.533,0.8483705515100548,0.23196424918676406,0.46049140743461503,0.6001223348873577,0.8517067006610122,1.5916895900751495,0.32468832653093194,0.8339648124679245,0.8617502407078067,0.44637661157407493,0.47467093019312895,0.5859538963003448,0.6139667734293558,0.835738412226734,0.8664686889291217,1.5246019769016692,1.660597883358665,0.2872339803676278,0.36669617603739735,0.46699999999999997
0.534,0.8488320770535491,0.23158895803336393,0.4601608645974901,0.5996324993247456,0.8518209415257637,1.589573178002901,0.32439468443444397,0.8344400231622855,0.8621969365941942,0.4460566491404717,0.47433021894839555,0.5854705866661759,0.6134710474624792,0.8358297538184457,0.8666017819843007,1.5226980433085795,1.65825592259006,0.28689747481739253,0.3664591884198748,0.46599999999999997
0.535,0.8492936025970436,0.23121366687996384,0.45983115442695666,0.5991426637621337,0.8519357045978747,1.5874646777514831,0.32409977936119666,0.8349149901228662,0.8626438991044869,0.44573520570838276,0.4739927576925684,0.5849872288728523,0.612975377644853,0.8359213816794696,0.8667356541243272,1.5208010949517103,1.6559229184509532,0.2865585323212547,0.3662221833794692,0.46499999999999997
0.536,0.849755128140538,0.23083837572656374,0.4595022737806313,0.5986528281995217,0.8520509934661472,1.585364045038317,0.32380360314539225,0.8354181216107107,0.8630603622947858,0.4454192391404697,0.47365104877986675,0.5845137394168294,0.6124690245002564,0.8360320002396006,0.866847551926448,1.518924860873347,1.6535799559230728,0.286332020193982,0.3658685557944315,0.46399999999999997
0.537,0.8502166536840324,0.23046308457316364,0.45917421953192356,0.5981629926369098,0.8521668117523432,1.5832712359106749,0.3235061475506859,0.8358796471542052,0.8635218878382802,0.4451001003865696,0.4733147307632568,0.5840257637854338,0.6119783640353471,0.8361156927502916,0.866993355925682,1.5170355159927482,1.6512732957827807,0.2859359250271262,0.36568452390529965,0.46299999999999997
0.538,0.8506781792275268,0.23008779341976354,0.45884698856993517,0.5976731570742977,0.8522831631115645,1.5811862067426148,0.3232074042694226,0.8363411726976995,0.8639834133817745,0.44478206355603517,0.4729789655855657,0.5835378250891052,0.6114876666353704,0.836199807735552,0.867139799524996,1.5151530637480206,1.6489753622964884,0.2855380758256407,0.3654997483148041,0.46199999999999997
0.539,0.8511397047710212,0.22971250226636344,0.45852057779936317,0.5971833215116857,0.8524000512326371,1.57910891423195,0.32290736492186295,0.8368582410232788,0.8643848181182232,0.4444652513247419,0.47264287988420023,0.5830693112726191,0.6109759463365917,0.8363212684514953,0.8672419914537793,1.5133052113794638,1.6466484925209843,0.28536437671927156,0.36508480799998966,0.46099999999999997
0.54,0.8516012303145156,0.22933721111296335,0.4581949841404013,0.5966934859490738,0.8525174798385006,1.577039315397251,0.32260602105540087,0.8373197665667732,0.8648463436617176,0.4441508178780994,0.47230677454000386,0.5825814464968659,0.61048517501604,0.8364062553205512,0.8673896834873516,1.5114365320436511,1.6443677858995887,0.2849636678958059,0.3648978122600242,0.45999999999999996
0.541,0.8520627558580101,0.22896191995956322,0.4578702045286437,0.5962036503864618,0.8526354526866037,1.57497736757488,0.322303364143769,0.8377812921102676,0.8653078692052121,0.4438345367297772,0.4719741612318324,0.5820936187901895,0.6099943666264114,0.8364916736221903,0.8675380283574121,1.5095746308996896,1.6420956612102282,0.28456117212922744,0.36471005672870843,0.45899999999999996
0.542,0.8525242814015044,0.22858662880616312,0.45754623591498833,0.5957138148238499,0.8527539735693052,1.5729230284160596,0.321999385586235,0.8382567814902048,0.8657542864060234,0.4435213545235865,0.4716397832727891,0.5816107025370262,0.6094982472785299,0.8365868839447281,0.8676756550681985,1.5077266200617028,1.6398224629525393,0.28421403572488246,0.36446346616414005,0.45799999999999996
0.543,0.8529858069449988,0.22821133765276302,0.4572230752655424,0.5952239792612379,0.8528730463142804,1.5708762558839755,0.321694076706786,0.8387548205051667,0.8661763181838006,0.4432079956189235,0.47130707284110124,0.5811356945495237,0.6089935788593843,0.8366977820291287,0.8677954237663763,1.505897147975059,1.6375419782725213,0.2839577304843622,0.36412194659443714,0.45699999999999996
0.544,0.8534473324884932,0.22783604649936293,0.45690071956152645,0.594734143698626,0.8529926747849326,1.5688370082509067,0.3213874287533043,0.8392421042283034,0.8666099933902456,0.44289656735793415,0.47097408343323516,0.5806569693301794,0.6084929376877591,0.8368019960646846,0.8679245208904861,1.5040690276409734,1.6352771678865508,0.2836560520430414,0.3638238668524347,0.45599999999999996
0.545,0.8539088580319877,0.22746075534596283,0.4565791657991813,0.594244308136014,0.8531128628808113,1.5668052440953901,0.3210794328967304,0.8397116511345708,0.8670628474914226,0.44258425535518137,0.47064382883028,0.5801720899065936,0.6079989540963477,0.8368946533022765,0.8680688414699389,1.5022382699432055,1.633033128238734,0.28328019217622263,0.3635985244556817,0.45499999999999996
0.546,0.8543703835754821,0.22708546419256273,0.4562584109896744,0.5937544725734021,0.8532336145380365,1.5647809222994178,0.32077008023021564,0.8402157352174291,0.8674783809768325,0.4422722226643916,0.4703144857558742,0.5796993032137198,0.6074919061786969,0.8370114227902788,0.8681851585123567,1.500432795211411,1.6307727715270186,0.2830446495847889,0.3632278339521258,0.45399999999999996
0.547,0.8548319091189764,0.22671017303916263,0.4559384521590072,0.59326463701079,0.8533549337297269,1.5627640020456606,0.32045936176826395,0.8406772607609234,0.8679399065203268,0.44196326678442693,0.46998412033531545,0.5792116981467738,0.6070008751493375,0.8370995400319954,0.86833741038147,1.4986110151425853,1.6285509685971475,0.2826327809371742,0.36303373168560027,0.45299999999999996
0.548,0.8552934346624709,0.2263348818857625,0.4556192863479233,0.5927748014481781,0.8534768244664377,1.5607544428147277,0.32014726844586094,0.8411387863044179,0.8684014320638213,0.4416535742110323,0.46965610572106864,0.5787241303430608,0.6065098068567455,0.8371881110714602,0.8684903469979389,1.4967957591650334,1.6263374186712753,0.2822190467648478,0.36283882849930005,0.45199999999999996
0.549,0.8557549602059653,0.2259595907323624,0.4553009106118174,0.5922849658855661,0.8535992907966005,1.5587522043824504,0.3198337911175936,0.8416288454062869,0.8688321350364606,0.4413440932800633,0.469329129229417,0.5782465596920681,0.6060079424019534,0.8372968228834874,0.8686201238634571,1.4950027085004354,1.6241114610767553,0.2819215289120913,0.3625229850618913,0.45099999999999996
0.55,0.8562164857494597,0.2255842995789623,0.45498332202064407,0.5917951303229542,0.8537223368069728,1.5567572468171995,0.3195189205567562,0.8420903709497813,0.869293660579955,0.4410355167864497,0.4690031569956974,0.5777590661986635,0.6055167997990532,0.8373863226749374,0.8687744191973221,1.4932004472008598,1.6219142390479606,0.28150439226438156,0.36232607818463003,0.44999999999999996
0.551,0.8566780112929541,0.2252090084255622,0.4546665176588287,0.5913052947603421,0.8538459666230926,1.5547695304772304,0.3192026474544453,0.8425662119486598,0.869739726161825,0.4407284860442119,0.46867701905486747,0.5772766068887959,0.6050202235078754,0.8374862120453436,0.868917388310164,1.4914125960414817,1.619714699993688,0.28114487082588346,0.3620677896256466,0.44899999999999995
0.552,0.8571395368364485,0.22483371727216211,0.45435049462517835,0.5908154591977302,0.8539701844097389,1.5527890160080589,0.3188849624186418,0.8430564662898611,0.8701702338951322,0.44042131875910895,0.4683524285714342,0.5767992159538661,0.6045181793370207,0.8375966581729426,0.8690488454836554,1.489639359520281,1.6175125674120792,0.28084371416107506,0.36174730817556366,0.44799999999999995
0.553,0.8576010623799429,0.22445842611876202,0.4540352500327916,0.5903256236351182,0.8540949943713994,1.5508156643398605,0.3185658559732821,0.8435819917303632,0.8705627008240369,0.44011770778290277,0.46802562845240814,0.5763341742731543,0.6040028191104768,0.8377325961000319,0.8691508101542721,1.4878931042078487,1.6152919108088841,0.2806876676517593,0.3612762507899174,0.44699999999999995
0.554,0.8580625879234374,0.22408313496536192,0.45372078100897295,0.5898357880725063,0.8542204007527452,1.5488494366849048,0.31824531855731536,0.844051915450388,0.8710151643773816,0.439814862935878,0.4676997404647442,0.5758497614388132,0.6035083641357637,0.8378299232641866,0.8693006919151449,1.4861213186662843,1.6131205082837263,0.2802992555877045,0.3610389174878787,0.44599999999999995
0.555,0.8585241134669318,0.2237078438119618,0.4534070846951439,0.5893459525098943,0.8543464078391123,1.546890294535012,0.31792334052374877,0.8445134409938825,0.871476689920876,0.43950952282994665,0.46737831639527044,0.5753624543943374,0.6030170350839346,0.8379218218698204,0.8694584293881387,1.4843509962994073,1.6109632854723426,0.2798739792294795,0.3608362847926912,0.44499999999999995
0.556,0.8589856390104261,0.2233325526585617,0.45309415824675675,0.5888561169472823,0.8544730199569891,1.5449381996590397,0.31759991213867994,0.8449803317027512,0.8719324291206996,0.43920706836696854,0.46705543569984326,0.57487705743724,0.6025236489269825,0.8380180132715961,0.8696122874219443,1.4825900778761687,1.6088099070500566,0.279469208283621,0.3606099157070168,0.44399999999999995
0.557,0.8594471645539206,0.2229572615051616,0.452781998833209,0.5883662813846704,0.8546002414745117,1.5429931141003959,0.3172750235803148,0.8454656840626532,0.8723682600136023,0.43890318281743995,0.46673535435995056,0.574398142090694,0.6020232761854881,0.838127841056825,0.8697509885907423,1.480846295102328,1.6066503855804017,0.27914002699454543,0.36030366665972036,0.44299999999999995
0.558,0.859908690097415,0.2225819703517615,0.45247060363775754,0.5878764458220583,0.8547280768019668,1.5410550001745786,0.31694866493797513,0.8459272096061476,0.8728297855570968,0.4386001233113463,0.46641624430903017,0.5739109470424909,0.601531835137386,0.8382212079094576,0.869910884626485,1.4790946751938063,1.604516680886752,0.2787092156960429,0.3600980514240086,0.44199999999999995
0.559,0.8603702156409094,0.2222066791983614,0.4521599698574344,0.5873866102594464,0.8548565303923006,1.539123820466743,0.3166208262110898,0.8463887351496421,0.8732913111005912,0.4382978214923583,0.46609789680990404,0.57342378961565,0.601040356467922,0.8383150670765159,0.8700715198398502,1.4773492054434902,1.602390745138889,0.27827640358907574,0.35989156692834895,0.44099999999999995
0.56,0.8608317411844038,0.2218313880449613,0.4518500947029618,0.5868967746968343,0.8549856067416358,1.5371995378292922,0.31629149730817335,0.8468502606931364,0.8737528366440855,0.43799627455511647,0.46578030911472257,0.5729366696378074,0.6005488403494592,0.8384094230501653,0.8702328987588145,1.4756098577700059,1.6002725314839268,0.27784157951136307,0.35968420439188287,0.43999999999999995
0.561,0.8612932667278982,0.2214560968915612,0.45154097539866983,0.5864069391342224,0.8551153103897976,1.5352821153794975,0.31596066804579004,0.8473411125704076,0.8741827468413228,0.4376974881731188,0.46546109192167423,0.5724598238344141,0.6000462510470679,0.8385253053377496,0.8703696152167639,1.4738942110232314,1.598139545052181,0.2775290535392073,0.3593492352362372,0.43899999999999995
0.562,0.8617547922713926,0.2210808057381611,0.4512326091824125,0.5859171035716104,0.8552456459208441,1.5333715164971398,0.31562832814750547,0.8478320997168697,0.8746125217693691,0.4373976274771234,0.465144494965503,0.5719830627134586,0.5995435770622385,0.8386419263895829,0.8705068134211644,1.4721849363723971,1.5960138922034441,0.2772155672970799,0.3590122334520481,0.43799999999999994
0.563,0.8622163178148871,0.22070551458476104,0.45092499330548624,0.5854272680089986,0.8553766179636072,1.5314677048221796,0.31529446724282134,0.8483084070778287,0.8750581209891587,0.4370999784211661,0.4648273171366727,0.5715012149160328,0.5990463892586194,0.8387485288933247,0.8706574764148618,1.4704728929745872,1.5939070644456845,0.27683822504722544,0.3587373175552901,0.43700000000000006
0.564,0.8626778433583814,0.22033022343136094,0.45061812503254767,0.5849374324463865,0.855508231192241,1.5295706442524495,0.3149590748660977,0.848784748605709,0.8755036860420267,0.4368048702270264,0.46450904942296806,0.5710194165793543,0.598549151994253,0.8388557091808796,0.8708088213282088,1.4687669419113123,1.5918077026998663,0.2764592897030198,0.35846099740835535,0.43600000000000005
0.565,0.8631393689018758,0.21995493227796084,0.45031200164153284,0.5844475968837746,0.855640490326777,1.5276802989413734,0.31462214045545783,0.8492611244187138,0.8759492168097704,0.4365066729645899,0.4641954467167979,0.5705376680255145,0.5980518649470478,0.8389634707844789,0.8709608538666257,1.4670670465773212,1.5897157718190398,0.27607874704340213,0.3581832671625067,0.43500000000000005
0.566,0.8636008944453702,0.21957964112456074,0.45000662042357714,0.5839577613211626,0.8557734001336892,1.5257966332957074,0.3142836533516814,0.8497226499622083,0.8764107423532649,0.4362121844812285,0.4638797122976413,0.5700507733729138,0.5975601235033435,0.839060928390116,0.8711267129909747,1.46536389733603,1.5876429233594065,0.27563294849340414,0.3579690413784133,0.43400000000000005
0.567,0.8640624199888647,0.21920434997116064,0.44970197868293393,0.5834679257585507,0.8559069654264657,1.5239196119733065,0.3139436027970792,0.8502360677968096,0.8768163973019614,0.43591800837873473,0.4635645808236176,0.5695820300075155,0.5970488420939608,0.8391970315143372,0.8712473946105929,1.463699248475019,1.5855365255017142,0.2754073161119912,0.3575270787515528,0.43300000000000005
0.568,0.8645239455323591,0.21882905881776055,0.4493980737368974,0.5829780901959387,0.856041191066191,1.522049199880914,0.31360197793435385,0.8507204708679312,0.8772533010903185,0.4356224314090241,0.46325269272638275,0.569103196303542,0.5965484308564054,0.8393124869835351,0.8713943940472408,1.4620224714425993,1.5834602452613542,0.27505602500645,0.3572101948531478,0.43200000000000005
0.569,0.8649854710758534,0.21845376766436045,0.4490949029157215,0.5824882546333268,0.8561760819621346,1.5201853621719745,0.3132587678054444,0.8512141455795312,0.8776802373784031,0.4353305590917415,0.4629383965196755,0.5686276366575796,0.5960445026619579,0.8394354827216125,0.8715337615016524,1.4603576490078334,1.581383745343689,0.27474280179582666,0.3568512949736542,0.43100000000000005
0.57,0.8654469966193479,0.21807847651096035,0.44879246356254404,0.5819984190707148,0.8563116430723504,1.51832806424447,0.31291396135035376,0.8517039673035862,0.8781113288036801,0.43503717013895027,0.46262717432834644,0.5681507698443733,0.5955419871040049,0.8395562843199067,0.8716772203211455,1.4586963708174745,1.5793174746239722,0.2744114564362491,0.3565077122702517,0.43000000000000005
0.571,0.8659085221628423,0.21770318535756022,0.44849075303330704,0.5815085835081029,0.8564478794042838,1.5164772717387782,0.31256754740596193,0.8521806926513552,0.8785565100366598,0.4347446372293443,0.4623166900005521,0.5676693695206534,0.59504435182668,0.8396678878830622,0.8718331839111081,1.4570324954004439,1.5772689655849017,0.2740222061361782,0.35622006727694366,0.42900000000000005
0.572,0.8663700477063367,0.21732789420416013,0.4481897686966809,0.5810187479454909,0.8565847960153882,1.5146329505355538,0.3122195147048207,0.8526574536397692,0.8790016556289942,0.4344528180097308,0.4620069422747796,0.5671880194058672,0.594546666340421,0.8397801075734038,0.8719898676080069,1.4553744655910428,1.5752276066947564,0.27363128220896865,0.35593092685680666,0.42800000000000005
0.573,0.8668315732498311,0.21695260305076003,0.4478895079339879,0.580528912382879,0.8567223980137507,1.512795066753632,0.3118698518739319,0.8531342503972986,0.8794467654522132,0.43416097176435814,0.4616986845380448,0.566706719577844,0.5940489305673992,0.8398929481886538,0.8721472766474406,1.4537222515222503,1.5731933597046885,0.27323867330909213,0.3556402800551165,0.42700000000000005
0.574,0.8672930987933255,0.21657731189735993,0.4475899681391252,0.5800390768202669,0.8568606905587284,1.510963586747954,0.3115185474335082,0.8536041128098436,0.8798993315152625,0.43387482238513553,0.4613860045005093,0.5662230370613933,0.5935537596569661,0.8400011307417262,0.8723117628597177,1.452071215220545,1.5711718924139983,0.2728142009466784,0.35537893985513525,0.42600000000000005
0.575,0.8677546243368199,0.21620202074395983,0.44729114671849096,0.579549241257655,0.8569996788615916,1.5091384771075131,0.3111655897957178,0.8541341986519385,0.88028719684035,0.4335844702861693,0.4610786847975464,0.5657604141823172,0.5930359662466163,0.8401559386788326,0.8724218222499033,1.4504661899241746,1.5691077777211853,0.2726484615244738,0.3548498896380413,0.42500000000000004
0.576,0.8682161498803144,0.21582672959055973,0.44699304109090837,0.579059405695043,0.8571393681861798,1.5073197046533238,0.31081096726340945,0.854595724195433,0.8807487223838444,0.43329574329063897,0.4607717489318553,0.5652738974626749,0.5925438468699536,0.840258936314983,0.8725955026441251,1.4488209910474101,1.5671073136715765,0.2721845355896881,0.35462229493150477,0.42400000000000004
0.577,0.8686776754238087,0.2154514384371596,0.4466956486875515,0.5785695701324309,0.8572797638495651,1.5055072364364104,0.31045466802882105,0.8550727383171882,0.8811936148428375,0.43300622261055866,0.4604669067394486,0.564792825333548,0.5920458833980353,0.8403744437784753,0.8727557109724995,1.4471918950826854,1.5651009922709584,0.2717856646375924,0.35432488156888464,0.42300000000000004
0.578,0.8691392009673031,0.2150761472837595,0.4463989669518718,0.578079734569819,0.8574208712227281,1.5037010397358186,0.31009668017226744,0.8555497891333737,0.8816384706074007,0.4327180771542352,0.46016209214813825,0.5643118039873251,0.5915478691432132,0.8404905978669425,0.8729166705002247,1.4455684685185994,1.563101595561558,0.27138505408637054,0.35402590143609663,0.42200000000000004
0.579,0.8696007265107976,0.2147008561303594,0.446102993339525,0.577589899007207,0.8575626957312419,1.5019010820566452,0.30973699166081337,0.8560268767800071,0.8820832895415159,0.43243225919440226,0.4598563236551787,0.5638308335075649,0.5910498040219286,0.8406074036946836,0.8730783867687171,1.4439506827168476,1.5611090868556183,0.2709826919852055,0.3537253428837894,0.42100000000000004
0.58,0.8700622520542919,0.21432556497695932,0.4458077253182977,0.5771000634445951,0.8577052428559674,1.5001073311280895,0.3093755903469241,0.8565510217956357,0.8824776175879149,0.4321458983181354,0.4595521399300394,0.563366327059398,0.5905340763548307,0.840761691217111,0.8731968256340367,1.4423710832576608,1.5590836368211733,0.2707837009858646,0.35321331949566814,0.42000000000000004
0.581,0.8705237775977863,0.2139502738235592,0.4455131603680357,0.5766102278819831,0.8578485181337604,1.4983197549015257,0.3090124639670971,0.8570125473391301,0.8829391431314093,0.4318618469852332,0.4592474869853148,0.562880000556763,0.5900417667611608,0.8408676195211154,0.8733746538541646,1.4407537276669364,1.5571179751304245,0.27030994997955926,0.3529789658337755,0.41900000000000004
0.582,0.8709853031412808,0.2135749826701591,0.44521929598057214,0.5761203923193712,0.8579925271581872,1.4965383215485926,0.30864760014047665,0.8574740728826246,0.8834006686749037,0.43157608281442517,0.45894608744219834,0.5623937123463046,0.5895494188753142,0.840974136379829,0.8735533544473293,1.4391418331544286,1.5551591804367977,0.269833881095785,0.3527435606105143,0.41800000000000004
0.583,0.8714468286847752,0.213199691516759,0.44492612965965644,0.5756305567567592,0.8581372755802532,1.4947629994593057,0.30828098636744555,0.857935598426119,0.8838621942183982,0.4312910126194378,0.45864538775004254,0.5619074624076699,0.5890570327176441,0.8410812468432101,0.873732933672779,1.4375353733198055,1.5532072155539414,0.26935547822008865,0.3525070956640761,0.41700000000000004
0.584,0.8719083542282695,0.2128244003633589,0.4446336589208832,0.5751407211941473,0.8582827691091423,1.4929937572401877,0.30791261002819825,0.8583971239696133,0.8843237197618925,0.4310066338991564,0.4583453854579298,0.5614212506682333,0.5885646083607755,0.8411889562209196,0.8739133976557824,1.43593432283759,1.5512620426014878,0.2688747259141168,0.35226956177205304,0.41600000000000004
0.585,0.872369879771764,0.2124491092099588,0.44434188129162244,0.5746508856315353,0.8584290135129671,1.491230563712417,0.3075424583812917,0.8588743978436384,0.8847683524686161,0.43072385601231206,0.45804498380587566,0.5609405743261797,0.5880662491017842,0.8413097099833536,0.8740798580009328,1.4343497094871351,1.5493101852488176,0.26846127839282213,0.35195962098531264,0.41500000000000004
0.586,0.8728314053152584,0.2120738180565587,0.44405079431095035,0.5741610500689234,0.8585760146195313,1.4894733879099973,0.3071705185621778,0.8593582999844391,0.885205880793968,0.43044338073799376,0.45774346490548695,0.5604622499448245,0.5875653716881227,0.8414363982847936,0.8742408424290747,1.4327752130605116,1.5473593017058533,0.2680751760496586,0.35161813032780426,0.41400000000000003
0.587,0.8732929308587528,0.2116985269031586,0.4437603955295784,0.5736712145063113,0.8587237783171038,1.4877221990779435,0.3067967775817123,0.8598608203657372,0.8856234540955341,0.4301621429337473,0.4574441073939421,0.5599904628202624,0.5870574903961316,0.8415786534299924,0.8743848528217785,1.431219399498472,1.5453989715669036,0.2677697268592995,0.35119044936455074,0.41300000000000003
0.588,0.8737544564022472,0.21132323574975848,0.44347068250978683,0.5731813789436994,0.8588723105552051,1.4859769666704885,0.3064212223246426,0.8603223459092316,0.8860849796390285,0.42988048356704506,0.4571468925955815,0.5595044044999429,0.5865649126201463,0.8416888471402757,0.8745688364889894,1.4296397807340346,1.5434805763079646,0.2672805528185085,0.35094734593332266,0.41200000000000003
0.589,0.8742159819457416,0.2109479445963584,0.44318165282535493,0.5726915433810873,0.8590216173454059,1.4842376603493066,0.306043839548074,0.860783871452726,0.8865465051825229,0.4295995033430948,0.45685036308387195,0.5590183846404763,0.5860722963833077,0.8417996643105072,0.87475373894599,1.4280654361283884,1.5415687991396663,0.266788946595723,0.35070313063448083,0.41100000000000003
0.59,0.874677507489236,0.21057265344295828,0.44289330406149396,0.5722017078184753,0.8591717047621376,1.482504249981756,0.30566461587991217,0.8612453969962204,0.8870080307260173,0.4293191998266093,0.45655451647770473,0.5585324032245271,0.5855796417029518,0.8419111103825211,0.874939566907779,1.4264963404737974,1.5396636046614625,0.26629489100655046,0.3504577946782919,0.41000000000000003
0.591,0.8751390330327304,0.21019736228955818,0.4426056338147794,0.5717118722558634,0.8593225789435166,1.4807767056391379,0.30528353781728496,0.8617069225397148,0.8874695562695117,0.4290400147329032,0.4562588943273613,0.5580464602946281,0.5850869485365459,0.8420231906236318,0.8751263273810506,1.4249324677253095,1.5377649587825861,0.2657983677607662,0.35021133029951396,0.40900000000000003
0.592,0.8756005585762249,0.20982207113615808,0.4423186396930849,0.5712220366932514,0.8594742460921809,1.4790549975949745,0.304900591724939,0.862184386193925,0.8879139991960502,0.42876149761638077,0.4559637970052245,0.5575661192980235,0.5845882539321055,0.842148731985962,0.8752986746574578,1.4233852555726165,1.5358589996999508,0.26537110175651274,0.3498901969342911,0.40800000000000003
0.593,0.8760620841197192,0.20944677998275799,0.44203231931551545,0.5707322011306395,0.8596267124761404,1.477339096323304,0.30451576383361373,0.8626779675044475,0.888341175382011,0.428486231716556,0.4556665665528983,0.557091442951073,0.584083493575252,0.842288016569475,0.8754562934025023,1.4218549533593325,1.5339454158160803,0.26501435161752945,0.3494930388181466,0.40700000000000003
0.594,0.8765236096632136,0.2090714888293579,0.4417466703123414,0.5702423655680275,0.8597799844296398,1.4756289724969927,0.30412904023839005,0.8631984506713969,0.888739554409211,0.4282091986276774,0.4553723423014128,0.5566261959418443,0.5835686423008276,0.8424501303161751,0.8755883957421122,1.4203497054236423,1.5320144545077221,0.2647768570909077,0.3489697924660407,0.406
0.595,0.8769851352067081,0.20869619767595776,0.4414616903249336,0.5697525300054156,0.8599340683540365,1.4739245969860642,0.3037404068970171,0.8636923376902519,0.8891664340428894,0.4279336451596597,0.4550780315127823,0.5561517038714164,0.5830637008634898,0.8425914563118447,0.8757470957418659,1.4188304035830483,1.530113034255432,0.26441782134617475,0.34856733920124594,0.405
0.596,0.8774466607502025,0.2083209065225577,0.4411773770056981,0.5692626944428036,0.8600889707186915,1.4722259408560445,0.3033498496282116,0.8641593880588604,0.889622045629148,0.4276592810954613,0.4547841975806131,0.5556678828281002,0.5825687499788892,0.8427114151397765,0.8759330335326095,1.4172964490346147,1.5282416798180374,0.2639357393532367,0.3482872776107829,0.404
0.597,0.8779081862936969,0.20794561536915757,0.44089372801801213,0.5687728588801917,0.8602446980618743,1.4705329753663265,0.30295735410993313,0.8646209136023548,0.8900835711726425,0.4273836092219033,0.4544931044239355,0.5551821720266416,0.5820758246840431,0.8428274875074434,0.8761253761197643,1.4157634801630354,1.5263815657910322,0.26342621008462785,0.3480315450342668,0.403
0.598,0.8783697118371913,0.20757032421575747,0.44061074103615927,0.5682830233175796,0.8604012569916837,1.4688456719685472,0.3025629058776337,0.865115057117917,0.8905101897315885,0.42711050457380295,0.4542004023962463,0.5547078857513379,0.5815706758535617,0.8429712790344358,0.8762864334882867,1.4142598463628433,1.5244987541901136,0.26306225965184943,0.3476225618741105,0.402
0.599,0.8788312373806857,0.20719503306235737,0.44032841374526666,0.5677931877549677,0.8605586541869825,1.4671640023049846,0.30216649032247955,0.8655929514646923,0.8909542019655619,0.4268368174056489,0.4539097898696862,0.5542279663870211,0.5810715596168335,0.8431023578911084,0.8764644494256106,1.4127492182065955,1.522636614736267,0.2626225060494632,0.3472874523488323,0.401
0.6,0.8792927629241801,0.20681974190895727,0.4400467438412416,0.5673033521923556,0.8607168963983463,1.465487938206967,0.3017680926895497,0.8660873350505367,0.8913805804542259,0.4265648143091032,0.45361862263439956,0.5537538419412256,0.5805662489568439,0.8432480010272245,0.8766269216945249,1.4112560651762032,1.5207658933689374,0.26225564100382803,0.34687357473586455,0.4
0.601,0.8797542884676746,0.20644445075555717,0.4397657290307089,0.5668135166297437,0.8608759904490294,1.4638174516933022,0.3013676980760036,0.8665653501573495,0.8918244719281617,0.42629337678346874,0.4533283551382383,0.5532740428094381,0.5800670124875863,0.8433807138674876,0.8768066235090786,1.4097556508386864,1.5189159969656214,0.2618121626563077,0.3465343740638157,0.399
0.602,0.8802158140111689,0.20606915960215708,0.43948536703094826,0.5663236810671317,0.8610359432359456,1.4621525149687191,0.3009652914292239,0.8670599767318807,0.8922506074281387,0.42602118512614273,0.4530400304176157,0.5528000811184145,0.5795615390728255,0.8435282436915459,0.8769705285240478,1.4082728854865132,1.5170572336086179,0.26144235085732964,0.34611551426295833,0.398
0.603,0.8806773395546633,0.20569386844875698,0.4392056555698334,0.5658338455045198,0.8611967617306645,1.4604931004223274,0.3005608575449287,0.8675215022753752,0.8927121329716331,0.425750422491932,0.452751862138906,0.5523146041254124,0.5790683799695224,0.8436485069012095,0.8771687326826074,1.4067698990677584,1.5152345015180329,0.26091902529984595,0.3458502999668302,0.397
0.604,0.8811388650981578,0.20531857729535685,0.43892659238576975,0.5653440099419078,0.8613584529804247,1.458839180626089,0.30015438106525816,0.8679996396184881,0.8931559022092685,0.4254797633302277,0.45246474608924425,0.5518349647884083,0.5785689837054816,0.8437836004326084,0.8773511542341272,1.4052845131828107,1.5134028402965471,0.2604693362466871,0.34550539660743396,0.396
0.605,0.8816003906416522,0.20494328614195675,0.4386481752276337,0.5648541743792959,0.8615210241091625,1.4571907283333094,0.2997458464768299,0.8684611651619826,0.893617427752763,0.4252092511188246,0.45217894087082877,0.5513495661309924,0.5780757462665924,0.8439052920695588,0.8775514083305401,1.4037913085969775,1.5115923274737024,0.2599408509748023,0.34523737341270216,0.395
0.606,0.8820619161851466,0.20456799498855666,0.4383704018547126,0.5643643388166839,0.8616844823185593,1.4555477164771398,0.2993352381087649,0.8689817754550132,0.8940158215726558,0.4249394870243714,0.45189335283930615,0.5508848311541975,0.5775604324983221,0.8440783441757901,0.8776924614172222,1.4023484957529162,1.5097340272065438,0.2596822459203693,0.3446878735168468,0.394
0.607,0.882523441728641,0.20419270383515656,0.43809327003664367,0.563874503254072,0.8618488348891039,1.4539101181690954,0.2989225401306846,0.8694678948445257,0.8944510777129963,0.42467430753345203,0.4516042166170838,0.550408095926742,0.5770579467545333,0.8442227359265145,0.877869523967247,1.4008840821588244,1.5079130760983568,0.2592627399012669,0.34429955525956735,0.393
0.608,0.8829849672721354,0.20381741268175646,0.43781677755335563,0.56338466769146,0.8620140891811748,1.452277906697591,0.29850773655067503,0.8699294203880201,0.8949126032564907,0.4244056863984853,0.45132036396544,0.5499228151972428,0.5765645913877274,0.8443466525037843,0.8780728394380982,1.3994054059016359,1.506120647812061,0.2587272931485492,0.3440262522283929,0.392
0.609,0.8834464928156298,0.20344212152835636,0.437540922195008,0.562894832128848,0.8621802526361374,1.4506510555264858,0.29809081121322295,0.8704247097311675,0.8953380759878518,0.4241384334228815,0.4510360891903563,0.5494493595114429,0.5760586119677424,0.844500645608817,0.8782423708962879,1.3979578815633111,1.5043031266436946,0.2583456745180681,0.3435905576050482,0.391
0.61,0.8839080183591242,0.20306683037495626,0.43726570176193363,0.5624049965662361,0.8623473327774622,1.4490295382936464,0.2976717477971173,0.8708862352746619,0.8957996015313462,0.423871985640065,0.4507525768691438,0.5489641575390292,0.5755651778438513,0.8446260643759367,0.8784477962226139,1.3964887625606837,1.5025226086789785,0.2578051518882612,0.3433140345169354,0.39
0.611,0.8843695439026186,0.20269153922155614,0.43699111406457847,0.561915161003624,0.8625153372118598,1.447413328809523,0.29725052981331984,0.8713647060684296,0.8962430373183269,0.4236059550326943,0.45046976466673205,0.5484849101416377,0.5750653896401977,0.8447670410388051,0.8786367189524137,1.3950376813230867,1.5007323602599731,0.2573407975407861,0.34295489433811355,0.389
0.612,0.884831069446113,0.20231624806815604,0.4367171569234455,0.5614253254410121,0.8626842736304354,1.4458024010557402,0.2968271406028015,0.8718387345753161,0.8966912175418364,0.42333997687871705,0.45018821616005256,0.5480041517573035,0.5745672178927381,0.844904941684649,0.8788312860916326,1.3935878636968888,1.498952070821799,0.2568532851979076,0.3426152643348179,0.388
0.613,0.8852925949896074,0.20194095691475594,0.4364438281690357,0.5609354898784,0.8628541498098624,1.444196729183699,0.2964015633343477,0.8723559646848984,0.8970933028508747,0.42307611973860365,0.4499053745366742,0.5475385130232046,0.5740529165470606,0.8450817919711217,0.8789816421589712,1.3921770075357054,1.4971374507085824,0.2565652909815253,0.3420659496822358,0.387
0.614,0.8857541205331019,0.20156566576135584,0.43617112564179134,0.5604456543157881,0.8630249736135761,1.4425962875131952,0.29597378100232674,0.8728174902283928,0.8975548283943692,0.42281282622265043,0.449623715953384,0.547053469515077,0.5735593239588834,0.8452103045872931,0.8791913676714839,1.3907267318217216,1.4953804011964216,0.25601466196075323,0.34178253564668315,0.386
0.615,0.8862156460765962,0.20119037460795575,0.4358990471920385,0.5599558187531761,0.8631967529929863,1.4410010505310507,0.2955437764244255,0.8733344282420362,0.8979572561576209,0.4225499803450245,0.44934249541413895,0.5465878081316279,0.573045062840765,0.845389012459192,0.8793436409990084,1.389325404677868,1.493577308497511,0.25572118790703424,0.3412299541673107,0.385
0.616,0.8866771716200906,0.20081508345455565,0.4356275906799317,0.5594659831905642,0.8633694959887118,1.4394109928897576,0.29511153223934733,0.8738102721461742,0.8984035156893049,0.42229271985487843,0.4490569337361282,0.5461078420575518,0.5725460620286115,0.8455319710338378,0.8795403342795994,1.387895931240034,1.4918183682464377,0.2552328728002318,0.34087350510863673,0.384
0.617,0.8871386971635851,0.20043979230115555,0.4353567539753967,0.5589761476279522,0.8635432107318348,1.4378260894061345,0.2946770309044776,0.8743405677846482,0.8987917480491584,0.42202766273944453,0.44878025108792524,0.5456469230785792,0.5720267660685466,0.845725070100146,0.8796798076090867,1.3865151958094222,1.4900137098742972,0.2549978733309619,0.3402516135153453,0.383
0.618,0.8876002227070795,0.20006450114775542,0.4350865349580753,0.5584863120653403,0.8637179054451763,1.4362463150599991,0.2942402546935092,0.8748020933281426,0.8992532735926528,0.4217658293829843,0.44850211693251507,0.5451620389471286,0.5715330141036925,0.845856825520289,0.8798938983436502,1.385083424486416,1.4882796629569714,0.25443769687740586,0.33996015501399024,0.382
0.619,0.8880617482505739,0.19968920999435533,0.43481693151727,0.5579964765027283,0.8638935884445942,1.4346716449928496,0.2938011856940317,0.8752986875742446,0.8996774414210593,0.42150545564809294,0.4482234517526731,0.5446894359188761,0.5710261820261602,0.8460214165633207,0.8800713039936663,1.3836848190292064,1.4865180041048,0.2540399608181779,0.3394967515404341,0.381
0.62,0.8885232737940683,0.19931391884095523,0.43454794155188886,0.5575066409401164,0.8640702681403019,1.4331020545065618,0.29335980580508353,0.8757778150736127,0.9001202205024396,0.42124513212285436,0.4479460867875293,0.5442107758741676,0.5705258064698239,0.846170971790948,0.8802685967986903,1.3822765721580164,1.484778531709565,0.25355751997514514,0.33911602845412814,0.38
0.621,0.8889847993375627,0.19893862768755513,0.43427956297039144,0.5570168053775044,0.864247953038212,1.4315375190620978,0.29291609673466307,0.8762780156050018,0.9005405668783855,0.4209869689479495,0.44766757912563254,0.5437395116830218,0.5700175604482935,0.8463408973504598,0.8804439986914476,1.3808902442218758,1.4830245039583618,0.25317220279814334,0.3386305271705261,0.379
0.622,0.8894463248810571,0.19856333653415503,0.4340117936907334,0.5565269698148924,0.8644266517412996,1.4299780142782268,0.2924700399972034,0.8767717294265022,0.9009678302985668,0.4207276266026373,0.44739157747349,0.543266023321552,0.5695116888108694,0.8465058763585159,0.8806274129485563,1.3795032177379432,1.4812821575872002,0.2527539243108933,0.338174300509344,0.378
0.623,0.8899078504245516,0.19818804538075493,0.4337446316403139,0.5560371342522804,0.864606372950992,1.4284235159302594,0.2920216169110038,0.8772510856813535,0.9014103806244641,0.42046995103172363,0.44711521036567614,0.5427875636966963,0.5690111128346802,0.8466584590769598,0.8808276191968633,1.3781088567933863,1.4795591032000024,0.2522652122088108,0.3377859854687325,0.377
0.624,0.8903680606762878,0.1978292892075687,0.43347771198203294,0.5555468395700295,0.8647857226007085,1.4268718921094357,0.29157430671200046,0.8777470967026563,0.9018325010941534,0.42021090699963537,0.44684059519259056,0.5423149578869926,0.5685033652993211,0.8468274367479368,0.8810076602317487,1.376731871294574,1.4778221158118894,0.2518627837548617,0.33731100361941496,0.376
0.625,0.8908201364748294,0.1975727940132052,0.4332091538052155,0.5550537054514404,0.8649574010669638,1.425312218359727,0.29114630273378833,0.8782081577443803,0.9022750193963923,0.41995082423001034,0.44656394397922905,0.5418301926225808,0.5680026976031037,0.846963466522652,0.8812097431473258,1.3753240087850191,1.4761034615484445,0.2513521071414904,0.3369870161629149,0.375
0.626,0.8912722122733711,0.1973162988188417,0.4329412001224805,0.5545605713328512,0.8651300663250391,1.4237575275932446,0.2907160099642485,0.8786692187861045,0.9027175376986314,0.41969094782218763,0.4462883054445487,0.5413454677109044,0.5675019895541505,0.8471003024090392,0.8814129709696592,1.3739206085230535,1.4743903460145023,0.2508386814752067,0.3366613276465638,0.374
0.627,0.8917242880719126,0.1970598036244782,0.43267384889515026,0.5540674372142621,0.8653037269074368,1.4222077959679627,0.29028340999487234,0.879121294584646,0.903169613497173,0.4194316488023482,0.44601336701523997,0.5408576468010337,0.567004577255762,0.8472294665059118,0.8816273516336222,1.3725141314313287,1.472691427275703,0.25027942736930825,0.3363783659803276,0.373
0.628,0.8921763638704543,0.1968033084301147,0.43240709809370464,0.5535743030956729,0.8654783914453156,1.420662999793717,0.2898484842192089,0.8796094526434911,0.9035833180229308,0.4191737430434864,0.44573791460712064,0.5403824613825311,0.5664937304565253,0.8473936960026099,0.8818025704330958,1.3711423769643274,1.4709630230506476,0.24989050065306256,0.33591495401498783,0.372
0.629,0.8926284396689959,0.19654681323575118,0.4321409456977292,0.5530811689770837,0.8656540686699187,1.419123115530995,0.28941121383019985,0.8800615284420327,0.9040353938214724,0.41891525800094254,0.4454645676836254,0.5398947218044547,0.5659962368263419,0.8475245106653451,0.8820192849807456,1.3697447175117197,1.4692750516241972,0.2493256966930089,0.33562845846312045,0.371
0.63,0.8930805154675375,0.1962903180413877,0.4318753896958641,0.5525880348584946,0.8658307674140293,1.4175881197897422,0.28897157981746613,0.8805680841605301,0.9044295561813374,0.4186588267935422,0.44518946127508774,0.5394260397653381,0.5654784871429797,0.8477083340954709,0.8821757859329119,1.368397478207092,1.4675394778445663,0.24902065825556763,0.3350689909014047,0.37
0.631,0.8935301366587578,0.19601146384161838,0.43160975416291714,0.5520940439273998,0.8660058213693663,1.4160540993007256,0.2885362150169165,0.8810542656053113,0.9048403281065163,0.4184031746494065,0.44491435549848163,0.5389502865059911,0.5649664945595764,0.8478734742403642,0.8823506696439557,1.3670357516178262,1.4658227103391785,0.2486336982984434,0.3346028550636868,0.369
0.632,0.8939741396751826,0.1956814337166696,0.4313431704116346,0.5515980918995615,0.86617575583448,1.4145160437898459,0.28811375088265606,0.8815037010815393,0.9052785598892907,0.41814492585744856,0.44463983924732575,0.5384617473422857,0.564464046443121,0.8480032952753608,0.8825558671077198,1.365643046351333,1.4641328659460222,0.2481092909093112,0.3343050456208055,0.368
0.633,0.8944181426916074,0.19535140359172082,0.4310771799508159,0.5511021398717233,0.8663466836241474,1.41298284785404,0.28768898449153313,0.881979026275898,0.9056892904891483,0.41788736932291687,0.44436560630649224,0.5379822861415364,0.5639519578610359,0.8481591168754667,0.8827326248740005,1.3642768239031402,1.462423009519573,0.2477075328015909,0.33387591698846947,0.367
0.634,0.8948621457080322,0.19502137346677204,0.43081178080208304,0.550606187843885,0.8665186134733762,1.4114544884984737,0.2872618969725895,0.8824414800883993,0.9061136982032565,0.41763028153854825,0.44409219223593893,0.5374983729933929,0.5634446024776819,0.8483033269900486,0.8829251482039859,1.3629039965224399,1.4607311091316002,0.2472409827178172,0.333509121535704,0.366
0.635,0.895306148724457,0.19469134334182323,0.43054697099584394,0.5501102358160468,0.8666915542198924,1.4099309428731606,0.286832469248063,0.8829184519163964,0.9065226951870013,0.4173738156093663,0.4438192185254165,0.5370195687268299,0.5629318265990502,0.8484627180865576,0.8831020007056533,1.361548023479304,1.45903020041498,0.24684249405680989,0.3330672927196468,0.365
0.636,0.895707774650996,0.19436468634848497,0.43027115101774943,0.5495994915156301,0.866818603827892,1.4083455576273523,0.28651710260715374,0.8833241587626837,0.9069199884024193,0.4171064076121532,0.4435353896618132,0.536515929527922,0.5624149243350007,0.8485476552987218,0.8832664202798097,1.3601048805788254,1.4572964518417737,0.24641727258828441,0.33288520814757416,0.364
0.637,0.8961073773657783,0.1940381903987566,0.4299953775935241,0.5490880409869219,0.866944144618316,1.4067619738866222,0.28620557199510116,0.8837423608930722,0.907299847195355,0.41683831508769537,0.443252246376661,0.5360166930750976,0.5618918952545878,0.8486452543423335,0.8834126480480609,1.358675587992036,1.455550673934201,0.24606629478699196,0.3326342610742335,0.363
0.638,0.8965069800805606,0.19371169444902822,0.42972020281600976,0.5485765904582137,0.8670704156755085,1.4051833543582455,0.28589232021944583,0.8841419636078546,0.9076994499101373,0.41657137733344013,0.4429692711553604,0.5355110054328919,0.5613757168682961,0.8487249923024294,0.8835813663454954,1.3572347158659346,1.4538287597085677,0.2456221128365182,0.33247633792377906,0.362
0.639,0.896906582795343,0.19338519849929986,0.42944562473801395,0.5480651399295056,0.8671974233899635,1.403609675736061,0.2855773329768893,0.8845602157621026,0.9080792586792137,0.41630511241328205,0.4426866669278735,0.5350118688703507,0.5608525878976001,0.848823788752606,0.8837292597614207,1.355814436385828,1.452093846584501,0.24526722932216655,0.3322226253856449,0.361
0.64,0.8973061855101252,0.1930587025495715,0.42917164142077924,0.5475536894007974,0.8673251742269569,1.4020409148595705,0.2852605958052078,0.8850145653272667,0.9084207725853923,0.41603738852464556,0.442406534295406,0.5345253740444285,0.5603160501411842,0.8489593681376486,0.8838355775354397,1.3544300334234476,1.450328475177229,0.24508819388566333,0.3317834635102903,0.36
0.641,0.8977005352314738,0.19274174604148642,0.42889681761880016,0.5470404052466341,0.8674477704492796,1.4004688537152477,0.28495672637472497,0.8854292711428627,0.908793530145754,0.41577406313517973,0.44212034488433677,0.5340250826181973,0.5597903768228887,0.8490553556762719,0.883977074206712,1.3530120381343764,1.4485943997541433,0.2447527864680753,0.33153239424400144,0.359
0.642,0.8980662322613655,0.19247682285145568,0.4286147729185868,0.5465171194990799,0.8675387836471905,1.3988570595971426,0.284731194800655,0.8857949681727545,0.9091592271756458,0.4154998556132763,0.44183090444709405,0.5335077255166789,0.5592621974582174,0.8490990628819116,0.8841111817761321,1.3515360669912513,1.4468413707054686,0.2443948143987556,0.33146423926227714,0.358
0.643,0.8984319292912571,0.19221189966142496,0.4283333280767737,0.5459938337515255,0.8676303259841135,1.3972502788355476,0.28450439974437775,0.8861606652026461,0.9095249242055374,0.41522595445584476,0.441542364969576,0.5329904099682117,0.5587339765404948,0.8491430802099021,0.8842460244419976,1.3500646320823173,1.4450938588926088,0.2440347705792194,0.3313957969247086,0.357
0.644,0.8987976263211489,0.19194697647139422,0.4280524811817069,0.5454705480039712,0.8677224020880211,1.395648488076318,0.2842763305585705,0.8865452655225211,0.9098705734392057,0.41495362798165575,0.4412532686923704,0.5324797344883554,0.5581987160494214,0.8492065617807026,0.8843591441460412,1.348614254538157,1.4433329900096128,0.24376684441590443,0.3312294989449547,0.356
0.645,0.8991633233510405,0.1916820532813635,0.4277722303298472,0.5449472622564169,0.8678150166410132,1.3940516641101404,0.2840469764759421,0.8869299173749847,0.9102161711402852,0.4146813579811959,0.4409653240050037,0.5319691187047267,0.5576633958621205,0.8492705046402129,0.8844728331644466,1.3471684553206935,1.4415775098280565,0.24349764560823334,0.3310620131026927,0.355
0.646,0.8995290203809323,0.19141713009133277,0.42749257362572624,0.5444239765088625,0.867908174380111,1.3924597838714121,0.2838163266075359,0.8872956144048765,0.910581868170177,0.4144092237781881,0.44067858880524147,0.5314519284828049,0.5571350496178524,0.84931550678442,0.8846098509595159,1.3457105083783174,1.4398464007987877,0.24313197438385425,0.33099195152055055,0.354
0.647,0.8998947174108239,0.19115220690130202,0.4272135091819043,0.5439006907613082,0.8680018800980642,1.3908728244371313,0.28358436994100866,0.8876613114347681,0.9109475652000686,0.41413767715884603,0.44039244880766615,0.5309347802361234,0.5566066613983445,0.8493608310700812,0.8847476291380474,1.3442570146869859,1.4381207062187944,0.24276416075174462,0.330921593281638,0.353
0.648,0.9002604144407157,0.1908872837112713,0.42693503511892794,0.5433774050137539,0.8680961386441737,1.3892907630257958,0.28335109533887587,0.8880460150795383,0.9112931111088417,0.41386690496999645,0.4401065637724744,0.5304243084426161,0.5560711972209219,0.8494259238305774,0.884863350702618,1.3428246630308465,1.4363813992553542,0.24249008234641192,0.33075155514480337,0.352
0.649,0.9006261114706073,0.19062236052124057,0.42665714956528683,0.5428541192661995,0.8681909549251277,1.3877135769963134,0.28311649153673124,0.8884259112221317,0.9116437575133889,0.41360001824810866,0.4398192830916075,0.5299122005571332,0.5555374714086885,0.8494865266647996,0.8849854976332121,1.341392540270677,1.4346522324281976,0.2421900950514273,0.330605775764128,0.351
0.65,0.9009918085004991,0.19035743733120986,0.4263798506573734,0.5423308335186453,0.868286333905853,1.3861412438469216,0.2828805471414312,0.8888347423718297,0.9119637384173964,0.4133293346983479,0.4395341245308972,0.5294102349218923,0.5549929992950465,0.8495773603116449,0.8850733367212894,1.339990379791816,1.4328993783984578,0.24203499855174596,0.3303071767448945,0.35
0.651,0.9013575055303908,0.19009251414117911,0.4261031365394396,0.541807547771091,0.868382280610382,1.384573741214118,0.2826432506292526,0.8892004394017214,0.9123294354472882,0.41306010538475285,0.4392503614326131,0.528893254956631,0.554464442794118,0.8496240834422866,0.8852140785143218,1.3385545114499202,1.4311950950466272,0.24165988573504085,0.33023404394603567,0.349
0.652,0.9017232025602825,0.18982759095114837,0.42582700536355683,0.5412842620235366,0.8684788001227345,1.3830110468715988,0.2824045903440159,0.8895661364316131,0.9126951324771798,0.4127914542804359,0.43896718430448267,0.5283763175306633,0.5539358437538962,0.8496711443421111,0.8853556140421204,1.3371229952734387,1.4294961013839744,0.2412825409307345,0.3301605986514541,0.348
0.653,0.9020888995901742,0.18956266776111766,0.4255514552895739,0.5407609762759823,0.8685758975878161,1.3814531387292102,0.28216455449517513,0.8899318334615048,0.9130608295070716,0.412523379553633,0.4386845913133731,0.5278594225185024,0.5534072022998672,0.8497185476972056,0.8854979489500496,1.3356958140304063,1.4278023701705984,0.24090294861082645,0.3300868337271494,0.347
0.654,0.9024545966200659,0.18929774457108692,0.4252764844850763,0.540237690528428,0.8686735782123316,1.379899994831905,0.28192313115587897,0.8902975304913965,0.9134265265369632,0.4122558793628441,0.4384025806448629,0.5273425699545664,0.5528785183976134,0.8497662973725411,0.8856410897760579,1.3342729488711567,1.4261138761521897,0.24052108982280546,0.3300127458861519,0.346
0.655,0.9028202936499576,0.1890328213810562,0.4250020911253462,0.5397144047808737,0.8687718472657174,1.3783515933587138,0.2816803082609924,0.890682443951941,0.913771862629962,0.41198963330481386,0.4381203033039619,0.5268324676691986,0.5523426847120517,0.8498344212005943,0.8857615147106978,1.3328714163687692,1.4244112893702934,0.24023597649267303,0.3298355795362491,0.345
0.656,0.9031859906798493,0.18876789819102546,0.42472827339332125,0.5391911190333194,0.8688707100810867,1.3768079126217214,0.2814360736050893,0.8910674105406978,0.9141171455947482,0.4117241952738776,0.43783834747735956,0.5263224265502244,0.5518067898600963,0.8499030522778134,0.8858825694318376,1.3314742437933016,1.4227138154950578,0.23994945662995237,0.3296571169874979,0.344
0.657,0.903551687709741,0.18850297500099475,0.424455029479555,0.5386678332857651,0.8689701720561963,1.3752689310650548,0.2811904148404052,0.8914718071751223,0.9144418540076266,0.411459508815755,0.4375566618863319,0.5258192104570522,0.5512636704775986,0.8499926085523667,0.8859803011370806,1.3300986897571438,1.4210018832894353,0.23976175497048846,0.32937329513724345,0.34299999999999997
0.658,0.9039173847396327,0.188238051810964,0.42418235758217687,0.5381445475382107,0.869070238654428,1.3737346272638793,0.28094331947475826,0.8918729903224777,0.9147699773406722,0.4111947859949241,0.43727618951119657,0.5253149157619386,0.550721700009877,0.8500794393938382,0.8860825020668506,1.3287246287617644,1.4192982447515117,0.2395560876839823,0.32910527472346923,0.34199999999999997
0.659,0.9042830817695244,0.1879731286209333,0.4239102559068525,0.5376212617906564,0.8691709154057896,1.3722049799234057,0.28069477486942984,0.8922421166854697,0.9151320436043655,0.4109309456988351,0.43699619551400276,0.5247994741194502,0.5501915348733415,0.8501327272892301,0.8862252931961899,1.327326129907958,1.4176321299558257,0.23918264027881564,0.3290086358853668,0.34099999999999997
0.66,0.9046487787994161,0.18770820543090255,0.4236387226667445,0.537097976043102,0.8692722079079324,1.3706799678779031,0.2804447682370116,0.8926078137153614,0.9154977406342572,0.4106668335636939,0.43671766257944733,0.5242828784030306,0.5496625941235713,0.8501827456622962,0.8863731975124801,1.3259287636980372,1.4159745766843748,0.23878906585159362,0.328930075578807,0.33999999999999997
0.661,0.9050144758293078,0.1874432822408718,0.42336775608247346,0.5365746902955477,0.8693741218271902,1.3691595700897243,0.28019328663920995,0.8929916158707198,0.9158442750149162,0.4104045747871111,0.4364381780237393,0.5237726455859623,0.5491269213320701,0.8502525192684119,0.8864992230855484,1.32455184767718,1.414303735653503,0.23848776182473216,0.3287528087432615,0.33899999999999997
0.662,0.9053801728591995,0.1871783590508411,0.42309735438207857,0.5360514045479934,0.8694766628996352,1.3676437656483376,0.27994031698461697,0.893400670490214,0.916164082807402,0.4101431652603718,0.4361588889438056,0.5232712706317177,0.5485818761156402,0.8503497771485461,0.8865942823202122,1.323201794993617,1.4126123414532714,0.23831711258035512,0.3284368901430598,0.33799999999999997
0.663,0.9057458698890912,0.18691343586081036,0.42282751580097966,0.5355281188004392,0.8695798369321541,1.3661325337693684,0.27968584602643554,0.8937833923871136,0.9165117661168943,0.40988154855555814,0.43588109449816664,0.5227607472223451,0.548046517886728,0.8504193576594014,0.8867231187729289,1.3218322768963937,1.4109526349853394,0.23800694199074438,0.32826298594619713,0.33699999999999997
0.664,0.9061115669189829,0.18664851267077964,0.4225582385819382,0.5350048330528848,0.8696836498035443,1.3646258537936489,0.27942986036017003,0.894200283607888,0.9168233115517785,0.40961947058432713,0.4356047184013397,0.5222621946626532,0.5474985016599822,0.8505265920865973,0.8868091841487202,1.320497857092492,1.4092630734235259,0.23787455122612566,0.32790130286109626,0.33599999999999997
0.665,0.9064772639488746,0.1863835894807489,0.42228952097501965,0.5344815473053305,0.869788107465631,1.3631237051862775,0.2791723464212698,0.8945742359747756,0.9171802771300784,0.40935922923481477,0.4353278001150859,0.5217486971859361,0.5469662964765377,0.8505876380921394,0.8869506516376008,1.319128700620641,1.4076222480706706,0.23751494821197033,0.3277728311767238,0.33499999999999996
0.666,0.9068429609787663,0.18611866629071816,0.4220213612375554,0.5339582615577761,0.8698932159444038,1.361626067535685,0.2789132904827358,0.8949598623262618,0.9175249003321353,0.4090990887464566,0.4350518703672407,0.5212393182073836,0.5464297394841605,0.8506619268774607,0.8870779657982449,1.3177742585012941,1.4059744373965506,0.23721485299765319,0.3275794747570003,0.33399999999999996
0.667,0.907208658008658,0.18585374310068745,0.4217537576341049,0.5334349758102218,0.8699989813411765,1.3601329205527106,0.2786526786526787,0.8953255593561535,0.917890597362027,0.40883884536495774,0.4347773174739332,0.5207230262801632,0.5459004949451913,0.850714797813098,0.887231705280858,1.3164057901680652,1.4043519189762224,0.23680729319569582,0.3274948635575937,0.33299999999999996
0.668,0.9075743550385497,0.1855888199106567,0.4214867084364185,0.5329116900626675,0.870105409833767,1.358644244069685,0.2783904968718384,0.8956912563860452,0.9182562943919187,0.4085791515917531,0.43450332219939386,0.520206778090158,0.5453712066690066,0.8507680683067158,0.8873863549035531,1.315041378199543,1.4027343076120058,0.23639719945744486,0.3274098564674845,0.33199999999999996
0.669,0.9079400520684414,0.185323896720626,0.4212202119233999,0.5323884043151133,0.8702125076777008,1.3571600180395238,0.27812673091105317,0.8960769396563925,0.9186008606751147,0.4083205733879478,0.43422915503931414,0.5196975503208132,0.5448344984674219,0.8508437740983161,0.8875161025881687,1.3136991861108032,1.4011011545014964,0.23609131391766147,0.327213358835393,0.33099999999999996
0.67,0.9083057490983331,0.18505897353059525,0.4209542663810695,0.5318651185675589,0.8703202812074353,1.3556802225348255,0.27786136636868775,0.8964426366862841,0.9189665577050063,0.40806368384881053,0.4339544973964933,0.5191813902282532,0.5443051220937922,0.8508978769797085,0.8876725570998905,1.3123428303374498,1.3994932985452007,0.23567649396747056,0.327127107846748,0.32999999999999996
0.671,0.9086714461282248,0.18479405034056454,0.4206888701025278,0.5313418328200046,0.8704287368376108,1.3542048377469817,0.27759438866800973,0.896848478205975,0.9192898212326183,0.40780867108152674,0.43367865114770593,0.5186792871282908,0.543760889718085,0.8509969425763838,0.8877777340119006,1.3110270923049692,1.3978491881805306,0.23547479650101122,0.3268158962973155,0.32899999999999996
0.672,0.9090371431581165,0.1845291271505338,0.4204240213879183,0.5308185470724502,0.8705378810643214,1.3527338439852923,0.27732578305452305,0.8972951611971051,0.9195699542763106,0.407550268420781,0.43340731796740295,0.5181914844131221,0.5432015579481042,0.8511427282441435,0.8878297453358284,1.309752967564993,1.3961677778472512,0.235490798143978,0.3262747468003261,0.32799999999999996
0.673,0.9094028401880082,0.18426420396050308,0.42015971854439155,0.5302952613248959,0.870647720466413,1.3512672216760895,0.2770555345932471,0.8976608582269968,0.9199356513062024,0.40729327348164157,0.4331361094426584,0.517675456740774,0.5426720491542625,0.8511982218407553,0.8879887694192241,1.3084085645006154,1.3945744115441323,0.23507067976994828,0.3261844780585139,0.32699999999999996
0.674,0.9097685372178999,0.18399928077047234,0.41989595988606926,0.5297719755773416,0.8707582617068047,1.349804951361869,0.2767836281659514,0.8980469488539417,0.9202798102328006,0.40703744647197004,0.4328646583172042,0.5171665920640048,0.542134977860102,0.8512772341923831,0.888121757992045,1.3070868856073177,1.3929648029368953,0.23475800074764722,0.32597907961829337,0.32599999999999996
0.675,0.9101342342477916,0.1837343575804416,0.4196327437340081,0.5292486898297872,0.8708695115338365,1.3483470137004319,0.27651004846833355,0.8984330989893138,0.9206239096509717,0.40678215107546045,0.43259375935675537,0.5166577928017013,0.5415978411514758,0.8513568642405591,0.8882554848937474,1.3057692231448081,1.3913598713625794,0.2344436860600166,0.3257721102808042,0.32499999999999996
0.676,0.9104999312776832,0.18346943439041088,0.41937006841616464,0.5287254040822329,0.8709814767826423,1.3468933894640285,0.2762347800071505,0.8987987960192054,0.9209896066808634,0.40652676256147524,0.4323241950332339,0.5161418988134969,0.5410681986734905,0.8514136952647773,0.8884173277679863,1.3044366178701399,1.389780777727005,0.23401639131479396,0.3256795805998046,0.32399999999999995
0.677,0.910865628307575,0.18320451120038014,0.41910793226735876,0.5282021183346787,0.8710941643765499,1.3454440595385153,0.27595780709729106,0.8991758982508818,0.9213432621635009,0.4062721338856843,0.4320548626053035,0.5156300306238444,0.5405343082723181,0.851484004416589,0.8885649110895795,1.3031184444668562,1.3881946193458936,0.23364853858744444,0.3255217951993604,0.32299999999999995
0.678,0.9112313253374666,0.18293958801034943,0.4188463336292398,0.5276788325871243,0.871207581328508,1.343999004922517,0.2756791138587993,0.8995712761745561,0.921677625632599,0.40601816651689643,0.43178581524247556,0.515124586574236,0.5399936389708923,0.8515757705766462,0.8886889111671636,1.301821058506113,1.3865942663484252,0.2333782205071771,0.32525897904058654,0.32199999999999995
0.679,0.9115970223673584,0.1826746648203187,0.4185852708502512,0.52715554683957,0.8713217347425414,1.3425582067265955,0.2753986842138368,0.8999369732044479,0.9220433226624908,0.405765247912488,0.4315169689706859,0.5146088269055853,0.5394638621733532,0.8516339845269923,0.8888536494878436,1.3005001014601942,1.3850292493704663,0.23294356429963625,0.3251641070429263,0.32099999999999995
0.68,0.9119627193972502,0.18240974163028795,0.41832474228559513,0.5266322610920157,0.8714366318152336,1.3411216461724267,0.2751165018835933,0.9003241316956054,0.9223863679446269,0.4055144206200739,0.43124689646923936,0.5141006036298236,0.5389261334979957,0.8517174227448515,0.8889904332844762,1.2992028730400142,1.3834466835833772,0.23262415277953125,0.3249456515058471,0.31999999999999995
0.681,0.9123284164271418,0.18214481844025723,0.4180647462971986,0.5261089753444613,0.8715522798372397,1.3396893045919849,0.2748325503851355,0.9007512687111064,0.9226872372504379,0.40526131135954063,0.43098001162747,0.5136063807352438,0.5383736373923557,0.8518480078773694,0.8890737037827507,1.297946681357485,1.3818272636187008,0.23252273833492576,0.3244963019662396,0.31899999999999995
0.682,0.9126941134570336,0.1818798952502265,0.4178052812536791,0.5255856895969071,0.871668686194829,1.3382611634267354,0.27454681302819645,0.9011169657409982,0.9230529342803296,0.4050092237687203,0.430713553238308,0.5130907567111085,0.5378437249503012,0.8519077007813525,0.8892413240069833,1.2966372152062442,1.3802761516136872,0.23208144188019533,0.32439801764086224,0.31799999999999995
0.683,0.9130598104869252,0.18161497206019578,0.41754634553030984,0.5250624038493528,0.8717858583714558,1.3368372042268304,0.27425927291190794,0.9014826627708898,0.9234186313102213,0.40475752136378773,0.4304477720400309,0.5125751780165481,0.5373137671786721,0.8519678624946475,0.8894099873570459,1.2953315505241658,1.3787296222083327,0.23163727460701766,0.3242992397965229,0.31699999999999995
0.684,0.913425507516817,0.18135004887016504,0.4172879375089868,0.5245391181017984,0.8719038039493656,1.335417408650317,0.2739699129214654,0.9018692391584491,0.9237623044762053,0.4045069422415645,0.43018176185684526,0.5120669329762958,0.5367760762479946,0.852053007375096,0.8895510612443552,1.294049125595505,1.3771659798223563,0.23130630882035685,0.3240787762187611,0.31599999999999995
0.685,0.9137912045467086,0.18108512568013432,0.4170300555781942,0.5240158323542441,0.8720225306112285,1.3340017584623483,0.2736787157247347,0.9022558778685267,0.9241059153196708,0.4042560204756293,0.42991717803861346,0.5115587552497507,0.5362383180036099,0.8521388372999903,0.8896929451011542,1.2927705540372028,1.3756068013666802,0.23097355639234174,0.32385657677145,0.31499999999999995
0.686,0.9141569015766003,0.18082020249010358,0.4167726981329715,0.5234925466066898,0.8721420461418086,1.3325902355344028,0.27338566376878876,0.9026215748984184,0.9244716123495625,0.4040079202723368,0.42965207368084946,0.5110433132339814,0.5357082235531894,0.8522004912748714,0.8898646975878953,1.2914761917399455,1.3740739118734207,0.23052156566331328,0.3237552592366512,0.31399999999999995
0.687,0.914522598606492,0.18055527930007284,0.41651586357487985,0.5229692608591354,0.872262358429665,1.3311828218435109,0.2730907392763835,0.9030504746131832,0.9247706731758604,0.40375834719379833,0.42938668843931266,0.5105499790515129,0.5351548227552483,0.8523377873543764,0.8899497575602299,1.290244711180542,1.3724797315366637,0.2304209292886139,0.32328332472059784,0.31299999999999994
0.688,0.9148882956363837,0.18029035611004215,0.4162595503119692,0.5224459751115812,0.8723834754688878,1.3297794994714882,0.27279392424235976,0.903416171643075,0.9251363702057521,0.40350976346000306,0.42912306155181257,0.5100346290822566,0.5346246362583151,0.8524005083359557,0.890123534928436,1.2889577960161558,1.370955850420331,0.22996440788691497,0.32317939743042223,0.31200000000000006
0.689,0.9152539926662754,0.1800254329200114,0.416003756758745,0.5219226893640269,0.8725054053608684,1.3283802506041733,0.27249520042998265,0.9037818686729666,0.9255020672356438,0.4032616683948857,0.42885992932108336,0.5095193251469027,0.5340944037274794,0.8524637303109713,0.8902984160028058,1.2876745865759027,1.3694364298950044,0.2295048602140549,0.3230749345170767,0.31100000000000005
0.69,0.9156196896961671,0.1797605097299807,0.41574848133613623,0.5213994036164725,0.8726281563161062,1.3269850575306772,0.2721945493672027,0.9041687604025955,0.9258454250595581,0.40301364991778005,0.4285976362747536,0.5090114656512615,0.5335563272521907,0.8525529093554866,0.8904446785069295,1.2864149549417603,1.367899354734226,0.22916223628509574,0.3228445380221948,0.31000000000000005
0.691,0.9159853867260588,0.17949558653994996,0.41549372247146205,0.5208761178689182,0.8727517366560514,1.3255939026426322,0.2718919523428518,0.9045376037507952,0.9262078063842183,0.40276687981359516,0.4283352136649689,0.5084973524114119,0.5330248448991491,0.8526209743948229,0.8906173127912972,1.2851420632452957,1.3663855213474585,0.2287149188463651,0.32271976541494124,0.30900000000000005
0.692,0.9163510837559505,0.17923066334991924,0.41523947859839994,0.5203528321213639,0.8728761548149859,1.3242067684334546,0.271587390402758,0.9049214133698651,0.9265544157056151,0.40251957100586777,0.42807430358783327,0.5079885097911616,0.5324878106751713,0.8527076345407687,0.8907699498594781,1.2838868900050302,1.3648604815232195,0.2283499220263517,0.32250511334802645,0.30800000000000005
0.693,0.9167167807858422,0.1789657401598885,0.4149857481569541,0.5198295463738095,0.873001419341941,1.322823637497608,0.2712808443457909,0.9053298224005568,0.9268751117222263,0.4022739531754596,0.42781252655137536,0.5074883007367659,0.5319416842538974,0.8528248543112095,0.8908886478560081,1.2826585519704181,1.363314109159276,0.22812295863145543,0.32214221993983083,0.30700000000000005
0.694,0.9170824778157339,0.17870081696985776,0.41473252959342255,0.5193062606262553,0.8731275389026573,1.321444492529876,0.2709722947198237,0.9057169733159319,0.9272182103603944,0.4020282831878251,0.42755198143367673,0.5069807179149195,0.5314033311048144,0.8529169988195785,0.8910383924146471,1.281413863701025,1.3617942887096173,0.22777267249059202,0.3219043396656397,0.30600000000000005
0.695,0.9174481748456256,0.17843589377982705,0.41447982136036593,0.518782974878701,0.8732545222815814,1.3200693163246413,0.27066172181762105,0.9060826703458236,0.9275839073902861,0.4017830960439235,0.427292108728364,0.506465693116644,0.5308728194369,0.8529834922872062,0.8912198561946792,1.2801525434918184,1.3603012627802367,0.22729689350285098,0.321793788970048,0.30500000000000005
0.696,0.9178138718755173,0.1781709705897963,0.41422762191657625,0.5182596891311466,0.8733823783839073,1.3186980917751687,0.2703491056726403,0.9064914729306315,0.927904209852781,0.40153800915760474,0.4270328979867227,0.5059657617798973,0.530326415297977,0.8531035851459327,0.8913405611931257,1.278935568564883,1.358767419856755,0.22706621452655368,0.3214227837370721,0.30400000000000005
0.697,0.918179568905409,0.1779060473997656,0.4139759297270448,0.5177364033835923,0.873511116237656,1.3173308018728966,0.2700344260547558,0.9068788224491092,0.9282471098878463,0.401295290966501,0.42677239304022874,0.5054583890106521,0.5297878520962926,0.8531980443538469,0.8914930022885804,1.2777019319689156,1.3572603326733839,0.22671000761066318,0.32117906557234716,0.30300000000000005
0.698,0.9185452659353007,0.17764112420973485,0.41372474326293174,0.517213117636038,0.8736407449958026,1.3159674297067347,0.26971766246589157,0.9072868058912033,0.9285682955854048,0.4010512968637912,0.4265141174372353,0.5049582660630156,0.5292416619405248,0.8533189602147035,0.8916164445820803,1.2764914850129103,1.355735840134392,0.2264707026923269,0.320808851717892,0.30200000000000005
0.699,0.9189109629651924,0.17737620101970414,0.41347406100153505,0.5166898318884836,0.8737712739384442,1.314607958462364,0.2693987941355735,0.9076755778323239,0.9289097091054778,0.40080922039339545,0.4262549945542361,0.5044514846304345,0.5287024850299109,0.8534167338468357,0.8917687193845923,1.2752663898142582,1.3542357764419735,0.22611825110289052,0.32055294727122846,0.30100000000000005
0.7,0.9192766599950841,0.1771112778296734,0.4132238814262589,0.5161665461409293,0.8739027124750155,1.313252371421549,0.2690778000163862,0.9080412748622156,0.9292754061353695,0.4005667493054938,0.42599744724845184,0.5039366960379309,0.5281717371562248,0.8534861873061466,0.8919558614369147,1.2740228837550116,1.3527642357711096,0.225629239080084,0.320435914711123,0.30000000000000004
0.701,0.9196423570249758,0.17684635463964268,0.41297420302658455,0.5156432603933749,0.874035070146549,1.3119006519614491,0.26875465877934523,0.9084508869297142,0.9295948991151738,0.40032467022252366,0.4257402450850687,0.5034372841303486,0.5276248135881376,0.8536116745172462,0.8920796186637382,1.27282474358178,1.3512506962674151,0.22539311728348832,0.32004975214626213,0.29900000000000004
0.702,0.9200080540548675,0.17658143144961194,0.4127250242980387,0.5151199746458207,0.8741683566279845,1.3105527835539423,0.26842934880916935,0.9088607757366115,0.9299141153555796,0.40008401410529665,0.42548256419411934,0.5029380165300916,0.5270777457127251,0.8537385981264354,0.8922036581163659,1.2716304812183183,1.349741004402903,0.2251566829546053,0.31965958443981174,0.29800000000000004
0.703,0.9203737510847592,0.1763165082595812,0.4124763437421637,0.5145966888982664,0.8743025817305258,1.3092087497649492,0.2681018481994641,0.9092709448740537,0.9302330512654402,0.39984318213828257,0.4252261154632633,0.5024388946281231,0.526530532139024,0.8538669818898352,0.8923279741466275,1.270440085606202,1.3482351381548736,0.22491994646139357,0.3192653555368529,0.29700000000000004
0.704,0.9207394481146509,0.1760515850695505,0.4122281598664877,0.514073403150712,0.874437755404049,1.3078685342537655,0.2677721347478009,0.9096589842271263,0.9305752614659106,0.3996026106784969,0.42497052397900975,0.5019320962040178,0.5259913945921996,0.8539678182305535,0.8924862668458123,1.26923200123434,1.346756821714307,0.22455164364154928,0.3190046797316616,0.29600000000000004
0.705,0.9211051451445426,0.17578666187951975,0.41198047118449443,0.5135501174031577,0.8745738877395605,1.3065321207724008,0.2674401859507032,0.9100470950482743,0.9309174001983057,0.39936252401559863,0.4247154370212822,0.5014253710262491,0.5254521837990387,0.8540695158784306,0.8926455318488796,1.2680274706549013,1.3452825792900696,0.224181217710536,0.31874183519891397,0.29500000000000004
0.706,0.9214708421744343,0.17552173868948903,0.4117332762155938,0.5130268316556034,0.8747109889717087,1.3051994931649211,0.26710597899852273,0.9104352778108229,0.9312594669893004,0.3991229207030856,0.42446085308547066,0.500918719228441,0.5249128996259173,0.8541720862518497,0.8928057773744338,1.266826481108913,1.3438123911356066,0.22380865372345377,0.31847679170417414,0.29400000000000004
0.707,0.921836539204326,0.1752568154994583,0.41148657348509254,0.512503545908049,0.8748490694813482,1.3038706353667977,0.26676949077021855,0.9108009748407145,0.931625164019192,0.3988832562501392,0.4242074684371793,0.5004042669049629,0.5243818154832055,0.8542460137894314,0.893001300964822,1.2656072914856997,1.3423701597504398,0.2233004724363725,0.318349573534518,0.29300000000000004
0.708,0.9222022362342177,0.17499189230942758,0.41124036152416416,0.5119802601604948,0.874988139798161,1.3025455314042624,0.26643069782802153,0.9111666718706063,0.9319908610490838,0.3986440776828973,0.42395457809660025,0.49988986313661987,0.523850682785359,0.8543205639542054,0.8931981544692782,1.2643915257276055,1.3409320290074678,0.2227887085317757,0.318221636161491,0.29200000000000004
0.709,0.9225679332641094,0.17472696911939684,0.4109946388698206,0.5114569744129405,0.8751282106033323,1.3012241653936663,0.2660895764119953,0.9115323689004979,0.9323565580789754,0.3984053835300246,0.42370218061431236,0.4993755080691587,0.5233195013866304,0.8543957443807612,0.8933963515250868,1.263179169835778,1.339497981031012,0.22227332422724808,0.3180929734768697,0.29100000000000004
0.71,0.9229336302940011,0.1744620459293661,0.41074940406488286,0.5109336886653861,0.8752692927322862,1.2999065215408467,0.26574610243447894,0.9118980659303897,0.9327222551088672,0.3981671723008022,0.42345027456501605,0.4988612021023468,0.5227882708872524,0.8544715608845743,0.8935959077572387,1.2619702082199562,1.3380679998016065,0.22175427440005993,0.31796358775626743,0.29000000000000004
0.711,0.9232993273238927,0.17419712273933538,0.4105046556579524,0.5104104029178318,0.8754113971774778,1.2985925841404962,0.26540025147441954,0.9122637629602813,0.9330879521387588,0.3979294425499408,0.42319885850032823,0.4983469452436394,0.5222569912797701,0.8545480224048809,0.8937968362018357,1.26076462801241,1.336642066620953,0.2212315238650364,0.3178334682028679,0.28900000000000003
0.712,0.9236650243537845,0.17393219954930464,0.4102603922033821,0.5098871171702775,0.8755545350912511,1.29728233757554,0.26505199877158153,0.9126294599901731,0.9334536491686506,0.39769219283472623,0.42294793097980043,0.49783273753406004,0.5217256625231597,0.854625137781638,0.8939991502973695,1.259562416181549,1.3352201631442653,0.2207050361317926,0.31770260488422297,0.28800000000000003
0.713,0.9240307213836761,0.17366727635927393,0.4100166122612483,0.5093638314227231,0.8756987177887544,1.2959757663165163,0.26470131922064055,0.9129951570200647,0.9338193461985422,0.3974554217073305,0.4226974905765385,0.4973185791252244,0.5211942844658055,0.8547029151500007,0.8942028644530987,1.2583635590456832,1.333802271889908,0.22017477123322216,0.31757099141682066,0.28700000000000003
0.714,0.9243964184135679,0.17340235316924318,0.4097733143973221,0.5088405456751688,0.8758439567509227,1.2946728549209634,0.26434818736514715,0.9133608540499565,0.934185043228434,0.39721912772572837,0.4224475358692125,0.4968044701702476,0.5206628569545926,0.8547813627766807,0.8944079932795831,1.2571680430011711,1.332388375472881,0.2196406886329253,0.31743862134432443,0.28600000000000003
0.715,0.9247621154434595,0.17313742997921244,0.4095304971830416,0.5083172599276145,0.8759902636275259,1.2933735880328106,0.26399257739137,0.9137265510798481,0.9345507402583256,0.39698330945366883,0.42219806544202976,0.4962904108237609,0.5201313798348897,0.8548604890625509,0.8946145515922334,1.2559758545219106,1.3309784566041083,0.2191027472150721,0.3173054881365487,0.28500000000000003
0.716,0.9251278124733513,0.17287250678918173,0.4092881591954836,0.5077939741800602,0.8761376502402821,1.2920779503817756,0.26363446312200245,0.9140922481097399,0.9349164372882174,0.39674796542829033,0.42194907790857905,0.49577640156792474,0.5195998526245362,0.8549402999597786,0.8948225568186329,1.254786978113674,1.3295725002386418,0.2185608960506943,0.3171715966486856,0.28400000000000003
0.717,0.9254935095032429,0.172607583599151,0.40904629901733625,0.5072706884325059,0.8762861285860436,1.2907859267827657,0.26327381800974226,0.9144731944511084,0.9352661113204138,0.39651309628319836,0.42170048047306935,0.49526776524951055,0.5190626824115564,0.8550410155074792,0.8950083871411889,1.2536160502957099,1.3281543906691935,0.21810943173289127,0.3169377767191866,0.28300000000000003
0.718,0.9258592065331347,0.17234266040912027,0.4088049152368706,0.5067474026849516,0.8764357108400513,1.2894975021352852,0.262910615130728,0.9148462003225956,0.9356241286886883,0.396279204891664,0.4214518818669715,0.4947564072912835,0.5185283744640579,0.8551319455331422,0.8952079369195226,1.2524407771724726,1.3267485990477985,0.21760545106735737,0.3167541621893764,0.28200000000000003
0.719,0.9262249035630263,0.17207773721908953,0.4085640064479141,0.5062241169373972,0.8765864093592625,1.2882126614228462,0.2625448271778422,0.9152194108638394,0.935981932231156,0.3960477207216075,0.4212017413081607,0.4942451710207315,0.5179939416328465,0.8552239223149497,0.8954085787857903,1.251268980401714,1.3253465000376687,0.21709912288606859,0.31656796715495356,0.281
0.72,0.9265906005929181,0.17181281402905882,0.40832357124982277,0.5057008311898429,0.8767382366857542,1.2869313897123862,0.26217642645386396,0.9156457082416373,0.9362839753704927,0.39581332531497115,0.4209552938613078,0.4937525158062238,0.5174399945025182,0.855387814821824,0.8955274464247338,1.2501515540338881,1.32389219598155,0.216920760826034,0.3160317142130431,0.28
0.721,0.9269562976228097,0.17154789083902808,0.40808360824745393,0.5051775454422885,0.8768912055502025,1.285653672153689,0.26180538486448124,0.9160342580136451,0.9366256751520279,0.39558203347019855,0.4207067288014501,0.4932467348984218,0.5168998394393906,0.8555021996586357,0.8957065677947103,1.2490010729283352,1.3224816449718533,0.21650441303440268,0.3157405253257522,0.279
0.722,0.9273219946527015,0.17128296764899736,0.4078441160511397,0.5046542596947343,0.8770453288754415,1.284379493978811,0.2614316739111457,0.9164458857559354,0.9369431524570406,0.3953492849390987,0.4204606412081343,0.4927490607428848,0.5163511781192582,0.8556489353288985,0.8958503100850247,1.2478761605230972,1.3210504856597176,0.21622971768041688,0.3152949970936622,0.278
0.723,0.9276876916825931,0.17101804445896662,0.40760509327665967,0.50413097394718,0.8772006197801017,1.283108840501512,0.2610552646837793,0.9168346617930466,0.9372846259734725,0.39511770089436715,0.42021436343071294,0.49224346081092574,0.5158108420802876,0.855765639632305,0.8960315233513555,1.2467324106025455,1.3196473762555634,0.2158091092643517,0.31499768576700937,0.277
0.724,0.9280533887124849,0.17075312126893588,0.4073665385452146,0.5036076881996256,0.8773570915823333,1.281841697116692,0.2606761278533156,0.9172003588229384,0.9376503230033643,0.39488607717781504,0.41996921265519055,0.4917298559289818,0.5152789104960418,0.8558515605140836,0.8962510911806806,1.2455695204380233,1.3182725861995808,0.21523978853797188,0.3148515920833549,0.276
0.725,0.9284190857423765,0.17048819807890517,0.4071284504833997,0.5030844024520713,0.8775147578036127,1.2805780492998298,0.26029423366408533,0.9175892113294897,0.937991720050356,0.3946547348124126,0.4197245895760926,0.49122438501387206,0.5147384454402217,0.8559701289260736,0.8964350244947574,1.2444322602647122,1.3168770397838871,0.21481297787441636,0.3145500429689493,0.275
0.726,0.9287847827722683,0.17022327488887443,0.4068908277231784,0.502561116704517,0.8776736321726387,1.2793178826064302,0.25990955192602816,0.9179549083593814,0.9383574170802478,0.39442470536083934,0.41947967699430083,0.4907108827995732,0.5142064111883308,0.8560576357565093,0.8966577141657849,1.2432757438496314,1.315509864256632,0.2142357687193976,0.3144014347601839,0.274
0.727,0.9291504798021599,0.1699583516988437,0.40665366890185606,0.5020378309569626,0.8778337286293164,1.2780611826714718,0.25952205200674017,0.9183206053892731,0.9387231141101394,0.39419445981011897,0.4192359362105276,0.4901974322775666,0.5136743252441476,0.8561459297584597,0.8968820291381143,1.242122398162897,1.314146466347729,0.21365420535006321,0.31425192662976714,0.273
0.728,0.9295161768320517,0.16969342850881297,0.40641697266205384,0.5015145452094083,0.8779950613288355,1.2768079352088622,0.2591317028233394,0.9187328449269365,0.9390399796197788,0.39396639711138415,0.4189906005378942,0.48970028007815475,0.5131251419678898,0.8562996878781401,0.89703241420323,1.2410173486508729,1.3127374458236294,0.21336670758297008,0.31378697360203517,0.272
0.729,0.9298818738619433,0.16942850531878223,0.40618073765168317,0.500991259461854,0.8781576446458413,1.2755581260108961,0.25873847283415746,0.9191219300780258,0.9393811440222326,0.3937367934749611,0.41874794440368557,0.4891950974911061,0.5125843885840089,0.8564223823122061,0.8972216747667191,1.2398930127365368,1.3113567353141586,0.21292803273979358,0.3134756252710612,0.271
0.73,0.9302475708918351,0.16916358212875152,0.4059449625239196,0.5004679737142997,0.8783214931787051,1.2743117409477194,0.25834233003024043,0.9195346398624978,0.9396975392850636,0.3935079541536095,0.4185050745257611,0.48869821351947346,0.5120349370799723,0.8565794284892067,0.8973734758470835,1.238794828177462,1.3099546163857045,0.2126381749782058,0.31300160805826327,0.27
0.731,0.9306132679217267,0.16889865893872077,0.40570964593717707,0.4999446879667454,0.8784866217538934,1.2730687659667945,0.25794324192666646,0.919923962658266,0.9400384660428385,0.3932810970115538,0.4182618379622461,0.48819321832867896,0.5114939962998369,0.856704679218656,0.8975650162773967,1.2376770313988468,1.308581077819784,0.2121948757304981,0.3126835444400589,0.269
0.732,0.9309789649516185,0.16863373574869006,0.40547478655508334,0.49942140221919107,0.8786530454304401,1.271829187092375,0.2575411755536624,0.9203394442698162,0.9403519796059924,0.3930547024875216,0.41801831103352116,0.4876974067074588,0.5109434340929324,0.8568684030494391,0.8977144152247468,1.2365879127085,1.3071833420384504,0.2119174578879986,0.3121845819244806,0.268
0.733,0.9313446619815102,0.16836881255865932,0.4052403830464536,0.49889811647163673,0.878820779504525,1.27059299042498,0.25713609744752725,0.9207747027535006,0.9406447915359698,0.39282763466175846,0.41777649990232296,0.48720855131352586,0.5103855928589109,0.8570623419778775,0.8978314577493768,1.2355213729064063,1.3057680860727958,0.21176538718173232,0.31154726485892076,0.267
0.734,0.9317103590114019,0.1681038893686286,0.4050064340852661,0.4983748307240824,0.8789898395141594,1.2693601621408745,0.25672797364134636,0.9211403997833922,0.9410104885658614,0.39260067747058025,0.4175358766640129,0.4866954676807585,0.5098531400254885,0.8571569164969758,0.8980667726161404,1.2343897926131444,1.3044308219531109,0.2111600042212249,0.31138237440406263,0.266
0.735,0.9320760560412936,0.16783896617859786,0.40477293835063666,0.4978515449765281,0.8791602412439861,1.268130688491556,0.25631676965549577,0.9215786999582017,0.9413001489321146,0.3923732058226397,0.41729638250184337,0.4862077801771774,0.5092940925486602,0.8573585495481595,0.8981804891628518,1.2333325822384922,1.3030195167867158,0.21102275381528932,0.3107170893861313,0.265
0.736,0.9324417530711853,0.16757404298856715,0.404539894526794,0.4973282592289738,0.8793320007301898,1.2669045558032408,0.2559024504879346,0.9219443969880934,0.9416658459620062,0.3921496404343632,0.41705443832420785,0.4856948028560073,0.5087615334036406,0.8574550278833514,0.8984191066674952,1.2322071105728996,1.3016895781618143,0.21041018670370243,0.31054760763222616,0.264
0.737,0.932807450101077,0.1673091197985364,0.40430730130305553,0.4968049734814195,0.8795051342655303,1.2656817504763596,0.2554849806042699,0.9223647135589854,0.9419743643349445,0.391925010010935,0.416813437783799,0.4852009446380492,0.5082089618628105,0.857633300321123,0.8985656474666068,1.231138465256895,1.3003047153286114,0.2101505019690001,0.30999908963350803,0.263
0.738,0.9331731471309687,0.16704419660850567,0.40407515737380156,0.49628168773386516,0.8796796584044926,1.2644622589850525,0.25506432392760053,0.9227491615928873,0.9423204359580584,0.3917022669687519,0.416571991740246,0.48469461968166766,0.507669445131381,0.8577596438598475,0.8987752929067621,1.2300375466540276,1.2989619157450871,0.20965310971095344,0.3096954281348956,0.262
0.739,0.9335388441608604,0.16677927341847495,0.40384346143845196,0.4957584019863109,0.8798555899685647,1.2632460678766717,0.254640443828121,0.9231890143711822,0.9426085437208264,0.3914768848101861,0.41633394548004576,0.4842076885566979,0.5071096412759414,0.8579705150485151,0.8988899458979654,1.2289944217006021,1.2975631653148523,0.2095160167213056,0.3090044406127293,0.261
0.74,0.9339045411907521,0.1665143502284442,0.40361221220144183,0.49523511623875655,0.8800329460516416,1.2620331637712865,0.2542133031124921,0.9235796076578107,0.9429481999877409,0.3912534038771374,0.4160950741315609,0.4837036169541888,0.5065677769075209,0.85810873495516,0.8990916770258648,1.2279056671222661,1.2962209139239487,0.20905266714152815,0.3086518984800474,0.26
0.741,0.9342702382206438,0.1662494270384135,0.40338140837219616,0.49471183049120215,0.8802117440255629,1.2608235333611928,0.25378286401295824,0.9239953679360926,0.943261544756762,0.39102896419728805,0.41585798549860964,0.48320838445616826,0.5060166739298715,0.8582866778060017,0.8992504674735795,1.2268448933714204,1.2948551078172317,0.2087517315587219,0.30812098511745734,0.259
0.742,0.9346359352505355,0.16598450384838276,0.4031510486651077,0.4941885447436478,0.8803920015457838,1.2596171634104252,0.25334908817621915,0.9243862334006714,0.9436009288457263,0.3908058403331842,0.41562055726774,0.4827045165437974,0.5054746058713128,0.8584279269600851,0.8994546764535722,1.2257624443381099,1.293519659076351,0.20828339762408246,0.30776054567775635,0.258
0.743,0.9350016322804272,0.16571958065835202,0.4029211317995114,0.4936652589960936,0.8805737365571877,1.258414040754276,0.2529119366520342,0.9247519304305631,0.9439666258756181,0.39058288045312356,0.41538398932961274,0.4821919179115404,0.5049416680373802,0.8585314728507115,0.8997054750660305,1.224657974801651,1.292214883384512,0.20764419778875598,0.3075743135019873,0.257
0.744,0.9353673293103189,0.1654546574683213,0.4026916564996615,0.49314197324853926,0.8807569673000413,1.2572141522988156,0.252471369881567,0.9251436993951306,0.9443050698403938,0.3903613171216707,0.41514673232724164,0.4816884748821395,0.5043991623116997,0.8586764013519852,0.8999115381321245,1.223582371392269,1.2908855210356176,0.20717387191475817,0.3072025905171057,0.256
0.745,0.9357330263402106,0.16518973427829056,0.4024626214947081,0.4926186875009849,0.880941712316097,1.2560174850204169,0.2520273476854486,0.9255339386660822,0.9446451167471851,0.39013860766914416,0.41491157982814164,0.481184553291642,0.5038571607154193,0.8588202105327593,0.9001220076374984,1.2225082116532595,1.2895613132545098,0.2066895346623133,0.3068388686049377,0.255
0.746,0.9360987233701022,0.16492481108825985,0.4022340255186728,0.4920954017534306,0.8811279904548479,1.2548240259652845,0.25157982925156597,0.9259171434020501,0.9449925186507072,0.3899167221986786,0.41467649859887007,0.480678231562252,0.5033176711193584,0.8589542782860483,0.9003468852612828,1.2214300069060438,1.2882481827991705,0.20615409222210898,0.30652236893669516,0.254
0.747,0.936464420399994,0.1646598878982291,0.40200586731042665,0.49157211600587625,0.8813158208799392,1.253633762248988,0.25112877312255333,0.9263039594949933,0.9453361489663806,0.3896959945370863,0.4144410835729076,0.480173225919104,0.502776809506392,0.8590951943519408,0.9005670396115873,1.2203583292591336,1.2869346356901665,0.20563872399554725,0.30617762364856904,0.253
0.748,0.9368301174298856,0.1643949647081984,0.4017781456136658,0.4910488302583219,0.8815052230757395,1.2524466810559969,0.2506741371829935,0.9266820187121159,0.9456889298680211,0.3894752519982746,0.4142066190835819,0.4796652192866987,0.5022390863123134,0.8592234866185108,0.9008050035503485,1.2192808513494433,1.2856340045824455,0.2050599574866026,0.30589301123786494,0.252
0.749,0.9371958144597774,0.16413004151816765,0.4015508591768891,0.49052554451076763,0.88169621685408,1.2512627696392222,0.2502158786463052,0.9270477157420076,0.9460546268979129,0.3892546927394484,0.41397291329366626,0.4791529534031369,0.5017058157296856,0.8593333702306184,0.9010675291953579,1.2181939753159234,1.2843501551433916,0.20439249317230146,0.305695305481603,0.251
0.75,0.937561511489669,0.16386511832813694,0.40132400675337493,0.4900022587632133,0.8818888223611607,1.2500820153195586,0.24975395404132383,0.9274134127718993,0.9464203239278045,0.38903456259791563,0.41373964527095747,0.4786407436712362,0.5011724889953966,0.8594443192629467,0.9013321658012808,1.2171099995909165,1.283069732047589,0.20371954832267017,0.3054962370398119,0.25
0.751,0.9379272085195608,0.1636001951381062,0.4010975871011585,0.489478973015659,0.8820830600846369,1.248904405485434,0.24928831919855102,0.927779109801791,0.9467860209576963,0.3888148602904178,0.41350681381069243,0.47812859073272024,0.5006391054677227,0.8595563447489905,0.9015989427417264,1.2160289112695075,1.281792722987621,0.20304104179231525,0.3052958091518719,0.249
0.752,0.9382929055494524,0.16333527194807546,0.4008715989830091,0.4889556872681047,0.8822789508608815,1.247729927592357,0.24881892923607887,0.9281704437836402,0.9471249365293901,0.3885976027980444,0.41327301634900016,0.477625443309103,0.5000963169204103,0.8597103018338828,0.9018205732451605,1.2149762056031492,1.2804914984074935,0.20253381714808288,0.3049063297391793,0.248
0.753,0.9386586025793442,0.16307034875804474,0.40064604116640784,0.4884324015205504,0.8824765158824383,1.2465585691624756,0.24834573854516523,0.9285877036271323,0.9474367817332011,0.3883780383198758,0.41304071213176036,0.4771314024763771,0.49954402227746675,0.8599073382917125,0.9019958074565634,1.2139522178658912,1.2791657009080741,0.20220161603326414,0.30432358191188563,0.247
0.754,0.9390242996092358,0.162805425568014,0.40042091242352457,0.487909115772996,0.8826757767056631,1.2453903177841323,0.24786870077546408,0.9289614900313904,0.9477940323027793,0.3881600813703442,0.41280865269566996,0.4766222437396878,0.49900751990248743,0.8600359723618493,0.9022536783621407,1.2128877686467696,1.2778901631513946,0.201564923290347,0.3040563274243772,0.246
0.755,0.9393899966391276,0.1625405023779833,0.40019621153119656,0.48738583002544167,0.8828767552585663,1.2442251611114272,0.2473877688198874,0.9293450251688596,0.9481411038048003,0.3879420236394915,0.4125775252137136,0.4761165452215255,0.49846740709519877,0.8601815699039329,0.9024954555873481,1.211835879716153,1.2766074773809368,0.2009908812982941,0.30371490806258983,0.245
0.756,0.9397556936690192,0.16227557918795255,0.3999719372709053,0.48686254427788733,0.8830794738488549,1.243063086863782,0.24690289479910152,0.9297107221987513,0.948506800834692,0.38772443160182923,0.4123468690419575,0.4756046776926787,0.4979337381578558,0.8602994921487097,0.9027728548429896,1.2107690316318016,1.2753473803498414,0.20028728625596987,0.30350329268896636,0.244
0.757,0.940121390698911,0.1620106559979218,0.3997480884287556,0.4863392585303331,0.8832839551721887,1.24190408282551,0.2464140300456338,0.9301024451944933,0.9488453273924933,0.38750822092100756,0.4121155105895292,0.47510195298514823,0.49739052689445673,0.8604610275812863,0.9030033944982389,1.2097309646708854,1.274062554473942,0.1997607389886173,0.303095793752223,0.243
0.758,0.9404870877288026,0.1617457328078911,0.39952466379545276,0.48581597278277877,0.8834902223206494,1.240748136845386,0.24592112508759245,0.9305534120763941,0.9491220372141074,0.3872911735219477,0.4118856147887173,0.47461996613965685,0.49682567968236313,0.8607219182463197,0.9031227748401027,1.2087549755221516,1.2727170489186157,0.19964658177188294,0.30224202482986967,0.242
0.759,0.9408527847586944,0.16148080961786035,0.399301662166281,0.48529268703522443,0.8836982987914346,1.2395952368362244,0.24542412963197352,0.9309389449694033,0.9494670377121889,0.38707628232886915,0.4116546351625393,0.47411519697125526,0.49628461195701057,0.8608766089480264,0.9033686190835784,1.207716368018814,1.2714455338524948,0.19906899639126585,0.30187254459872126,0.241
0.76,0.941218481788586,0.16121588642782964,0.39907908234108225,0.4847694012876701,0.88390820849578,1.2384453707744554,0.24492299254755823,0.9313386310554288,0.9497972807179592,0.3868612862942831,0.4114245638414312,0.47361542666376694,0.49573833443224197,0.861056546946795,0.9035891146428684,1.2066947562382762,1.270161993076933,0.19858664393697956,0.30139358836321134,0.24
0.761,0.9415841788184778,0.1609509632377989,0.3988569231242341,0.48424611554011576,0.8841199757681207,1.237298526699708,0.24441766184737332,0.9317235052759435,0.950142976512735,0.38664567451323967,0.4111960666962897,0.4731105448369747,0.49519739214943176,0.861213194440594,0.9038403056704706,1.2056610788787383,1.2688977606408989,0.1979949428469141,0.3010226003870956,0.239
0.762,0.9419498758483695,0.16068604004776815,0.3986351833246287,0.4837228297925615,0.8843336253754939,1.2361546927143956,0.24390808467071626,0.9321410690698232,0.9504545910145578,0.386429700868238,0.41096865343522926,0.4726171328985139,0.4946444941805263,0.8614267739392759,0.9040297107030748,1.2046630005944352,1.267601402607385,0.19763101454143442,0.30040084927217015,0.238
0.763,0.9423155728782612,0.16042111685773744,0.3984138617556515,0.48319954404500715,0.8845491825271957,1.2350138569833042,0.24339420726472077,0.932508484193923,0.9508184967018419,0.3862167063333206,0.410739210712849,0.4721062754549229,0.49410978958962426,0.8615568545648281,0.9043193210656831,1.203617322676653,1.2663626051390873,0.19690538989711176,0.30015543451889243,0.237
0.764,0.9426812699081529,0.16015619366770673,0.3981929572351597,0.48267625829745286,0.884766672884698,1.2338760077331845,0.2428759749654537,0.93289013666532,0.9511675607425343,0.3860025017466326,0.4105118209443971,0.47160044726374223,0.49356984480780924,0.8617126057234833,0.9045833176742398,1.202588698784946,1.2651116284113215,0.19627577378544894,0.2997992543581814,0.236
0.765,0.9430469669380446,0.15989127047767598,0.3979724685854614,0.48215297254989853,0.88498612257183,1.232741133252346,0.24235333217853375,0.9332668300130057,0.9515217944960858,0.38578895769944177,0.4102846125283095,0.47109294780809874,0.49303164479932915,0.8618612684967145,0.9048595145524418,1.2015578236872524,1.2638692551208075,0.19560497479109007,0.29947822542015523,0.235
0.766,0.9434126639679363,0.15962634728764524,0.3977523946332952,0.4816296868023442,0.8852075581852411,1.2316092218902563,0.24182622235924647,0.9336595863062128,0.9518592877564219,0.38557589923786917,0.4100576694043456,0.47059111537685444,0.49248754125964384,0.8620390875426533,0.9051061575389946,1.2005458217588842,1.2626127075270652,0.19504474703353678,0.2990306095085068,0.23399999999999999
0.767,0.943778360997828,0.15936142409761453,0.3975327342098084,0.48110640105478986,0.885431006805145,1.230480262057142,0.24129458799215464,0.9340252833361045,0.9522249847863136,0.38536283865893317,0.4098316985248964,0.47007989787001325,0.49195322230029515,0.8621717310641277,0.9054090807140023,1.1995093400575632,1.2613886554868958,0.19428285341134502,0.29878887361038914,0.23299999999999998
0.768,0.9441440580277197,0.1590965009075838,0.3973134861505371,0.4805831153072355,0.8856564960063603,1.2293542422235935,0.24075837057017363,0.9343909803659962,0.9525906818162053,0.3851501855449629,0.4096061438379352,0.46956874119417263,0.491418842509946,0.8623057514601201,0.9057146469275372,1.1984755689216717,1.2601677838431926,0.1935142181060958,0.29854532668181083,0.23199999999999998
0.769,0.9445097550576114,0.15883157771755307,0.39709464929538535,0.4800598295596812,0.8858840538696539,1.2282311509201709,0.240217510573111,0.9347765641886151,0.9529356542748019,0.3849378228099163,0.40938103450129787,0.4690645873151468,0.49087716748531246,0.8624757518473524,0.9059829089876149,1.1974644749779486,1.2589285766645153,0.19288496841635877,0.29814409024547667,0.23099999999999998
0.77,0.9448754520875031,0.15856665452752233,0.3968762224886047,0.47953654381212696,0.8861137089933995,1.227110976737017,0.23967194744563863,0.935149542175407,0.9532937636201211,0.3847264956867534,0.4091557362590248,0.4685560943371041,0.49034001692989526,0.8626253306018916,0.9062790907368056,1.196443398305763,1.2577061695936127,0.19215714616027513,0.2978386494608588,0.22999999999999998
0.771,0.9452411491173948,0.1583017313374916,0.3966582045787737,0.4790132580645726,0.8863454905055578,1.225993708323469,0.23912161957469538,0.9355152392052987,0.9536594606500127,0.3845150555165151,0.4089314258470068,0.46804512125631437,0.48980545354449523,0.8627636965663955,0.9065926490150511,1.1954176890092212,1.2564947764702312,0.1913688567783318,0.297588306683756,0.22899999999999998
0.772,0.9456068461472865,0.15803680814746088,0.39644059441877777,0.4784899723170183,0.8865794280759934,1.2248793343876767,0.23856646426628722,0.9359082134693573,0.9539967359394974,0.3843044123249631,0.4087069896322735,0.4675437313387694,0.48926090749111056,0.8629514002758017,0.9068535619326571,1.1944220450851462,1.2552570433066326,0.19077690335508013,0.2971190492829099,0.22799999999999998
0.773,0.9459725431771782,0.15777188495743014,0.39622339086578945,0.47796668656946395,0.8868155519291346,1.22376784369622,0.23800641772168213,0.9362751155595112,0.9543611775508523,0.3840970591978035,0.4084801045239062,0.4670333025665951,0.4887257822188865,0.8630949312467723,0.9071701142777021,1.1934028684362412,1.2540506081244922,0.18998448883133295,0.29685396946675235,0.22699999999999998
0.774,0.9463382402070699,0.15750696176739942,0.39600659278124783,0.4774434008219096,0.8870538928569924,1.2226592250737338,0.237441415012965,0.9367221063678888,0.954642197641812,0.383885813585727,0.40825765892167554,0.46655089240725595,0.48816147497602475,0.863382225995864,0.9073249070364939,1.1924668759376191,1.2527607077097875,0.1897865456677975,0.2959446282389018,0.22599999999999998
0.775,0.9467039372369616,0.15724203857736868,0.39579019903083884,0.4769201150743553,0.8872944822325446,1.221553467402531,0.23687139005794866,0.9371433690981651,0.9549500399588383,0.3836756400324419,0.40803510413600874,0.46605956420558636,0.4876064677020247,0.8636268247091078,0.9075338609967442,1.1915077417465945,1.2515016664566216,0.18939176409387162,0.29523517666394156,0.22499999999999998
0.776,0.9470696342668533,0.15697711538733794,0.39557420848447566,0.476396829326801,0.8875373520235048,1.2204505596222337,0.2362962755944049,0.9375238269192124,0.9553003718982797,0.3834683520163236,0.40781150233823854,0.46555405537513145,0.4870662291277872,0.8638000206424116,0.9078299299862221,1.1905101089846555,1.2502899034928074,0.1886853637871593,0.2948483395535052,0.22399999999999998
0.777,0.947435331296745,0.15671219219730723,0.3953586200162788,0.47587354357924666,0.8877825348064806,1.2193504907294015,0.2357160031536101,0.9379791831111112,0.9555727656582953,0.3832587972802156,0.40758775139836817,0.4650747539436927,0.48649872206994443,0.8641120931095633,0.9079707459404815,1.1895907851743035,1.2489999886792402,0.18853854685183344,0.2938532879882626,0.22299999999999998
0.778,0.9478010283266367,0.1564472690072765,0.3951434325045569,0.4753502578316924,0.8880300637815416,1.2182532497771679,0.23513050303316801,0.9384099738005206,0.9558707503983918,0.38305077742598387,0.40736642070255635,0.4645869410583063,0.48594008442229625,0.8643825808965556,0.9081644698812583,1.1886493545829,1.2477397151364233,0.18820257602811558,0.29304969946234743,0.22199999999999998
0.779,0.9481667253565284,0.15618234581724577,0.3949286448317866,0.47482697208413804,0.8882799727872042,1.2171588258748758,0.2345397042691025,0.938776014933336,0.9562360895912848,0.38284421302083743,0.4071436031362395,0.4640765902588854,0.48540489396147046,0.8645350661590862,0.9084987259341251,1.187644940066999,1.246552836606729,0.18737178283393757,0.29276459161389384,0.22099999999999997
0.78,0.9485324223864201,0.15591742262721503,0.3947142558845938,0.4743036863365837,0.8885322963158548,1.216067208187718,0.23394353460718137,0.9392277671380683,0.9565123116616902,0.38263561997602963,0.40692336270061547,0.4635962225293358,0.4848385315046675,0.8648504427091465,0.9086509247064021,1.1867300770002527,1.2452758038247298,0.18718574610745062,0.29177907909058,0.21999999999999997
0.781,0.9488981194163117,0.15565249943718432,0.39450026455373444,0.47378040058902937,0.8887870695296187,1.2149783859363785,0.23334192047346236,0.93959346416796,0.9568780086915818,0.3824282585928939,0.4067030110775203,0.4630858805419407,0.4843033370258727,0.8650059385516936,0.9089916262370361,1.1857304513335214,1.2440954006915645,0.1863404235205981,0.2914880656249036,0.21899999999999997
0.782,0.9492638164462035,0.15538757624715357,0.3942866697340748,0.47325711484147504,0.8890443282766953,1.2138923483966797,0.23273478694402067,0.9399880435982197,0.9572136879709151,0.382222356606579,0.40648183010447086,0.46258568503012887,0.4837575997627928,0.8652182849915695,0.9092722613927623,1.1847627519466402,1.2428865745662465,0.1857086291513877,0.29095755671869794,0.21799999999999997
0.783,0.9496295134760951,0.15512265305712286,0.39407347032457324,0.4727338290939207,0.8893041091081725,1.2128090848992275,0.2321220577138473,0.9404418367191923,0.9574878462349551,0.3820153574421264,0.4062623386497922,0.46210622384355343,0.48319032277292084,0.8655467843492796,0.9094249966732575,1.183857862425298,1.2416162770982333,0.1855256815402015,0.28993515475166304,0.21699999999999997
0.784,0.9499952105059869,0.15485772986709212,0.3938606652282605,0.4722105433463665,0.8895664492953402,1.2117285848290649,0.2315036550648755,0.9408075337490841,0.9578535432648468,0.3818096003542801,0.4060427309404261,0.46159607691657406,0.4826549332337105,0.865707948882239,0.9097746229336522,1.1828658818631896,1.2404449237936501,0.18466136607686012,0.2896311802254868,0.21599999999999997
0.785,0.9503609075358785,0.15459280667706138,0.3936482533522216,0.47168725759881214,0.8898313868475154,1.2106508376253229,0.2308794998331231,0.9412028020672988,0.9581885245001752,0.38160400670998534,0.4058236340172227,0.4610963179572317,0.4821087562221232,0.8659285547409344,0.9100615541951982,1.1819065662232522,1.2392443264814386,0.18401781108924806,0.28907925705814963,0.21499999999999997
0.786,0.9507266045657703,0.15432788348703066,0.3934362336075765,0.4711639718512578,0.8900989605304014,1.209575832780878,0.2302495113749052,0.9415982038351992,0.9585233722858181,0.3813986663330496,0.4056050737444607,0.4605966720145326,0.48156246619389265,0.8661517294814012,0.9103509564448863,1.1809499270072157,1.2380465527766664,0.1833691335690183,0.2885211873676981,0.21399999999999997
0.787,0.9510923015956619,0.15406296029699992,0.3932246049094621,0.47064068610370347,0.8903692098849962,1.20850355984201,0.2296136075321036,0.9419828788667232,0.9588693634081087,0.38119365267023947,0.4053870152467056,0.46009334810616964,0.48101999955105124,0.8663560788628752,0.9106673907573801,1.1799848843046499,1.236863423871451,0.1826305978114529,0.28804767932906833,0.21299999999999997
0.788,0.9514579986255537,0.1537980371069692,0.3930133661770131,0.47011740035614913,0.8906421752470732,1.207434008408063,0.2289717045964449,0.9423894134973764,0.9591926617307273,0.3809891321720538,0.40516914858389125,0.45959772125414283,0.480469545012423,0.8666059731380891,0.9109372918247366,1.1790446512428672,1.2356594187399836,0.18205620537766387,0.287386154517484,0.21199999999999997
0.789,0.9518236956554453,0.15353311391693847,0.3928025163333442,0.4695941146085948,0.8909178977672485,1.2063671681311094,0.22832371727277095,0.9427852243492074,0.9595271004324393,0.3807862268333257,0.40495044482374976,0.45909841815123426,0.4799229121444019,0.8668371303152376,0.9112342924224035,1.178095999611342,1.2344700318232538,0.18139182511426308,0.2868089908764432,0.21099999999999997
0.79,0.9521893926853371,0.15326819072690773,0.3925920543055314,0.4690708288610405,0.8911964194316645,1.2053030287156166,0.227669558641252,0.9432152330654276,0.9598260594227732,0.38058291652438253,0.4047327882595768,0.45861111962675155,0.47936382725264637,0.8671399528241747,0.9114552303852361,1.1771848087673253,1.2332462506431177,0.1809903715690307,0.28593718217385067,0.20999999999999996
0.791,0.9525550897152288,0.153003267536877,0.39238197902459393,0.46854754311348623,0.8914777830833016,1.2042415799181148,0.22700914011852233,0.9436384830229195,0.9601320518533333,0.3803800530005646,0.4045155013860437,0.4581215297441614,0.4788071296001359,0.8674326379338616,0.9116936962737777,1.1762692621673059,1.2320327209902144,0.18053056221427963,0.2851153261522107,0.20899999999999996
0.792,0.9529207867451205,0.1527383443468463,0.3921722894254763,0.4680242573659319,0.8917620324439482,1.2031828115468692,0.22634237141769,0.9440350065246583,0.9604657779051373,0.3801763742567278,0.4042999661690638,0.4576226790783576,0.4782600442950098,0.8676736079780111,0.9119970407744896,1.1753288572521707,1.2308512760918322,0.17985404368381813,0.28451348770403506,0.20799999999999996
0.793,0.9532864837750122,0.15247342115681556,0.39196298444702976,0.46750097161837756,0.8920492121368515,1.2021267134615539,0.2256691605071873,0.9444007035545501,0.9608314749350291,0.3799734693785235,0.4040845269058037,0.4571131364769079,0.4777240504302698,0.8678533165075313,0.9123761589740002,1.1743593454654566,1.2297063958215804,0.17892562933157904,0.2841695430919986,0.20699999999999996
0.794,0.9536521808049039,0.15220849796678482,0.39175406303199534,0.4669776858708232,0.8923393677100684,1.2010732755729268,0.2249894135684278,0.9447973744900301,0.9611650535530921,0.37977082262094497,0.4038694808136994,0.456614474527519,0.4771767764087291,0.8680994307098486,0.9126857227178462,1.1734240239385385,1.228530557497407,0.1782358585288658,0.28355608501832397,0.20599999999999996
0.795,0.9540178778347956,0.1519435747767541,0.3915455241269849,0.4664544001232689,0.8926325456605505,1.20002248784251,0.22430303495221646,0.9451630715199218,0.9615307505829839,0.3795695852154004,0.4036538587374506,0.456105069912964,0.4766406445570942,0.8682834781063304,0.913072204834684,1.1724594292205424,1.2273914040638039,0.17729037504549366,0.28320440727283064,0.20499999999999996
0.796,0.9543835748646873,0.15167865158672336,0.3913373666824647,0.46593111437571455,0.8929287934589815,1.1989743402822703,0.22360992713388594,0.945591165543341,0.9618317616068676,0.37936808095313485,0.4034390561990446,0.45561751532989275,0.47608186366449584,0.868600733873233,0.9133131995414542,1.1715612144651966,1.2261869715325664,0.1768391899099179,0.2823075887634641,0.20399999999999996
0.797,0.954749271894579,0.15141372839669265,0.3911295896527366,0.4654078286281603,0.8932281595754037,1.1979288229543024,0.2229099906670984,0.9459856493541345,0.9621676234881416,0.37916714010734986,0.40322457164212067,0.45511829885071714,0.47553517773114024,0.8688504330856297,0.913637558988053,1.1706310047802453,1.22502208185465,0.1761107841719039,0.28169530608565385,0.20299999999999996
0.798,0.9551149689244707,0.1511488052066619,0.39092219199592115,0.46488454288060593,0.893530693505653,1.1968859259705145,0.22220312413628382,0.9463855673298597,0.9624978589274352,0.37896634777006016,0.4030106875054516,0.45462104982138574,0.47498645723114363,0.8691144822222266,0.9139520765798792,1.1697088023536681,1.2238540874144608,0.17541916313286318,0.2810295593104283,0.20199999999999996
0.799,0.9554806659543624,0.15088388201663117,0.3907151726739402,0.46436125713305165,0.8938364457986414,1.1958456394923185,0.22148922410764965,0.9467830018203781,0.9628306739904601,0.37876567957909696,0.40279745773480446,0.4541230046073798,0.47443856647421995,0.8693761634519838,0.9142758880921622,1.1687864790414317,1.222691625204762,0.1747002072388527,0.2803791519377401,0.20099999999999996
0.8,0.9558463629842541,0.15061895882660045,0.3905085306524995,0.4638379713854973,0.8941454680845127,1.1948079537303176,0.2207681850787297,0.9471805945579048,0.9631633308064764,0.37856708921251686,0.40258281786254885,0.45362508573269844,0.47389054937797165,0.8696411268716494,0.9146026684940415,1.1678667357298913,1.221531798461699,0.1739751897810245,0.2797209739716556,0.19999999999999996
0.801,0.9562116402116403,0.15034124708982122,0.39030216042747695,0.46331453910043635,0.8944569080465166,1.1937723348459928,0.22004200898673226,0.9476101457300019,0.9634620450766713,0.37836675652331,0.4023704444059981,0.45313839386315535,0.473330612696832,0.8699790434268047,0.9148515098899682,1.166982173865421,1.2203388355867228,0.17351066423062594,0.2787718208371092,0.19899999999999995
0.802,0.9565767093584784,0.15005719654424474,0.3900961138111289,0.4627910341821626,0.8947712630121955,1.192739039100347,0.21930954869455369,0.9479770282820761,0.9638252367259239,0.37816779974133674,0.4021575211312286,0.4526298986018205,0.47279311077827274,0.8701828647097508,0.915258494422618,1.166035522586319,1.2192167093735824,0.17252691031243017,0.27836992490669615,0.19799999999999995
0.803,0.9569417785053166,0.14977314599866823,0.38989044159354086,0.462267529263889,0.8950890338135173,1.191708316943109,0.21856965225727626,0.9483726662600369,0.9641586566277487,0.3779680456147478,0.40194609578069235,0.4521315134678538,0.4722451439721367,0.870452647367903,0.9155975961437511,1.1651208344501434,1.218065913982498,0.17177146018978134,0.27770700889988237,0.19699999999999995
0.804,0.9573068476521548,0.14948909545309175,0.38968514275518196,0.4617440243456153,0.89541027643022,1.1906801587713367,0.21782220585635317,0.9487702838913824,0.9644900327838394,0.3777694098714002,0.40173425322763406,0.4516338922622369,0.4716963908653851,0.8707299368474848,0.9159352870808782,1.1642105681437567,1.2169157207709527,0.17102461573481098,0.2770196772457919,0.19599999999999995
0.805,0.9576719167989929,0.14920504490751524,0.3894802162802204,0.46122051942734155,0.8957350480719761,1.1896545550298048,0.21706709333849808,0.9491353530382205,0.9648551019306775,0.3775712444954435,0.40152279845999916,0.4511249827359232,0.4711593255840702,0.8709374714796548,0.9163593537517707,1.1632691833892292,1.2158038656159915,0.16999773647871858,0.27661929716153727,0.19499999999999995
0.806,0.9580369859458311,0.14892099436193876,0.38927566115650564,0.46069701450906786,0.8960634072123611,1.1886314962107085,0.21630419615550991,0.9495660263877976,0.9651522778622961,0.37737270917869425,0.40131225401895854,0.4506390467812493,0.47059848772163587,0.8712953061915772,0.9166202249655784,1.1623976817861685,1.214623036411146,0.16951152562928948,0.275619589303075,0.19399999999999995
0.807,0.9584020550926693,0.14863694381636225,0.3890714763755525,0.46017350959079417,0.8963954136239474,1.1876109728533695,0.2155333933022317,0.9499641556161921,0.9654831424213378,0.377175680005265,0.401101004532934,0.4501418248833856,0.4700493353071311,0.8715835199107524,0.9169675641375548,1.1614950499075676,1.2134805189844593,0.16874510698007456,0.2749065358030164,0.19299999999999995
0.808,0.9587671242395074,0.14835289327078577,0.38886766093252345,0.4596500046725205,0.8967311284145792,1.1865929755439446,0.21475456125256576,0.9503292247630302,0.9658482115681759,0.37697816052469135,0.40089114611961,0.44963313737527355,0.46951204800761476,0.8717993899549312,0.9174044686686592,1.1605607062508903,1.212376876599026,0.16769060968910235,0.2744887380937645,0.19199999999999995
0.809,0.9591321933863456,0.14806884272520926,0.38866421382621363,0.45912649975424674,0.8970706140648688,1.1855774949151365,0.21396757389347865,0.9507275289692361,0.9661789011494062,0.3767813343324945,0.40068119403433367,0.4491361263555894,0.4689626847149304,0.8720942567191196,0.917759536738153,1.1596629373794811,1.2112396085981767,0.1669080056105843,0.2737608118623186,0.19099999999999995
0.81,0.9594972625331838,0.14778479217963278,0.3884611340590333,0.4586029948359731,0.8974139344669604,1.1845645216459058,0.21317230245692748,0.9510925981160743,0.9665439702962444,0.37658509245625066,0.4004714990562302,0.4486275896199899,0.4684252466429015,0.8723157325488795,0.9182056594126198,1.1587332662041634,1.2101413632200984,0.16583259611245144,0.27333294615379533,0.18999999999999995
0.811,0.959862331680022,0.14750074163405627,0.388258420636992,0.4580794899176994,0.8977611549646191,1.183554046461186,0.21236861544961913,0.9514910796073298,0.966874482592425,0.3763884304797645,0.4002628772360688,0.4481307916847596,0.46787567026576343,0.872617487228874,0.9185687155657606,1.1578403318818355,1.2090092982427934,0.16503330190724735,0.27258965896359577,0.18899999999999995
0.812,0.9602274008268601,0.1472166910884798,0.38805607256968194,0.4575559849994257,0.8981123423946918,1.182546060131601,0.2115563785805315,0.9518561487541679,0.9672395517392631,0.3761923548391362,0.40005450627288286,0.4476224069852279,0.46733808015766654,0.8728447835300848,0.9190243536114431,1.1569153031840862,1.2079164053805922,0.16393635619244967,0.27215135176545807,0.18799999999999994
0.813,0.9605924699736983,0.1469326405429033,0.38785408887026285,0.45703248008115205,0.8984675651299985,1.1815405534731838,0.21073545468610533,0.9522548098908769,0.9675698843899904,0.3759969606014663,0.39984604614188096,0.44712582471827833,0.46678828811224793,0.8731536673114665,0.9193956730050656,1.1560271746404363,1.206789498108515,0.16311983218655846,0.2713922121840004,0.18700000000000006
0.814,0.9609575391205365,0.14664858999732683,0.3876524685554447,0.4565089751628784,0.898826893123708,1.1805375173470964,0.20990570365302952,0.9526198790377151,0.9679349535368286,0.3758046794825374,0.3996352211979718,0.4466175939431836,0.4662505440797142,0.87338700046915,0.9198611446463455,1.1551067575057261,1.2057019149739747,0.16200067526604653,0.27094310636325014,0.18600000000000005
0.815,0.9613226082673746,0.14636453945175032,0.38745121064547244,0.4559854702446047,0.8991903979552638,1.1795369426593554,0.20906698233851567,0.9530868264654255,0.9681947108840736,0.3756070076234683,0.3994303473168465,0.4461450033164704,0.4656759613845791,0.8738656170376534,0.9200569919087613,1.1542936015596268,1.2045057553826441,0.16176351304616757,0.26952054540598386,0.18500000000000005
0.816,0.9616876774142128,0.14608048890617384,0.38725031416411027,0.455461965326331,0.8995581528779213,1.178538820360555,0.20821914448797388,0.9534741448875962,0.9685367891155358,0.3754128694798694,0.3992228481078299,0.4456446953078804,0.46513003570646916,0.8741592336267147,0.9204712816512212,1.1534006752361825,1.2033991882757953,0.16082117576600052,0.2688435530262843,0.18400000000000005
0.817,0.962052746561051,0.14579643836059733,0.3870497781386251,0.4549384604080573,0.8999302328679591,1.177543141445595,0.2073620406499945,0.9538858276704288,0.9688536972539427,0.3752192364949861,0.39901545976784364,0.44515297064128134,0.4645752454350314,0.8745154756166892,0.9208235400157039,1.1525351672941393,1.2022686313845885,0.160083599663144,0.2679259509440055,0.18300000000000005
0.818,0.9624178157078891,0.14551238781502085,0.38684960159977166,0.4544149554897836,0.9003067146756394,1.1765498969534096,0.20649551808852143,0.9542508968172669,0.9692187664007808,0.3750252905217693,0.39880929738694115,0.44464505402483673,0.4640371872438475,0.8747622527669249,0.9213086316107051,1.151623819444989,1.2011916207444866,0.15892395887956848,0.26744723253406105,0.18200000000000005
0.819,0.9627828848547273,0.14522833726944434,0.38664978358177676,0.4538914505715099,0.9006876768779873,1.1755590779667,0.20561942069211434,0.9546506886010587,0.9695479684044251,0.3748313153547363,0.3986037823005419,0.44414933744389834,0.4634865295124175,0.8750974053905658,0.9217028988842801,1.1507505717572026,1.2000792845295514,0.15806139621254098,0.26662705579342455,0.18100000000000005
0.82,0.9631479540015655,0.14494428672386786,0.3864503231223231,0.45336794565323624,0.9010731999334655,1.1745706756116654,0.2047335888801916,0.9550506781975578,0.969876972595362,0.3746390785262679,0.39839717036430183,0.4436537702115126,0.4629357224324349,0.8754372444962933,0.9221012008464256,1.1498797872364397,1.1989693308816898,0.15719077302852877,0.2657960350469497,0.18000000000000005
0.821,0.9635130231484036,0.14466023617829135,0.3862512192625346,0.45284444073496255,0.9014633662386237,1.1735846810577388,0.20383785950612512,0.9554157473443959,0.9702420417422001,0.3744468146953729,0.39819143558564907,0.4431460946857898,0.46239742315052923,0.8756943878264828,0.9226025253124926,1.148975198104066,1.1979000946406386,0.1559955087592409,0.26529772690040715,0.17900000000000005
0.822,0.9638780922952418,0.14437618563271487,0.38605247104696044,0.45232093581668886,0.9018582601868096,1.172601085517326,0.2029320657570685,0.9558159376086146,0.9705708452654176,0.37425395182596255,0.39798694244194865,0.4426507598556659,0.4618463836682847,0.8760426809741604,0.9230103958049493,1.1481091030671955,1.1967950904703413,0.15510517025617832,0.2644480743951629,0.17800000000000005
0.823,0.96424316144208,0.14409213508713836,0.3858540775235605,0.4517974308984152,0.9022579682290237,1.1716198802455409,0.20201603705039542,0.9561810067554528,0.9709359144122558,0.37406175863783564,0.3977825891966732,0.4421432472923507,0.4613079214239714,0.876306997092939,0.9235231415006313,1.147208991022948,1.195730975604895,0.15388448862279436,0.26393689954317057,0.17700000000000005
0.824,0.9646082305889182,0.14380808454156188,0.3856560377436892,0.4512739259801415,0.9026625789370173,1.1706410565399494,0.20108959892660105,0.956546075902291,0.971300983559094,0.3738699144854734,0.39757859353464503,0.4416358170185395,0.4607693768901541,0.8765748774697775,0.9240419479342886,1.1463111174588212,1.1946693923197733,0.15264967420546716,0.26342037648169103,0.17600000000000005
0.825,0.9649732997357563,0.14352403399598537,0.38545835076208124,0.4507504210618678,0.9030721830687222,1.1696646057403106,0.2001525729385354,0.9569111450491291,0.9716660527059321,0.3736784974746453,0.39737487124230736,0.4411284695833073,0.4602307495177578,0.8768463935567643,0.924566923392558,1.14541547522314,1.1936103303935952,0.15140048118770305,0.2628984200489079,0.17500000000000004
0.826,0.9653383688825945,0.1432399834504089,0.385261015636836,0.45022691614359406,0.9034868736361228,1.1686905192283228,0.19920477653681318,0.9573445119614534,0.971960617479253,0.37348716877978766,0.3971715503689624,0.4406450460237018,0.4596674280245962,0.8772954849735767,0.9249009715937003,1.1445924642242513,1.1924793914190566,0.15077130859472523,0.2616803727679497,0.17400000000000004
0.827,0.9657034380294327,0.14295593290483238,0.3850640314294031,0.44970341122532037,0.9039067459756682,1.1677187884273672,0.198246022951256,0.9577121393624466,0.972323045967487,0.37329705886879705,0.3969678834913381,0.44013875956281734,0.4591277109135109,0.8775815310394605,0.9254304175062308,1.143703858253507,1.1914226096178668,0.1495208994275727,0.26111627438715745,0.17300000000000004
0.828,0.9660685071762708,0.1426718823592559,0.38486739720456675,0.4491799063070467,0.9043318978213425,1.1667494048022595,0.197276121068193,0.9581129494910561,0.9726512296263135,0.37310689177179074,0.3967648852922642,0.4396441405056111,0.4585759556583488,0.877957150012528,0.9258691732021843,1.1428516773114263,1.1903321897446448,0.1485672373687863,0.2602067879885256,0.17200000000000004
0.829,0.966433576323109,0.1423878318136794,0.3846711120304319,0.448656401388773,0.9047624293805099,1.1657823598589976,0.1962948753034561,0.9585139724519001,0.9729792004529056,0.37291725014647364,0.3965620491995606,0.43914968086428574,0.45802404098730576,0.878338288873247,0.9263127028702327,1.1420019097684553,1.1892440457116904,0.14760414702487942,0.25928469466645454,0.17100000000000004
0.83,0.9667986454699472,0.1421037812681029,0.3844751749784086,0.4481328964704993,0.9051984434126535,1.1648176451445147,0.19530208547089875,0.9589882128768538,0.9732316648029077,0.37272756765024034,0.3963597357350759,0.43868086444206844,0.45744568408767494,0.8789180825136431,0.9265430129947827,1.1412299802448997,1.188078586541803,0.14732057150493744,0.25759847867668045,0.17000000000000004
0.831,0.9671637146167853,0.1418197307225264,0.38427958512319815,0.4476093915522256,0.9056400453111463,1.1638552522464325,0.1942975466462408,0.9593557870368136,0.9735941511101998,0.3725401976430708,0.39615604095303414,0.4381749010901366,0.456905645465656,0.879221653277896,0.9270968225006732,1.140350014134196,1.1870319046407416,0.14602049404724637,0.2569966137522776,0.16900000000000004
0.832,0.9675287837636235,0.14153568017694992,0.38408434154277793,0.44708588663395193,0.9060873431881826,1.1628951727928167,0.19328104902605053,0.9597922579564481,0.9738856072981855,0.3723508973690328,0.39595487234938903,0.4376930743568677,0.45634072554813876,0.8797147044782769,0.9274485218330858,1.1395434633675816,1.1859125703591442,0.14536093028383212,0.2556719232113772,0.16800000000000004
0.833,0.9678938529104616,0.14125162963137342,0.38388944331838726,0.4465623817156782,0.9065404479630185,1.1619373984519348,0.19225237778166707,0.9602595218218963,0.9741453640914148,0.37216187030267717,0.3957540320598761,0.4372220841009763,0.4557646527454901,0.8802997958858771,0.9277089961170967,1.1387710486405238,1.184762054287689,0.14498443399643374,0.25401309303150976,0.16700000000000004
0.834,0.9682589220572998,0.14096757908579693,0.38369488953451275,0.4460388767974045,0.9069994734536725,1.1609819209320142,0.1912113129078325,0.9606350184673148,0.9744996898559505,0.37197386795438503,0.3955531038930259,0.43671914947990215,0.4552215022956276,0.8806397437309939,0.9282571274329585,1.1379057136299469,1.1837141844090635,0.14372357772447747,0.25329483626867494,0.16600000000000004
0.835,0.968623991204138,0.14068352854022043,0.3835006792788744,0.4455153718791309,0.9074645364722425,1.1600287319810036,0.19015762906583025,0.9610381137927435,0.974825588317958,0.3717860609998656,0.3953525899202707,0.4362259373438514,0.45466834011931,0.8810612299582941,0.9287260256664795,1.1370711382085767,1.1826386263426125,0.14271281133831973,0.25227792037006835,0.16500000000000004
0.836,0.9689890603509762,0.14039947799464395,0.38330681164241065,0.44499186696085713,0.9079357569240099,1.1590778233863352,0.18909109542087676,0.9614414586499649,0.9751512372481728,0.3715981359328958,0.3951529032626303,0.4357329017630898,0.4541150013877031,0.8814892417542392,0.9292001793716202,1.1362389658152194,1.1815652370603944,0.14169177697739344,0.2512462312607367,0.16400000000000003
0.837,0.9693541294978143,0.14011542744906744,0.38311328571926484,0.44446836204258344,0.9084132579105065,1.1581291869746886,0.18801147547353186,0.9618478594780474,0.9754737478030768,0.3714123178717125,0.3949516339595726,0.43524102301633527,0.453560477057748,0.8819319212178852,0.9296707296946066,1.1354121034432674,1.1804909416701206,0.14068746146500352,0.2501697506907234,0.16300000000000003
0.838,0.9697191986446525,0.13983137690349096,0.3829201006067709,0.44394485712430976,0.9088971658367312,1.1571828146117573,0.18691852688486105,0.9622879645719977,0.9757615743947718,0.3712249231666949,0.3947527343864701,0.43476100048741795,0.4529937545338982,0.8824774495694792,0.9300392466998127,1.1346223618979576,1.1793822649644665,0.1399982582524943,0.24872127232766572,0.16200000000000003
0.839,0.9700842677914907,0.13954732635791445,0.38272725540543895,0.44342135220603607,0.9093876105227072,1.1562386982020152,0.18581200129508874,0.9626923515179265,0.9760861812362792,0.371039099313906,0.39455215845951025,0.4342686016742965,0.4524397790346515,0.8829276957414395,0.9305278295462873,1.1337976740846483,1.1783150066692065,0.13894982235010478,0.24763839112198233,0.16100000000000003
0.84,0.9703728307669316,0.1392140310350644,0.382516127485191,0.4428711418168513,0.9096724924177959,1.1552057509130138,0.18516980770667751,0.9631005209983723,0.9762517041879946,0.3708342360191721,0.3943354078583893,0.43377761534756537,0.451830181097712,0.8834084519829224,0.9305472364489861,1.132967542453687,1.1770713051766928,0.13915140819909652,0.24615952951953476,0.16000000000000003
0.841,0.970591323804442,0.1388356337495368,0.38228831021314297,0.44229647260748284,0.9097655023397067,1.1540919426925589,0.1849602276450187,0.9633190140358827,0.976470197225505,0.37061248990922946,0.39410174681780946,0.4332205128395575,0.451238980215902,0.8833457087873977,0.9307661023481506,1.1319319953547384,1.175877663992219,0.13861844492194142,0.2463934888470252,0.15900000000000003
0.842,0.9708098168419524,0.13845723646400923,0.38206086650769816,0.44172180339811445,0.9098597089867578,1.1529807800973306,0.18474799467118702,0.9635375070733931,0.9766886902630154,0.37039111274394804,0.39386846315159424,0.4326635038787361,0.45064768578690556,0.883282409552414,0.930987628476859,1.1308989808001164,1.1746867873491835,0.1380784460627476,0.24663095186828418,0.15800000000000003
0.843,0.9710283098794628,0.13807883917848165,0.38183379545076734,0.441147134188746,0.9099551356052467,1.1518722537122927,0.18453305809259385,0.9637560001109035,0.9769071833005257,0.3701701036042692,0.39363555594546407,0.43210658918341277,0.4500562970924108,0.8832185486306035,0.9312118632940662,1.1298684910154313,1.1734986641432854,0.13753127283274638,0.24687199409124075,0.15700000000000003
0.844,0.9712468029169732,0.13770044189295405,0.38160709612726784,0.4405724649793776,0.9100518060474717,1.1507663541670299,0.18431536591683853,0.9640149300705024,0.9770840949097074,0.3699497327893201,0.39340262263575443,0.431563885206237,0.4494502981750287,0.8832758913908355,0.9313029266952334,1.1288825313489976,1.1722691656451574,0.1373827325102546,0.24667096263756938,0.15600000000000003
0.845,0.9714652959544836,0.13732204460742647,0.3813807676251101,0.4399977957700092,0.910149744791608,1.1496630721354837,0.18409486480978313,0.9642334231080129,0.9773025879472178,0.36972945484422226,0.3931704678167083,0.4310071619615481,0.44885871802989985,0.8832113255465901,0.931532084700259,1.1278570404894472,1.1710865501435253,0.13682388389565314,0.24691583722209604,0.15500000000000003
0.846,0.971683788991994,0.13694364732189887,0.3811548090351862,0.4394231265606408,0.9102489769623723,1.1485623983356903,0.18387150005198674,0.9644926460496597,0.9774792065743514,0.36950980983954756,0.3929382889045226,0.43046475251936156,0.44825242457752856,0.8832704497081212,0.9316253373454313,1.1268763543051958,1.1698622519874329,0.136671556855244,0.2467093909133523,0.15400000000000003
0.847,0.9719022820295045,0.1365652500363713,0.3809292194513577,0.43884845735127237,0.9103495283525107,1.1474643235295212,0.18364521549343488,0.9647111390871701,0.9776976996118618,0.3692902595035496,0.3927068828023157,0.42990822304318077,0.44766065066389127,0.8832051855625994,0.9318595833128439,1.125855832757004,1.1686850993225146,0.13610065968136226,0.2469581490926309,0.15300000000000002
0.848,0.9721207750670148,0.13618685275084372,0.3807039979704431,0.4382737881419039,0.9104514254451498,1.146368838522423,0.1834159535064817,0.9649355402305513,0.9779101197346027,0.36907164939645454,0.39247522325342143,0.42935385391298353,0.447066658875588,0.8831576090344976,0.9320763691154075,1.1248439314410255,1.1675042099607436,0.13558284986501015,0.24714377059182766,0.15200000000000002
0.849,0.9723392681045252,0.1358084554653161,0.3804791436922059,0.43769911893253555,0.9105546954370519,1.1452759341631629,0.18318365493691918,0.9651891536751827,0.9780925126676505,0.3688525103946875,0.3922447936361658,0.42880978067081055,0.44646208675188576,0.8832001956306208,0.9321946312734254,1.1238648129031819,1.166294218755172,0.13536101578239024,0.24699882523921768,0.15100000000000002
0.85,0.9725577611420356,0.13543005817978854,0.38025465571934297,0.4371244497231671,0.9106593662628146,1.1441856013435714,0.1829482590530958,0.9654076467126931,0.9783110057051609,0.3686340457294543,0.3920145027879577,0.42825354845832575,0.44587001557455264,0.8831336126884515,0.9324372295009344,1.1228517021619489,1.1651251622384369,0.13476949773569488,0.24725561945841834,0.15000000000000002
0.851,0.972776254179546,0.13505166089426096,0.3800305331574723,0.43654978051379867,0.910765466620063,1.1430978309982915,0.1827097034929795,0.9656261397502035,0.9785294987426714,0.3684159418606826,0.3917845811763698,0.427697416714957,0.4452778439281034,0.8830664240081768,0.9326829542730865,1.1218410563249301,1.1639587711423935,0.13416970118580926,0.24751650467585423,0.14900000000000002
0.852,0.9729947472170565,0.13467326360873336,0.37980677511512106,0.43597511130443023,0.9108730259956824,1.1420126141045264,0.18246792420907784,0.9659276090928166,0.9786627264625987,0.3681972644857628,0.39155578856830325,0.42717035022652244,0.4446558080172402,0.8832613249766195,0.9326379012746889,1.1209189132951365,1.162704824982718,0.13443960148369336,0.24681387693735857,0.14800000000000002
0.853,0.9732132402545669,0.13429486632320578,0.37958338070371406,0.43540044209506185,0.910982074693139,1.14092994168179,0.18222285541110947,0.9662303452472512,0.9787946873707045,0.3679812971309011,0.39132487088577106,0.42664382807992435,0.4440332277645404,0.8834648150793213,0.9325863052967841,1.1200005797902186,1.1614521548941146,0.13472322957474528,0.24608978030484824,0.14700000000000002
0.854,0.9734317332920772,0.13391646903767818,0.3793603490375616,0.4348257728856934,0.9110926438609431,1.1398498047916594,0.1819744295063204,0.9664488382847615,0.9790131804082148,0.3677647988445049,0.39109549343072836,0.4260880027850328,0.44344074966961416,0.8833978509685263,0.9328387129478956,1.1189971746938465,1.1602938321431584,0.1341121120585661,0.24634666389950255,0.14600000000000002
0.855,0.9736502263295876,0.1335380717521506,0.3791376792338482,0.43425110367632497,0.9112047655223142,1.1387721945375295,0.18172257703732658,0.9666673313222719,0.9792316734457253,0.367548121150733,0.39086704839745506,0.4255322816375241,0.44284816742730476,0.8833302565223234,0.9330944775242592,1.117996205919813,1.159138131512716,0.13349220285009944,0.24660778436711078,0.14500000000000002
0.856,0.9738687193670981,0.13315967446662302,0.3789153704126207,0.4336764344669566,0.9113184726061,1.137697102064367,0.1814672266173745,0.9668858243597823,0.9794501664832357,0.36733179981924946,0.3906389681878748,0.42497666576929355,0.44225547990571745,0.8832620201796252,0.9333536702688565,1.1169976662393082,1.1579850424848477,0.13286329991226326,0.2468732604361338,0.14400000000000002
0.857,0.9740872124046085,0.13278127718109542,0.37869342169677656,0.43310176525758814,0.9114337989790203,1.1366245185584696,0.18120830486287764,0.9671043173972927,0.9796686595207461,0.3671158339945743,0.39041125190968695,0.42442115558479127,0.4416626867004018,0.8831931462118027,0.9336163511152339,1.1160015490926387,1.1568345539193805,0.13222523492121702,0.24714315797923408,0.14300000000000002
0.858,0.9743057054421189,0.13240287989556784,0.37847183221205283,0.43252709604821976,0.9115507794792962,1.1355544352472249,0.18094573632310618,0.9673228104348032,0.9798871525582565,0.3669002228019861,0.3901838986917574,0.4238657520037887,0.4410697868915865,0.8831236284435043,0.9338825904945324,1.115007847543741,1.155686655159456,0.13157780821774762,0.2474175828068279,0.14200000000000002
0.859,0.9745241984796292,0.13202448261004027,0.37825060108701386,0.4319524268388513,0.9116694499517369,1.13448684339887,0.18067944340688485,0.9675413034723135,0.9801056455957669,0.3666849653696282,0.3899569076657313,0.42331045596208267,0.44047677954347453,0.8830534607307585,0.9341524607424925,1.1140165547140293,1.1545413355723793,0.1309208143374935,0.24769664403299593,0.14100000000000001
0.86,0.9747426915171397,0.13164608532451266,0.37802972745304064,0.4313777576294829,0.911789847284361,1.1334217343222555,0.18040934630614527,0.9677597965098239,0.9803241386332773,0.3664700608284977,0.38973027796602294,0.422755268411886,0.4398836637038533,0.8829826369691486,0.9344260361642713,1.1130276637826997,1.1533985845488315,0.1302540417994662,0.24798045420285783,0.14
0.861,0.9749611845546501,0.1312676880389851,0.37780921044431903,0.4308030884201145,0.9119120094466223,1.1323590993666086,0.18013536291618643,0.9679782895473343,0.9805426316707877,0.36625550829425313,0.38950400874498436,0.42220019075880905,0.43929043796711237,0.8829111413287013,0.9347034012313216,1.112041167682656,1.1522583918255183,0.12957724817230837,0.2482691648387115,0.139
0.862,0.9751796775921605,0.13088929075345748,0.3775890491978286,0.43022841921074606,0.9120359755293354,1.1312989299212999,0.17985740875246006,0.9682393954217269,0.9807173673651758,0.36604154538722783,0.38927773238395885,0.42166009850712793,0.4386818273242356,0.882982265303063,0.9348233886318484,1.1111011043956485,1.1510746556037417,0.12937524937034928,0.24802587513136487,0.138
0.863,0.9753981706296709,0.1305108934679299,0.3773692428533312,0.4296537500013776,0.9121617857863792,1.1302412174156093,0.1795753968637158,0.9684578884592373,0.9809358604026862,0.3658281065947004,0.3890517454829909,0.4211052431588424,0.43808837928270317,0.882909986695351,0.9351076941233857,1.1101193505865572,1.1499395817455467,0.12868199228737084,0.24831979568390355,0.137
0.864,0.9756166636671814,0.13013249618240233,0.37714979055336006,0.42907908079200924,0.9122894816782772,1.129185953318497,0.1792892377413135,0.9687193309670558,0.9811102594636484,0.3656147111214293,0.3888263256902128,0.42056549236894325,0.4374794271780446,0.8829835493712896,0.9352310526731172,1.1091843468589777,1.148760617353152,0.1284739950065798,0.2480692725036841,0.136
0.865,0.9758351567046917,0.12975409889687473,0.3769306914432082,0.4285044115826408,0.9124191059177504,1.1281331291383718,0.1789988392245061,0.9689811172532028,0.9812843147462817,0.36540150037388464,0.38860143634339284,0.42002597510938905,0.4368702415430407,0.8830597487899086,0.9353546816692468,1.1082520492829324,1.1475838358118533,0.128266284915153,0.24781108240786281,0.135
0.866,0.9760536497422021,0.12937570161134715,0.3767119446709178,0.42792974237327236,0.9125507025173538,1.1270827364228662,0.17870410640147685,0.9692017052235642,0.9815006579146417,0.3651893605893969,0.3883762470030403,0.419472191633814,0.43627570245257047,0.8829939164722963,0.935641244683586,1.1072795110704723,1.1464541151879153,0.12757386835154974,0.2480832601641344,0.134
0.867,0.9762721427797125,0.12899730432581957,0.3764935493872689,0.427355073163904,0.9126843168392971,1.1260347667586073,0.17840494150592084,0.9694617477626182,0.9816765118806678,0.36497645502126075,0.38815248675363123,0.41893229657890946,0.43566691378914474,0.8830654625086418,0.9357766460331476,1.1063500827660986,1.145284291991149,0.12733532327823774,0.24784444796067132,0.133
0.868,0.976490635817223,0.12861890704029197,0.37627550474576826,0.42678040395453554,0.9128199956475815,1.124989211770994,0.17810124380891704,0.9696802408001286,0.9818950049181783,0.36476484689457406,0.38792818318208805,0.41837801515704454,0.4350728918211917,0.8829915369616067,0.9360790932601497,1.1053800564810476,1.1441618489418832,0.12660028587271738,0.248149371784242,0.132
0.869,0.9767091288547334,0.1282405097547644,0.3760578099026389,0.42620573474516715,0.9129577871625688,1.123946063123974,0.17779290950585208,0.9699427371414908,0.9820683501455967,0.3645527865543338,0.38770496287368444,0.41783921156629317,0.4344629925173853,0.8830731775389099,0.9362099995753651,1.1044578100953197,1.1429944079192502,0.126379631544614,0.2478751689918244,0.131
0.87,0.9769276218922437,0.1278621124692368,0.37584046401680865,0.4256310655357987,0.9130977411181194,1.1229053125198203,0.17747983159812544,0.9701612301790011,0.982286843183107,0.36434135391058525,0.3874819097168364,0.4172851671012668,0.4338687335925937,0.8829984852029976,0.9365204275401425,1.1034924362878644,1.1418769368449218,0.12562577633841615,0.2481857417425594,0.13
0.871,0.9771461149297541,0.1274837151837092,0.37562346624989995,0.4250563963264303,0.9132399088214437,1.121866951698914,0.17716189976934793,0.9703797232165116,0.9825053362206174,0.364130264807188,0.38725920852143464,0.4167312428491967,0.4332743544548457,0.8829230753689533,0.9368354881751998,1.1025293939111716,1.1407619182698625,0.12485975501794712,0.24850208230733828,0.129
0.872,0.9773646079672645,0.12710531789818164,0.3754068157662184,0.4244817271170619,0.9133843432158133,1.1208309724395236,0.17683900025574575,0.970598216254022,0.9827238292581278,0.363919529953338,0.3870368462313895,0.41617743999593354,0.43267985391829117,0.8828469423742774,0.9371552853393535,1.101568676872663,1.1396493417947455,0.12408127362773269,0.24882434437836906,0.128
0.873,0.977583101004775,0.12672692061265403,0.3751905117327425,0.42390705790769345,0.913531098946299,1.1197973665575887,0.17651101571043332,0.9708610794394957,0.9828968076414347,0.36370933349327333,0.38681451214628826,0.41563924855572293,0.43206934246394374,0.8829313985337863,0.9372975782985394,1.1006560168591184,1.138491442271199,0.12383855146698725,0.2485417849939764,0.127
0.874,0.9778015940422854,0.12634852332712646,0.37497455331911267,0.423332388698325,0.9136802324287019,1.118766125906505,0.17617782506122703,0.9711096413007232,0.9830844627470345,0.36350123704381804,0.3865920006480729,0.4150961889961552,0.4314638301665083,0.8829650607354222,0.9375012160789075,1.0997309043092172,1.137351397134347,0.12341359705180018,0.24845327607376505,0.126
0.875,0.9780200870797958,0.12597012604159885,0.37475893969762114,0.4227577194889567,0.9138318019218631,1.1177372423769094,0.17583930336163345,0.971433461471589,0.9831949642406622,0.3632901934464583,0.3863705338457778,0.4145795244410834,0.4308312612847277,0.8832803614030118,0.937391626143048,1.0988857255294344,1.1361327841947486,0.1239210211271367,0.24731580255018115,0.125
0.876,0.9782385801173061,0.12559172875607127,0.37454367004320044,0.42218305027958813,0.9139858676035459,1.1167107078964682,0.17549532163462794,0.9717442135086853,0.9833189092661061,0.3630800107057431,0.38615021826931395,0.4140584246821403,0.43020325864437287,0.8835549053931914,0.9373332234473378,1.0980294141712894,1.1349306575974847,0.12426638282613728,0.24634836244164865,0.124
0.877,0.9784570731548166,0.1252133314705437,0.3743287435334141,0.42160838107021975,0.9141424916500999,1.1156865144296655,0.17514574670880848,0.9719627065461958,0.9835374023036165,0.3628721776220684,0.3859283080237507,0.4135052484282444,0.42960813150845084,0.8834795139736069,0.9376714556021352,1.0970800574492645,1.1338303550569115,0.12345399447512367,0.24666384363632254,0.123
0.878,0.978675566192327,0.12483493418501611,0.3741141593484451,0.42103371186085137,0.9143017383201223,1.1146646539775933,0.17479044104650013,0.9721811995837062,0.983755895341127,0.362663458519943,0.38570805944788455,0.4129522013022585,0.42901287524461895,0.8834033725905613,0.9380150518407798,1.0961329916277613,1.1327324316504603,0.12262776428272157,0.24698556935721072,0.122
0.879,0.9788940592298374,0.12445653689948852,0.373899916671086,0.42045904265148293,0.9144636740423631,1.1136451185777445,0.1744292625633272,0.9723996926212166,0.9839743883786374,0.3624550763442482,0.3854881562399167,0.41239928546047744,0.42841748769658217,0.8833264545878229,0.9383641573375944,1.0951882108605755,1.1316368772739576,0.12178728727077227,0.24731379275770043,0.121
0.88,0.9791125522673478,0.12407813961396093,0.37368601468672835,0.41988437344211454,0.9146283675081173,1.1126279003038044,0.17406206443876804,0.972618185658727,0.9841928814161478,0.36224703031104677,0.3852685975618253,0.41184650142725016,0.42782196833999153,0.8832487774144934,0.9387188856746713,1.0942457098729519,1.1305436812737089,0.12093225236722652,0.24764861698419038,0.12
0.881,0.9793310453048583,0.12369974232843334,0.3734724525833526,0.4193097042327461,0.9147958897683792,1.1116129912654464,0.17368869491715747,0.9728366786962375,0.9844113744536582,0.3620393196085271,0.38504938260381505,0.41129385061989665,0.42722631575752706,0.8831703362381496,0.9390793730332183,1.093305483177736,1.129452833306953,0.12006228165768759,0.24799023213260613,0.119
0.882,0.9795495383423686,0.12332134504290576,0.3732592295515176,0.41873503502337767,0.914966314336047,1.1106003836081277,0.1733089970985714,0.9730551717337478,0.9846298674911685,0.36183194342748737,0.38483051055862866,0.410741334485104,0.4266305285025017,0.8830911265457807,0.9394457600206971,1.0923675253587732,1.1283643230312086,0.11917698411562061,0.24833883543482088,0.118
0.883,0.979768031379879,0.12294294775737817,0.37304634478435045,0.4181603658140093,0.9151397172934858,1.1095900695128866,0.1729228087189829,0.9732736647712582,0.984848360528679,0.3616249009613253,0.384611980621536,0.41018895449978393,0.42603460509800395,0.8830111441771809,0.9398181918522267,1.0914318310718913,1.1272781401028733,0.11827595503140764,0.24869463158944546,0.11699999999999999
0.884,0.9799865244173894,0.12256455047185058,0.3728337974775363,0.41758569660464084,0.9153161774057766,1.1085820411961418,0.17252996191905667,0.9734921578087686,0.9850668535661894,0.36141819139664794,0.384393791998258,0.40963671245902133,0.42543854374894846,0.8829303772787384,0.9401968251643812,1.0904983949945424,1.1261942742346969,0.11735875529502654,0.24905786293445806,0.11599999999999999
0.885,0.9802050174548999,0.122186153186323,0.3726215868293084,0.41701102739527246,0.9154957762400134,1.1075762909094913,0.17213028300087085,0.9737574079470384,0.9852374449967003,0.36121201396340585,0.384175618432004,0.40910093154499433,0.4248256217684177,0.8830360692574004,0.940369219351565,1.0896152848393248,1.1250626521157316,0.11706172463482281,0.24871426928240242,0.11499999999999999
0.886,0.9804235104924103,0.12180775590079541,0.3724097120404377,0.416436358185904,0.9156785982910199,1.106572810939515,0.1717235921718397,0.9739759009845488,0.9854559380342107,0.361005965915555,0.38395811201376157,0.4085489702542157,0.42422927966937835,0.88295456931794,0.9407593598946983,1.0886863196280274,1.1239834264973811,0.11611749474076,0.24908521331629352,0.11399999999999999
0.887,0.9806420035299206,0.12142935861526782,0.3721981723142229,0.4158616889765355,0.9158647311138964,1.1055715936075767,0.17130970327503903,0.9742415834081791,0.9856260971793608,0.360800445231166,0.38374062248519725,0.4080136234337041,0.4236159235953319,0.8830645161995664,0.940937728744083,1.0878080931057137,1.1228560054221715,0.11580966065334419,0.24872955189393575,0.11299999999999999
0.888,0.980860496567431,0.12105096132974023,0.37198696685648097,0.4152870197671672,0.9160542654638364,1.1045726312696296,0.1708884235050802,0.9744600764456895,0.9858445902168712,0.3605950555570689,0.38352379505455614,0.4074619485925032,0.42301929504671515,0.8829823292428918,0.941339930974246,1.0868835787481885,1.121781378469191,0.11483714646411249,0.24910840153735742,0.11199999999999999
0.889,0.9810789896049414,0.12067256404421264,0.37177609487553614,0.41471235055779876,0.9162472954436738,1.1035759163160197,0.17045955310863567,0.9746785694832,0.9860630832543816,0.3603899948210381,0.3833073049473849,0.4069104194766921,0.4224225207727082,0.8828993527840617,0.9417491288307651,1.085961297745966,1.120709016377218,0.11384642116604976,0.24949551819584626,0.11099999999999999
0.89,0.9812974826424519,0.12029416675868507,0.3715655555822113,0.4141376813484303,0.9164439186596751,1.1025814411712942,0.1700228850686194,0.9748970625207104,0.9862815762918921,0.36018526221876407,0.38309115138962474,0.40635903831550535,0.421825598544077,0.8828155700908545,0.9421655181050546,1.0850412452643274,1.1196389087896323,0.11283693471195097,0.24989121778430506,0.10999999999999999
0.891,0.9815159756799623,0.11991576947315748,0.371355348189817,0.4135630121390619,0.9166442363861107,1.1015891982940094,0.16957820477098814,0.9751631882040711,0.986451292177312,0.35998104690604654,0.3828750189065688,0.40582443375340366,0.42121150021162085,0.8829302473492003,0.9423617468158841,1.0841722845463695,1.1185202107250216,0.11249429022043728,0.24952290634614424,0.10899999999999999
0.892,0.9817344687174727,0.11953737218762989,0.37114547191414254,0.4129883429296935,0.9168483537391917,1.100599180176539,0.1691252896530304,0.9754093795619538,0.9866414276588557,0.35977893868089267,0.38265785426693644,0.4052830218760227,0.4206043785844538,0.8829632253024283,0.9426575701187327,1.0832850646167207,1.1174250645745851,0.1118554472136003,0.24947413851090303,0.10799999999999998
0.893,0.981952961754983,0.11915897490210231,0.37093592597344544,0.41241367372032506,0.917056379860999,1.0996113793448858,0.1686639088319343,0.9757458489296185,0.9867391700830854,0.3595737736954918,0.3824434559823503,0.4047732755641334,0.4199648531070356,0.8833861372667096,0.9425163458480531,1.08249272276303,1.1162358291171808,0.11252016049804882,0.24794020053707289,0.10699999999999998
0.894,0.9821714547924935,0.11878057761657472,0.3707267095884426,0.4118390045109566,0.9172684281140822,1.0986257883584938,0.16819382271232589,0.9759643419671289,0.9869576631205959,0.3593703384640703,0.3822286484921272,0.40422250281938216,0.41936732246196873,0.8833031047992481,0.9429569169655848,1.081581414859784,1.1151747877924219,0.11146192526306509,0.24833514917973537,0.10599999999999998
0.895,0.9823899478300039,0.11840218033104713,0.3705178219822999,0.41126433530158824,0.9174846162874531,1.0976423998100602,0.1677147825713916,0.9761828350046393,0.9871761561581063,0.35916722749326535,0.3820141736208948,0.4036718867315481,0.418769635159985,0.883219283275473,0.9434056137178238,1.080672313361597,1.1141159480726621,0.11038276762162559,0.2487392652654381,0.10499999999999998
0.896,0.9826084408675143,0.11802378304551954,0.3703092623806228,0.41068966609221985,0.9177050668147676,1.0966612063253507,0.16722653012005473,0.9764453067154782,0.9873496542007466,0.3589640678154931,0.3818003256238641,0.403136781367256,0.4181560823742501,0.8833296197752516,0.9436405805945194,1.0798105336054205,1.1130124298224067,0.10994135021525506,0.24840723765744704,0.10399999999999998
0.897,0.9828269339050247,0.11764538575999195,0.37010103001144695,0.4101149968828514,0.9179299070055373,1.0956822005630154,0.16672879703859483,0.9767193781475539,0.9875112961527527,0.35876233795177737,0.381585608108636,0.40260588611477544,0.41753822998764195,0.8834946862678049,0.9438206774147397,1.0789628301704135,1.1118987762135537,0.10966525377850286,0.24787166318302273,0.10299999999999998
0.898,0.983045426942535,0.11726698847446437,0.36989312410522857,0.409540327673483,0.9181592692902937,1.0947053752144043,0.1662213044849505,0.9769884230939111,0.9876780927751759,0.35856074514366587,0.3813714298201838,0.4020733990356261,0.41692201417223335,0.8836410604710405,0.944029748892897,1.0781121389798962,1.1107926992473591,0.10930575803639167,0.24741327589402384,0.10199999999999998
0.899,0.9832639199800455,0.11688859118893678,0.36968554389483493,0.4089656584641146,0.9183932914806966,1.0937307230033877,0.1657037625738072,0.9772580034923323,0.9878443539455354,0.35835872380910905,0.3811583771991485,0.4015412637095035,0.41630544660379826,0.8837935844000312,0.9442397578145472,1.0772641627828876,1.1096882605787464,0.1089459827106522,0.24693754353614117,0.10099999999999998
0.9,0.9834824130175559,0.11651019390340919,0.3694782886155347,0.40839098925474615,0.9186321170456547,1.0927582366861732,0.16517586982444102,0.9774868242591684,0.988052290352472,0.35815766109066766,0.38094506557869096,0.40099506771687904,0.4157032593056567,0.8837589543609545,0.9446700008481618,1.0763765033246104,1.1086294320376915,0.10794875685830578,0.2471671551398527,0.09999999999999998
0.901,0.9837009060550663,0.11613179661788162,0.36927135750498924,0.4078163200453777,0.9188758954046284,1.091787909051128,0.16463731257508765,0.9777988347897641,0.9881752057856648,0.35795637905844585,0.38073247466107657,0.4004780794190726,0.4150712251051133,0.8841182719644134,0.9446622862349232,1.07557640479926,1.1074841901980452,0.1082262836842721,0.2459309957574185,0.09899999999999998
0.902,0.9839193990925768,0.11575339933235403,0.36906474980324233,0.4072416508360093,0.9191247822393711,1.0908197329185996,0.16408776436146175,0.9780173278272746,0.9883936988231752,0.35775550547745355,0.38052031805306635,0.3999286202063886,0.4144723809279794,0.8840363089516511,0.9451625095428887,1.0746824385579097,1.1064407069060833,0.10703953915161234,0.2463393791770065,0.09799999999999998
0.903,0.9841378921300872,0.11537500204682644,0.36885846475271167,0.4066669816266409,0.9193789398254746,1.0898537011407388,0.16352688525683326,0.978235820864785,0.9886121918606856,0.35755495005488486,0.38030848792823346,0.39937933506955897,0.4138733626749911,0.883953593109218,0.9456727814870652,1.073790648234483,1.105399339120905,0.10582743232331748,0.2467581731784701,0.09699999999999998
0.904,0.9843563851675975,0.11499660476129885,0.3686525015981791,0.40609231241727245,0.9196385373852044,1.0888898066013246,0.1629543211708595,0.9784813434152421,0.9888030693980542,0.35735478368956247,0.3800968499603091,0.39883966119516906,0.4132645286131361,0.8840021058684814,0.9460435620660977,1.0729287495327995,1.104331345022038,0.10502360968335875,0.24669290243379205,0.09599999999999997
0.905,0.9845748782051079,0.11461820747577126,0.36844685958678164,0.405517643207904,0.9199037514632377,1.0879280422155888,0.16236970310412724,0.9787437535652653,0.9889766976718848,0.35715523528324816,0.37988518134755367,0.3983060608691962,0.41264949475936646,0.8841349948479805,0.9463278909795113,1.0720863097438151,1.1032475363198169,0.10447609417632246,0.24631511903773995,0.09499999999999997
0.906,0.9847933712426183,0.11423981019024368,0.36824153796800224,0.4049429739985356,0.9201747663270519,1.0869684009300422,0.16177264635512406,0.9789974879006298,0.9891591940374227,0.35695552207913434,0.37967436662971427,0.39776961336641126,0.4120373751992053,0.8842275418634493,0.9466676233279547,1.0712371072389704,1.1021750776540464,0.10377417324187348,0.24609193826041748,0.09399999999999997
0.907,0.9850118642801288,0.11386141290471609,0.3680365359936607,0.4043683047891672,0.9204517743938802,1.0860108757223028,0.1611627496760348,0.9792697841075979,0.9893227439772602,0.35675572581265613,0.3794642611082653,0.39723982896815047,0.41141845830092705,0.8844170652595522,0.9469076182535874,1.0704090780327318,1.1010850188198553,0.10336266210489811,0.24551493906958663,0.09299999999999997
0.908,0.9852303573176392,0.1134830156191885,0.3678318529179045,0.4037936355797988,0.9207349766863059,1.085055459600924,0.16053959437348708,0.9794884932220941,0.9895410163597599,0.3565574144303451,0.3792533453119924,0.39669152712843236,0.41081845515280824,0.8843363741667939,0.947464230836497,1.0695282356098017,1.1000539636231164,0.10204841954430016,0.24594658308951206,0.09199999999999997
0.909,0.9854488503551495,0.11310461833366092,0.36762748799719974,0.40321896637043037,0.921024583318767,1.0841021456052249,0.15990274335000546,0.9797069862596044,0.9897595093972702,0.35635874686634633,0.3790434639360559,0.39614333908906574,0.410218339802357,0.8842539279293251,0.948034047151285,1.0686493289690093,1.0990251871930201,0.10070064631387571,0.2463941911603153,0.09099999999999997
0.91,0.9856673433926599,0.11272622104813333,0.3674234404903223,0.4026442971610619,0.9213208140174429,1.0831509268051207,0.15925174008155635,0.9800067002003268,0.9898950876623331,0.3561606601078214,0.3788334534179386,0.3956236942802517,0.409589089954338,0.8845945615602606,0.94813448397186,1.0678557704021943,1.097912340918467,0.10070744817799909,0.24526742695354403,0.08999999999999997
0.911,0.9858858364301704,0.11234782376260574,0.3672197096583487,0.40206962795169354,0.9216238986762255,1.0822017963009554,0.1585861075261758,0.9803099814320554,0.9900270528561402,0.35596257702258777,0.37862408712270673,0.39510548957509084,0.4089583840224763,0.8849641792009351,0.9482144140046168,1.067068002565014,1.0967978015916722,0.10076958746148043,0.24405021396276785,0.08899999999999997
0.912,0.9861043294676808,0.11196942647707815,0.3670162947646474,0.40149495874232516,0.9219340779517364,1.0812547472233343,0.15790534695817296,0.9805930204133806,0.9901796997907467,0.35576576719053865,0.37841406090683705,0.3945804168971155,0.4083346994732492,0.8852357332369954,0.9484180082026974,1.066261616029088,1.0957068063792144,0.10047851325835093,0.24321016476652763,0.08799999999999997
0.913,0.9863228225051912,0.11159102919155056,0.3668131950748694,0.40092028953295666,0.9222516039006211,1.0803097727329585,0.15720893672194017,0.9808611665929807,0.9903475508327759,0.35556863405571804,0.3782050582575821,0.39405034689152135,0.40771612091692994,0.885432135353215,0.9487187306981051,1.0654420701797982,1.094633669275457,0.09991891876218763,0.24265060730328636,0.08699999999999997
0.914,0.9865413155427016,0.11121263190602299,0.36661040985694027,0.40034562032358834,0.9225767406626706,1.0793668660204612,0.15649633089881826,0.9811969252960797,0.9904464891922173,0.3553711893940827,0.37799690844018463,0.3935440831391081,0.4070732822700457,0.8860169997297884,0.9485969746367193,1.0646940194305767,1.0934908908137633,0.10052633160496528,0.2407191583422698,0.08599999999999997
0.915,0.986759808580212,0.1108342346204954,0.3664079383810504,0.39977095111421984,0.9229097651936575,1.0784260203062426,0.15576695787985947,0.9815359924838397,0.9905421190669975,0.3551741868703626,0.37778893523864665,0.3930391815211732,0.4064290814886827,0.8866433392240526,0.948445690936493,1.0639515421723342,1.0923466363583363,0.10119068847124779,0.2386886842847099,0.08499999999999996
0.916,0.9869570560764072,0.11039762502288615,0.36620078375101456,0.39918886587323954,0.9231353732067851,1.0774640350179117,0.15527314194753392,0.981794852460899,0.9906766095760884,0.35497334493391175,0.37757549194050133,0.39250649310747526,0.405798234944599,0.8868251433940968,0.948559859841905,1.0631274275223062,1.0912437743431254,0.10107186512025684,0.23807282021092913,0.08399999999999996
0.917,0.9871336481852124,0.10990442012186419,0.36598909053764783,0.3985995706015255,0.9232527653038998,1.0764816228846372,0.15501628692515151,0.9819714445697043,0.9908532016848937,0.3547672958933685,0.3773583312342111,0.39194530200162114,0.4051818705359439,0.8865274761579622,0.9489738707956653,1.0622196444150058,1.090185783447364,0.10009898457611613,0.23896115243054605,0.08299999999999996
0.918,0.9873102402940178,0.10941121522084224,0.365777717530426,0.3980102753298115,0.9233730515848652,1.075501351082808,0.15475316714612428,0.9822105827898482,0.9909661031761203,0.3545617167657365,0.3771412195435478,0.3914061609043181,0.4045430566139978,0.8866036671937716,0.948975428546292,1.0613783184782588,1.0890635745478159,0.100230691614457,0.23856729727395826,0.08199999999999996
0.919,0.9874868324028231,0.10891801031982028,0.3655666640033846,0.39742098005809745,0.9234963404152818,1.0745232126254876,0.15448355058243107,0.9823871748986535,0.9911426952849256,0.35435629682482295,0.37692470794244903,0.3908454090195867,0.40392625298422014,0.886296194969262,0.9494048899620817,1.0604749697238616,1.0880097099755917,0.09922345502918953,0.23948544931846322,0.08099999999999996
0.92,0.9876634245116284,0.10842480541879831,0.365355929232752,0.39683168478638337,0.9236227456391046,1.0735472005561177,0.15420719360464555,0.9825637670074587,0.9913192873937309,0.35415169139900665,0.3767079866146575,0.39028488298610237,0.4033092235031952,0.8859820894979324,0.9498446813242722,1.059573857732668,1.086957863235587,0.09818983167959679,0.24042957136929943,0.07999999999999996
0.921,0.9878400166204337,0.10793160051777637,0.36514551249694166,0.3962423895146694,0.9237523869292655,1.0725733079483537,0.15392384024767417,0.9828038798410357,0.9914312142715245,0.3539465486934206,0.37649238168003785,0.38974675838510514,0.4026693930849435,0.8860603786390994,0.9498505769908038,1.0587401210327414,1.0858408495774634,0.09831951569597823,0.24001878063656146,0.07899999999999996
0.922,0.988016608729239,0.1074383956167544,0.36493541307654254,0.3956530942429553,0.9238853901655749,1.071601527905899,0.15363322142001262,0.982980471949841,0.9916078063803297,0.35374206787720824,0.3762768373874559,0.3891866937076011,0.40205190224793824,0.8857355577108603,0.9503074445421953,1.0578434346688221,1.0847930544033093,0.09724789888190244,0.24099588559944912,0.07799999999999996
0.923,0.9881932008380444,0.10694519071573244,0.3647256302543126,0.39506379897124133,0.9240218878424137,1.070631853562345,0.15333505405137143,0.9831570640586463,0.9917843984891351,0.3535378992514364,0.37606161348334144,0.3886268657668735,0.4014341746741569,0.8854035347668237,0.9507756929344858,1.0569489813998523,1.083747239158397,0.09614722292361587,0.2420015663482888,0.07699999999999996
0.924,0.9883697929468497,0.10645198581471049,0.36451616331516906,0.39447450369952725,0.9241620195089796,1.0696642780810062,0.15302904017303062,0.9833336561674516,0.9919609905979404,0.3533340421021113,0.3758467092535719,0.3880672787743762,0.4008162061521449,0.8850640809270875,0.9512557489682967,1.0560567604910218,1.0827033908346577,0.09501630303385564,0.24303705659365799,0.07599999999999996
0.925,0.9885463850556551,0.10595878091368853,0.3643070115461816,0.39388520842781327,0.9243059322451798,1.0686987946547621,0.15271486592459924,0.9835747877227847,0.9920718987539778,0.3531305736643224,0.37563193014496005,0.387530466482082,0.40017506342519005,0.8851401322361203,0.9512739677576387,1.0552328341042192,1.0815934225531092,0.09513091579136285,0.24261516349519507,0.07499999999999996
0.926,0.9887229771644603,0.10546557601266657,0.36409817423656327,0.39329591315609913,0.9244537811765613,1.0677353965058967,0.1523922004802658,0.9838169855783102,0.9921817406098227,0.35292754281612015,0.37541733353407036,0.38699427701208405,0.3995332978759387,0.8852271807133798,0.951283563751038,1.0544121959255375,1.0804843395203274,0.09526584492447036,0.24216005678140817,0.07399999999999995
0.927,0.9888995692732656,0.10497237111164462,0.3638896506776632,0.3927066178843851,0.9246057300320898,1.066774076885939,0.15206069488677254,0.9840603011778467,0.9922904647216565,0.35272475325675956,0.37520312699017366,0.38645873220711363,0.39889088766166003,0.885326207921928,0.9512836954213465,1.053594897764291,1.079376075996395,0.09542272617486192,0.2416692559025267,0.07299999999999995
0.928,0.989076161382071,0.10447916621062266,0.36368144016295795,0.39211732261267107,0.9247619517489761,1.0658148290755074,0.1517199808045696,0.9842368932866521,0.9924670568304619,0.352522129794576,0.3749894997376316,0.38590015600567434,0.39827190834859016,0.8849652471585642,0.9517989761405569,1.0527114726566167,1.0783401231354022,0.0942218796163619,0.24275777005272725,0.07199999999999995
0.929,0.9892527534908763,0.1039859613096007,0.36347354198804394,0.39152802734095704,0.9249226291292549,1.064857646384151,0.15136966914258787,0.9844134853954574,0.9926436489392672,0.3523198142830935,0.37477618860869055,0.3853418440725123,0.397652664767243,0.8845956267302242,0.952328213495884,1.0518302805233097,1.0773060687916993,0.09298577156985105,0.24388086806020276,0.07099999999999995
0.93,0.9894293455996817,0.10349275640857875,0.3632659554506293,0.390938732069243,0.9250879555533621,1.0639025221501952,0.15100934857597648,0.9845900775042628,0.9928202410480725,0.35211780602121495,0.3745631929018653,0.3847838015453714,0.39703315177987475,0.8842170492541934,0.9528719774255012,1.0509513220859605,1.0762738988432137,0.09171284293583895,0.2450401731789161,0.06999999999999995
0.931,0.9896059377084869,0.10299955150755678,0.3630586798505261,0.390349436797529,0.9252581357565506,1.0629494497405874,0.15063858393497218,0.984766669613068,0.9929968331568778,0.3519161042851039,0.37435051193921354,0.3842260353329717,0.3964133624777654,0.8838291212617129,0.9534309298891078,1.0500745994283796,1.075243597866643,0.09040127551660587,0.24623769760838427,0.06899999999999995
0.932,0.9897825298172922,0.10250634660653482,0.3628517144896424,0.3897601415258149,0.9254333866747206,1.0619984225507426,0.1502569144515854,0.9849432617218733,0.9931734252656831,0.35171470839525487,0.3741381450084387,0.3836685499133389,0.3957932923828889,0.8834315693376159,0.9540056693168988,1.049200113198969,1.0742151519180383,0.08904941544080497,0.24747510756412713,0.06799999999999995
0.933,0.9899591219260976,0.10201314170551287,0.36264505867197466,0.3891708462541009,0.9256139383669927,1.061049434004392,0.14986385184928988,0.9851198538306787,0.9933500173744885,0.3515136176644624,0.3739260914077513,0.38311135052784806,0.3951729362538707,0.8830240792043224,0.9545968492401579,1.0483278646883432,1.073188546468841,0.08765545040915117,0.24875427501904923,0.06699999999999995
0.934,0.9901357140349029,0.10151993680449091,0.36243871170359915,0.38858155098238684,0.9258000350232811,1.0601024775534291,0.14945887825904772,0.9854334740573706,0.9933872923529264,0.35131309116460646,0.37371385243902316,0.3826022745411263,0.39450365771660334,0.8836182276087041,0.9540621137442377,1.0475976680518804,1.0720199848388088,0.08929009807527799,0.2464533594348411,0.06599999999999995
0.935,0.9903123061437082,0.10102673190346896,0.36223267289266536,0.38799225571067286,0.9259919360661533,1.0591575466777627,0.14904144394295024,0.985610066166176,0.9935638844617318,0.3511126053385574,0.37350242693170144,0.38204566521646466,0.39388271152675586,0.8831985842126298,0.954674097521434,1.046729810384865,1.070997126991334,0.08786075221477771,0.24775314889457684,0.06499999999999995
0.936,0.9904888982525135,0.100533527002447,0.3620269415493872,0.3874029604389588,0.9261899173574135,1.058214634885164,0.14861096480447644,0.9857866582749812,0.9937404765705371,0.3509124226075989,0.37329131267316096,0.3814893603730557,0.3932614608556556,0.8827679423004019,0.9553044563512496,1.0458641977923315,1.0699760629664894,0.0863848706415056,0.24909888304055378,0.06399999999999995
0.937,0.9906654903613188,0.10004032210142504,0.36182151698603604,0.38681366516724475,0.9263942725212337,1.0572737357111193,0.14816681966160664,0.9860336816927019,0.9938454928641868,0.350712563495153,0.3730803759309975,0.3809579538385636,0.3926149123708986,0.8828712054472387,0.9553373681071601,1.0450726379264579,1.0688829897936551,0.086508763508417,0.24853979676362947,0.06299999999999994
0.938,0.9908420824701242,0.09954711720040314,0.3616163985169326,0.3862243698955308,0.926605314397159,1.0563348427186825,0.14770834725606158,0.9862102738015073,0.9940220849729922,0.3505130876725879,0.37286977248018355,0.3804022805482948,0.3919930301466584,0.8824221298622275,0.9559990422850978,1.0442114802728741,1.0678655207568086,0.08496333577823392,0.24994616333991682,0.062000000000000055
0.939,0.9910186745789294,0.09905391229938118,0.3614115854584396,0.38563507462381674,0.9268233766381144,1.0553979494983274,0.14723484296836958,0.9863868659103125,0.9941986770817974,0.3503138084313966,0.37265958962093554,0.3798469325208633,0.3913708226595807,0.8819607821065268,0.9566815654177034,1.0433525783262818,1.0668497960421572,0.08336512768041135,0.2514047765047337,0.061000000000000054
0.94,0.9911952666877348,0.09856070739835922,0.3612070771289538,0.3850457793521027,0.927048815470597,1.0544630496678031,0.14674555520441931,0.9867085172002328,0.9942279209970075,0.350113822314148,0.3724505316780749,0.3793425519979001,0.3906968486585549,0.8826677568195432,0.9560492695015195,1.0426436991166534,1.0656840744677336,0.08526348324014488,0.24868903335410136,0.06000000000000005
0.941,0.9913718587965401,0.09806750249733727,0.36100287284889904,0.3844564840803887,0.9272820116365549,1.0535301368719874,0.14623968141457433,0.9869599037076583,0.9943285742009523,0.3499165109369378,0.3722394332750832,0.3788139851191721,0.3900474605180339,0.882820779237023,0.9560514042221275,1.0418654503573928,1.0645936780975866,0.0854662255606056,0.2479696179730243,0.05900000000000005
0.942,0.9915484509053454,0.09757429759631531,0.3607989719407181,0.38386718880867454,0.9275233725392494,1.0525992047827446,0.1457163637009416,0.9871364958164636,0.9945051663097576,0.34971812583183876,0.3720301790929857,0.378259659216801,0.3894242309058956,0.8823373247349157,0.9567736027766044,1.0410131981112887,1.063583261984428,0.08380155302875082,0.249463426264112,0.05800000000000005
0.943,0.9917250430141508,0.09708109269529334,0.36059537372886563,0.3832778935369606,0.9277733346185207,1.0516702470987813,0.14517468396226715,0.9873895177425286,0.9946041840950631,0.34952015704668116,0.3718209953932982,0.3777323714719097,0.388773563631538,0.8825059072555986,0.956771713441,1.040241072116464,1.062494665371559,0.08402153269420531,0.24868665345266483,0.05700000000000005
0.944,0.991901635122956,0.0965878877942714,0.36039207753980024,0.3826885982652465,0.9280323659845945,1.0507432575455042,0.14461365851864205,0.9875661098513339,0.9947807762038684,0.34932236630564656,0.37161235521353864,0.3771787708363436,0.3881496087525947,0.882000224223324,0.9575330899760575,1.0393933303557987,1.0614876364543913,0.08227187532358946,0.2502518180128349,0.05600000000000005
0.945,0.9920782272317614,0.09609468289324943,0.36018908270197775,0.38209930299353245,0.9283009693438808,1.04981822987488,0.1440322321497922,0.9877427019601392,0.9949573683126738,0.34912487257475844,0.37140402015189283,0.37662554532020465,0.3875252787542246,0.8814791480275576,0.9583212482828926,1.0385478787345728,1.060482241200942,0.080456147419863,0.2518816246000152,0.05500000000000005
0.946,0.9922548193405667,0.09560147799222747,0.35998638854584314,0.3815100077218184,0.9285796852552138,1.0488951578652925,0.14342927147098697,0.9879192940689445,0.9951339604214791,0.3489276751859232,0.3711959895392269,0.3760727045278533,0.38690056403206674,0.8809420137072522,0.959137616157964,1.037704724715146,1.059478459591622,0.07857057256081948,0.25358002823885145,0.05400000000000005
0.947,0.9924314114493721,0.09510827309120552,0.35978399440382347,0.3809207124501044,0.9288690957609443,1.0479740353214066,0.14280355755901722,0.988174058478023,0.9952312357237711,0.3487308855048308,0.37098803307151756,0.37554754555771624,0.3862477679829548,0.8811110631251133,0.9591637264981479,1.0369433506828385,1.0583948183968648,0.0787560356995634,0.2527636962360958,0.05300000000000005
0.948,0.9926080035581774,0.09461506819018356,0.35958189961032055,0.38033141717839036,0.9291698284441765,1.0470548560740267,0.14215377772735846,0.9883506505868282,0.9954078278325764,0.3485342771751436,0.3707806110702824,0.37499550581367463,0.38562225221248725,0.8805473963003293,0.9600282201185187,1.0361047664215353,1.0573942648365078,0.076765649520091,0.25455087612105887,0.052000000000000046
0.949,0.9927845956669826,0.09412186328916161,0.3593801035017037,0.37974212190667633,0.9294825609716962,1.0461376139799607,0.14147851633367384,0.9885272426956335,0.9955844199413817,0.3483379631773481,0.37057349153735886,0.3744438845523731,0.3849963179592797,0.8799653371727254,0.9609255954227462,1.0352685086893545,1.0563952586666356,0.07469394589473359,0.25641839331937355,0.051000000000000045
0.95,0.992961187775788,0.09362865838813965,0.35917860541630237,0.3791528266349623,0.9298080261917755,1.0452223029218821,0.14077624448423962,0.9887038348044389,0.9957610120501871,0.3481419428728937,0.3703666737926442,0.37389269131301367,0.3843699556841299,0.8793641963360698,0.961857641646869,1.0344345859904256,1.055397779018383,0.07253618133808609,0.2583710440522379,0.050000000000000044
0.951,0.9931377798845933,0.09313545348711769,0.35897740469439887,0.3785635313632483,0.9301470178675774,1.044308916808195,0.14004530847768792,0.9889955698374682,0.9958208268798573,0.34794583697804493,0.37016040465807915,0.37338213035479995,0.38370239063506595,0.8798830532837799,0.9615223460829915,1.0337198773520264,1.0542821364140318,0.07370599325805315,0.256256037583756,0.049000000000000044
0.952,0.9933143719933987,0.09264224858609574,0.35877650067822137,0.37797423609153424,0.9305003971405881,1.0433974495728977,0.13928391680419425,0.9892190829983242,0.9959498432790427,0.3477509903005846,0.36995349727001625,0.37284820855921685,0.3830585283994286,0.8797294146869444,0.9619648711499149,1.0329382055457739,1.053238986526202,0.07285439743371554,0.2565663893813024,0.04800000000000004
0.953,0.9934909641022039,0.09214904368507378,0.3585758927119365,0.3773849408198202,0.9308690998348466,1.0424878951754502,0.13849012548502235,0.9893956751071294,0.996126435387848,0.34755584393598166,0.36974758431105414,0.37229837465045285,0.3824308067936836,0.8790839631200945,0.9629811199963858,1.032111253981542,1.0522460738529138,0.07052445772465103,0.2586522729822727,0.04700000000000004
0.954,0.9936675562110092,0.09165583878405181,0.35837558014164245,0.37679564554810613,0.9312541447324361,1.0415802476006386,0.1376618214997995,0.9896490359080303,0.9962252150148666,0.3473605743668444,0.3695423130731663,0.3717758201118551,0.3817754414694491,0.87922920539832,0.9631102579182149,1.031364555755999,1.0511749282479297,0.07049844214100613,0.2578904775934235,0.04600000000000004
0.955,0.9938441483198146,0.09116263388302986,0.3581755623153616,0.37620635027639204,0.9316566429743028,1.0406745008584446,0.13679670400411983,0.9898330355222134,0.9963942989017451,0.347166524569266,0.36933643768319324,0.37122955137086944,0.3811441195395084,0.8786257057537464,0.964106800197245,1.0305498555774153,1.0501772185093015,0.06824936665052786,0.25981953048385764,0.04500000000000004
0.956,0.9940207404286199,0.0906694289820079,0.35797583858303367,0.375617055004678,0.9320778087690823,1.039770648983912,0.1358922629859118,0.9900096276310186,0.9965708910105504,0.34697224787460657,0.36913142193609505,0.37068120812635746,0.3805149072695112,0.8779187254358577,0.9652406409733953,1.0297300598912298,1.049188566032485,0.06565221492702945,0.26214688777314343,0.04400000000000004
0.957,0.9941973325374253,0.09017622408098594,0.3577764082965085,0.375027759732964,0.9325189716273083,1.038868686037017,0.13494575494359848,0.990186219739824,0.9967474831193558,0.34677850277139344,0.3689264441892107,0.37013339264254563,0.37988516723881394,0.8771852883220894,0.966425598938967,1.0289127007673344,1.0482012534978706,0.06292989085423102,0.2645982053659953,0.04300000000000004
0.958,0.9943739246462305,0.08968301917996399,0.3575772708095394,0.37443846446124995,0.9329815903806359,1.037968606102537,0.13395417508974908,0.9904493053052722,0.9968364372652779,0.34658465786636666,0.3687220683607276,0.3696163141140734,0.37922429074803704,0.8774076919015783,0.9665245096926725,1.028185366036405,1.0471257445584967,0.06305267541023071,0.2634971999885236,0.04200000000000004
0.959,0.9945505167550358,0.08918981427894203,0.3573784254777755,0.3738491691895359,0.9334672692975278,1.0370704032899227,0.1329142254869314,0.9907149031185393,0.996922879163381,0.346390762234621,0.36851835057029436,0.3691006763763971,0.3785619734664642,0.877678677034473,0.9665900796090621,1.0274630026754696,1.0460490162170675,0.06325144501189585,0.2622458915833995,0.041000000000000036
0.96,0.9947271088638412,0.08869660937792007,0.35717987165875553,0.3732598739178219,0.9339777766704869,1.036174071733168,0.1318222784039701,0.9909832373410186,0.9970065846522722,0.346198308029308,0.3683136939210761,0.3685865804802149,0.37789811434339726,0.8780055069978107,0.9666164713736312,1.0267458626049928,1.0449708035136571,0.06353683251623096,0.260825812145588,0.040000000000000036
0.961,0.9949037009726465,0.08820340447689812,0.35698160871190043,0.37267057864610786,0.9345150663286629,1.0352796055906832,0.1306743340347059,0.9911598294498238,0.9971831767610775,0.3460058961290585,0.36810970255692754,0.36804106689795896,0.3772660724111442,0.8771927206615728,0.967966076766519,1.0259382920991706,1.0439887357666837,0.06049429323309646,0.26350020088669923,0.039000000000000035
0.962,0.9950802930814517,0.08771019957587615,0.35678363599850654,0.3720812833743938,0.9350813026274667,1.0343869990451682,0.1294659715407436,0.9914311599242993,0.9972638859979723,0.3458130015828008,0.36790671765326033,0.3675292500180812,0.37659993427177274,0.8775679891486202,0.9679844699670747,1.0252291494165615,1.0429099853926773,0.06081703558799824,0.26190950615547043,0.038000000000000034
0.963,0.9952568851902571,0.08721699467485419,0.35658595288173905,0.37149198810267975,0.9356788895889517,1.0334962463034862,0.12819229215521277,0.9916077520331047,0.9974404781067777,0.3456207291028063,0.36770377543052646,0.36698501424510127,0.37596661453024355,0.8767024870561626,0.9694459996095998,1.024426647999667,1.0419302881111545,0.05753877961920316,0.26477304432476295,0.03700000000000003
0.964,0.9954334772990624,0.08672378977383224,0.35638855872662467,0.3709026928309657,0.9363105050202299,1.0326073415965378,0.1268478528038222,0.9918823827883333,0.9975178870629194,0.34542883067738145,0.3675009208519616,0.366475676195402,0.37529799756069376,0.877136568249927,0.9694534704412828,1.0237259180406257,1.0408505377256811,0.05790689768666615,0.2629786661134271,0.03600000000000003
0.965,0.9956100694078678,0.08623058487281028,0.3561914529000452,0.3703133975592517,0.936979140631137,1.0317202791791376,0.1254265883466347,0.9921606733430067,0.9975916362196166,0.3452366225798126,0.3672989936451799,0.3659683187507852,0.3746273999860613,0.8776617982254727,0.9693964854452971,1.023031478704688,1.039768173531349,0.05841025442689625,0.2609185592942409,0.03500000000000003
0.966,0.995786661516673,0.08573737997178832,0.3559946347707306,0.36972410228753766,0.9376881494189616,1.0308350533298893,0.12392172009785121,0.992337265451812,0.9977682283284218,0.34504579026971915,0.3670962984253881,0.36542619919521363,0.37399196402712376,0.8767182570756741,0.9710360052105306,1.022236788097403,1.038791748217225,0.05478377020149332,0.26401617354691903,0.03400000000000003
0.967,0.9959632536254783,0.08524417507076637,0.35579810370925247,0.36913480701582363,0.9384413019038806,1.0299516583510635,0.12232564771277782,0.9926196461341206,0.9978378873574836,0.3448545406630702,0.36689453380849263,0.3649217707774207,0.37331843742566767,0.8773332846631944,0.9709520175093703,1.0215517675964887,1.0377073065820417,0.05536584231277769,0.26166195693581545,0.03300000000000003
0.968,0.9961398457342837,0.08475097016974441,0.35560185908801684,0.36854551174410954,0.939242853205722,1.029070088568475,0.12062982080363385,0.992796238242926,0.998014479466289,0.34466387536670035,0.3666928452932132,0.3643812125789184,0.37268144010966076,0.8763234991361412,0.9727464239836021,1.0207624933721682,1.0367327910744235,0.051422087216756576,0.26499611686705393,0.03200000000000003
0.969,0.996316437843089,0.08425776526872245,0.3554059002812581,0.3679562164723955,0.9400976234814069,1.0281903383313613,0.11882458570680678,0.9929728303517312,0.9981910715750942,0.34447329688007994,0.3664916547337279,0.3638414875217852,0.3720436096522848,0.8752620196019826,0.9746550964608564,1.0199760300914904,1.035759100644977,0.047216916476314985,0.26857977416767465,0.031000000000000028
0.97,0.9964930299518944,0.0837645603677005,0.35521022666503205,0.3673669212006815,0.9410110949344845,1.0273124020122624,0.11689900160352086,0.993278328835768,0.9982374296814295,0.34428350044357753,0.36629008990815065,0.363347630980149,0.37135944725391357,0.876285534443364,0.9742451582726643,1.019322602884907,1.0346536790700132,0.048634795744206094,0.2647858350795552,0.030000000000000027
0.971,0.9966521179348525,0.08296055947180984,0.3550108161165709,0.3667715158869264,0.9417024071886083,1.026418247100775,0.11544420914301601,0.9935345696769103,0.9982984034209618,0.34408912149506493,0.36608572755273644,0.36283749513941677,0.37067947191207296,0.8765535637072847,0.9741443402628094,1.0186219193439898,1.0335637162273512,0.04920547905410751,0.26330783586632767,0.029000000000000026
0.972,0.9968075189906013,0.08209109502634804,0.3548108461653667,0.36617482360343356,0.9423815144952459,1.0255221388792195,0.11401717890709735,0.9936899707326591,0.9984538044767105,0.3438945159973264,0.3658805402965038,0.3622931268519262,0.3700314906614967,0.8750168874842416,0.9759597008022125,1.0178222938230541,1.0325705049761709,0.04524780142434512,0.2679862523907849,0.028000000000000025
0.973,0.9969629200463499,0.08122163058088622,0.3546111636000589,0.36557813131994066,0.9431120178846605,1.0246278726067317,0.11248444272778144,0.9938453717884077,0.9986092055324591,0.3437001936375829,0.36567564414970727,0.3617497691899353,0.3693824987854208,0.8733837051115427,0.977907074457517,1.0170257611552462,1.0315778808703584,0.04098841689545635,0.2730599376298536,0.027000000000000024
0.974,0.9971183211020986,0.08035216613542441,0.3544117678015694,0.3649814390364478,0.943899981452054,1.0237354426099576,0.11083380376543694,0.9940007728441564,0.9987646065882079,0.3435061537985943,0.36547103849312335,0.36120747665564573,0.36873244178164355,0.8716452725335404,0.9800013179720373,1.0162323951228727,1.0305857583879765,0.03639174987470814,0.27857942271177,0.026000000000000023
0.975,0.9972737221578473,0.07948270168996259,0.354212658152597,0.3643847467529549,0.9447524623312237,1.0228448432388177,0.10905111368610933,0.9942779002590912,0.9987971367785301,0.34331264846525017,0.36526634299238026,0.36070879912128406,0.3680383702731984,0.8721833146976906,0.9794918647666282,1.015564974522902,1.029469358216455,0.03802712044338616,0.27581756818987685,0.025000000000000022
0.976,0.997429123213596,0.07861323724450077,0.35401383403761094,0.36378805446946205,0.9456777226429882,1.0219560688663893,0.10711986610016645,0.9945621407671261,0.9988225538757525,0.3431190670796326,0.365062319608836,0.36021379498044914,0.3673406253712267,0.8729553326287371,0.9787586957157131,1.0149079961010528,1.028346146038745,0.04010219431749247,0.2723564244417715,0.02400000000000002
0.977,0.9975845242693446,0.07774377279903896,0.3538152948428445,0.3631913621859692,0.9466854981485843,1.0210691138887869,0.10502068394153773,0.9947175418228748,0.9989779549315011,0.34292586808492986,0.3648585849239642,0.3596750832061814,0.3666869876074275,0.8709533245027522,0.9811792257864599,1.0141244993750742,1.0273551410108563,0.03490203929651191,0.27858680901275584,0.02300000000000002
0.978,0.9977399253250934,0.07687430835357714,0.35361703995628896,0.36259466990247635,0.9477873421335989,1.0201839727250444,0.10273066704121042,0.9948729428786235,0.9991333559872498,0.3427329491434915,0.36465513828340446,0.35913772284205153,0.36603199843349066,0.8687980919668766,0.9838179066350048,1.01334456670366,1.026364194112491,0.02921557469918583,0.28547260359391124,0.02200000000000002
0.979,0.997895326380842,0.07600484390811532,0.35341906876768686,0.36199797761898345,0.9489970703033588,1.019300639816999,0.10022255329323819,0.9951656821134024,0.999150274357728,0.3425403798833034,0.36445179482075685,0.35864973617802326,0.365327236054712,0.8697212974728316,0.982964636886375,1.0127065965366455,1.0252328768026142,0.03162802808594285,0.28127585590630944,0.02100000000000002
0.98,0.9980507274365907,0.07513537946265351,0.3532213806685264,0.3614012853354906,0.9503313430877246,1.0184191096291741,0.0974636281704632,0.9953210831691511,0.9993056754134767,0.34234801776992957,0.3642489239833987,0.3581153440327408,0.3646692786619277,0.867294371495988,0.9859673698770873,1.0119340807384516,1.0242417525615999,0.025227667850288377,0.28905287902099186,0.020000000000000018
0.981,0.9982061284923394,0.0742659150171917,0.35302397505203453,0.36080459305199764,0.9518104375555542,1.017539376648664,0.09441428987687561,0.9956242269924408,0.9993121891954441,0.3421560016699507,0.3640461577879005,0.35763417023154376,0.3639577034203178,0.8685506924131828,0.9848240901577231,1.0113142265954815,1.0230995132076028,0.028258602878928396,0.28368403444850165,0.019000000000000017
0.982,0.9983615295480881,0.07339645057172989,0.35282685131317115,0.3602079007685048,0.9534592851030225,1.0166614353850185,0.09102613621732769,0.9957796280481895,0.9994675902511928,0.34196419397899463,0.3638438603115761,0.35710319909347904,0.3632963250203158,0.8657939023269272,0.9882792215059254,1.0105497691741845,1.0221075279781906,0.02098573518750131,0.2925413672074053,0.018000000000000016
0.983,0.9984974673067373,0.07224766419907763,0.3526255590967352,0.3596044145688476,0.954748917512958,1.015765480474809,0.08838427607427791,0.9960764624392259,0.9994675902511928,0.34176827888848416,0.36363721919406117,0.3566235230837412,0.3625696641549181,0.8670013774845523,0.9861401626573426,1.0099317266627579,1.020931020305423,0.026052563889364874,0.2865958193255784,0.017000000000000015
0.984,0.9986040280306793,0.0706772817367366,0.352417837421531,0.3589906739343978,0.9553045464310355,1.0148414919010968,0.08724824808254558,0.9961830231631679,0.9995480475951564,0.34156586331368594,0.363424332794364,0.35607952569820767,0.36188721530047113,0.8623022738126093,0.9886352687859031,1.009126573545275,1.0198876584554781,0.02081754942167395,0.2999102824961192,0.016000000000000014
0.985,0.9987105887546212,0.06910689927439556,0.35221040457694464,0.35837693329994796,0.955935041523038,1.013919379446316,0.08596074969192302,0.9962895838871098,0.9996546083190982,0.3413637323615669,0.36321173892865205,0.355537809298442,0.3612024854602559,0.8570470899092472,0.9914560451078375,1.008326427018136,1.0188430336459364,0.0148656181151567,0.31522922255887886,0.015000000000000013
0.986,0.9988171494785631,0.06753651681205454,0.3520032599609798,0.35776319266549816,0.9566566271881155,1.0129991374021938,0.08448932295977502,0.9963961446110517,0.9997611690430402,0.3411618854321069,0.36299943699457116,0.35499859873384776,0.36051524978486943,0.8511359332298414,0.994670219982955,1.0075316158243208,1.017796804576249,0.008040043204658134,0.33302700246972206,0.014000000000000012
0.987,0.998923710202505,0.0659661343497135,0.35179640297331144,0.35714945203104836,0.9574905808737227,1.0120807600835917,0.08279152288422816,0.9965027053349936,0.9998677297669821,0.3409603219269716,0.36278742639141837,0.35446215894864513,0.35982524333009136,0.8444447529523263,0.9983656064631276,1.006742529021474,1.0167485694738463,0.0001351392373001442,0.3539369815970193,0.013000000000000012
0.988,0.999030270926447,0.06439575188737247,0.35158983301528063,0.35653571139659856,0.9584653663775163,1.0111642418283877,0.08081075612941424,0.9966206761126413,0.9999628071888191,0.340759547837387,0.3625751559412651,0.35393278859510174,0.35912814187535075,0.837256537722353,1.0,1.0059710796982428,1.0156862762769698,-0.007897691378936908,0.3769569332682677,0.01200000000000001
0.989,0.9991368316503889,0.06282536942503143,0.3513835494898889,0.3559219707621487,0.9596199475889426,1.0102495769973598,0.07846984996464426,0.9968941088720286,0.9999628071888191,0.34055809975582013,0.36236410680814823,0.3534611706922793,0.3583729396017558,0.835066142441056,0.9985793340666717,1.005362297512302,1.0144633309190516,0.0005834007920345191,0.37700997013832305,0.01100000000000001
0.99,0.9992393349933844,0.06081922671576217,0.3511766266186009,0.3553068138462818,0.9608082245143323,1.009332661609479,0.07606650066156455,0.9971994343102547,0.9999628071888191,0.340356351397433,0.36215204678513413,0.35300463978673796,0.35759979219974236,0.83421202731749,0.992068305884325,1.0047928643875046,1.0131963537348283,0.014835308633478872,0.37100066585946456,0.010000000000000009
0.991,0.9993186887239794,0.05632682970874203,0.35096471291576714,0.3546835762581074,0.9609890699377129,1.0083942368556806,0.075701252891173,0.9972787880408498,0.9999628071888191,0.34014987233595334,0.36193482468812815,0.35247376418052206,0.3568852276585283,0.8212177578622667,0.9956795198484926,1.00400489934485,1.012106952895213,0.007395196338650045,0.40974838632718535,0.009000000000000008
0.992,0.9993980424545745,0.051834432701721896,0.35075308840440284,0.3540603386699331,0.9612152224744955,1.0074577040872728,0.07524469317818354,0.9973581417714449,0.9999628071888191,0.3399435173648628,0.3617180681828165,0.3519481753421635,0.35616537634945716,0.8054391997012621,1.0,1.0032264664958497,1.0110117858036154,-0.0019519989641231666,0.4595960715133745,0.008000000000000007
0.993,0.9994773961851696,0.04734203569470176,0.35054175249293695,0.3534371010817587,0.9615061464742187,1.0065230575882875,0.07465768783291139,0.99743749550204,1.0,0.3397374468085612,0.3615016039706805,0.3514288632606895,0.35543924828350115,0.7859380908116145,1.0,1.0024590524730073,1.0099093504930925,-0.014038512643711573,0.5258937842989416,0.007000000000000006
0.994,0.9995567499157647,0.042849638687681615,0.35033070459141086,0.3528138634935843,0.9618943191901816,1.0055902916657593,0.07387501403921519,0.9975168492326351,1.0,0.339531660079161,0.36128543146126213,0.3509171743020878,0.354705497094673,0.7613390209232537,1.0,1.0017046848924505,1.0087976026483934,-0.0302581584968126,0.6179616597153859,0.006000000000000005
0.995,0.9996361036463598,0.03835724168066148,0.3501199441114727,0.3521906259054099,0.9624382878374016,1.004659400649608,0.07277927072804051,0.9975962029632301,1.0,0.33932615656526444,0.36106955008789254,0.3504150960367377,0.35396213521259334,0.729518183304102,1.0,1.0009663631969763,1.0076735236502443,-0.05319679425470229,0.753960362485365,0.0050000000000000044
0.996,0.9997154573769549,0.03386484467364134,0.34990947046637205,0.35156738831723555,0.9632553953780599,1.003730378892525,0.07113565576127849,0.9976755566938252,1.0,0.33912093570163376,0.3608539592461501,0.34992551761560003,0.3532062734863012,0.6873505446283814,1.0,1.0002484634693949,1.006532714675054,-0.08800736878614619,0.9724672123639361,0.0040000000000000036
0.997,0.99979481110755,0.029372447666621206,0.34969928307095466,0.3509441507290612,0.9646203288575055,1.0028032207698596,0.0683962974833418,0.9977549104244203,1.0,0.33891599691097285,0.360638658345249,0.3494532283954305,0.3524331225590408,0.6304000057994624,1.0,0.999558255471428,1.0053678757256217,-0.14689442405563305,1.3729290977023498,0.0030000000000000027
0.998,0.9998741648381451,0.02488005065960107,0.34948938134165664,0.3503209131408868,0.9673618334669217,1.001877920679504,0.06291758092746841,0.9980756822774701,1.0,0.3387113845737558,0.3604234896720647,0.34909152945003674,0.3515489818522648,0.5395964086125751,1.0,0.9991507986627516,1.0039224195881973,-0.11232014131595433,1.9087751921122198,0.0020000000000000018
0.999,0.99995351856874,0.020387653652580925,0.3492797646964994,0.3496976755527124,0.9756806494332702,1.0009544730417819,0.04648143125995925,0.9981550360080651,1.0,0.3385070067485261,0.36020876842220423,0.3486934947543438,0.35070157640052785,0.4121594174194675,1.0,0.9985763892346141,1.002649083661974,-0.2983307338801533,4.6114818711299685,0.0010000000000000009
1.0,1.0,0.0035533697990376,0.3490629634623163,0.3490629634623163,,1.0,,0.9985184366720048,1.0,0.33829548279669364,0.35998671169236396,0.3485458045764892,0.3495804779217693,,,0.9985184366720048,1.0007956625560674,,,0.0
